Workbook
Name aa: #REF!
Name aaa: #REF!
Name asd: '[1]Market ( Mar) '!#REF!
Name atr: #REF!
Name b: #REF!
Name bb: #REF!
Name Beg_Bal: #REF!
Name Cash_Cr: #REF!
Name Cash_Dr: #REF!
Name cc: #REF!
Name ccc: #REF!
Name cr: #REF!
Name crs: #REF!
Name Data: #REF!
Name dd: #REF!
Name ddd: #REF!
Name dr: #REF!
Name drs: #REF!
Name End_Bal: #REF!
Name Extra_Pay: #REF!
Name fgf: #REF!
Name fgjhj: #REF!
Name Full_Print: #REF!
Name Header_Row: ROW(#REF!)
Name hjj: #REF!
Name hjkjk: #REF!
Name hmjhj: #REF!
Name Int: #REF!
Name Interest_Rate: #REF!
Name jbkjkl: #REF!
Name kdt: #REF!
Name Last_Row: IF(Values_Entered,Header_Row+Number_of_Payments,Header_Row)
Name Loan_Amount: #REF!
Name Loan_Start: #REF!
Name Loan_Years: #REF!
Name LSO: #REF!
Name lsoq: #REF!
Name mms: #REF!
Name neew: #REF!
Name New: #REF!
Name Num_Pmt_Per_Year: #REF!
Name Number_of_Payments: MATCH(0.01,End_Bal,-1)+1
Name Opening_Cr: #REF!
Name Opening_Dr: #REF!
Name Pay_Date: #REF!
Name Pay_Num: #REF!
Name Payment_Date: DATE(YEAR([0]!Loan_Start),MONTH([0]!Loan_Start)+Payment_Number,DAY([0]!Loan_Start))
Name Payment_Date: DATE(YEAR(Loan_Start),MONTH(Loan_Start)+Payment_Number,DAY(Loan_Start))
Name Princ: #REF!
Name Print_Area_Reset: OFFSET(Full_Print,0,0,Last_Row)
Name s: #REF!
Name Sched_Pay: #REF!
Name Scheduled_Extra_Payments: #REF!
Name Scheduled_Interest_Rate: #REF!
Name Scheduled_Monthly_Payment: #REF!
Name smm: #REF!
Name smmm: '[1]Market ( Mar) '!#REF!
Name tdk: #REF!
Name Total_Interest: #REF!
Name Total_Pay: #REF!

Sheet Table
A1: Stock ID | B1: Particular | C1: ml | D1: Qty | E1: Column1 | F1: Sales Price | H1: No | I1: ကုန်သည် | J1: လိပ်စာ | K1: Township | L1: Sales | N1: Particular | P1: Car No. | R1: PG Name | T1: Stock ID | U1: Particular | V1: ml | W1: Qty | X1: Column1 | Y1: Sales Price
A2: ZVK-700 | B2: "ဇေ" Vodka 700ml | C2: 0.7 | D2: 12 | E2: BE | F2: 2020 | H2: SC | I2: စံချိန် | J2: ရမည်းသင်း | K2: Yamethin | L2: WholeSales/Contract | N2: ကုန်ရောင်း(လက်ငင်း) | P2: 4R-2966 | R2: နီနီအောင် | T2: 700-Col | U2: Columbus Whisky 700 Ml | V2: 0.7 | W2: 12 | X2: Whisky | Y2: 4000
A3: Zay-640 | B3: ဇေ အရက်သန့် | C3: 0.64 | D3: 14 | E3: BE | F3: 1380 | H3: UWN | I3: ဦးဝင်းနိုင် | J3: လျှော်ပင် | K3: Wandwin | L3: WholeSales/Contract | N3: ကုန်ရောင်း(အကြွေး) | P3: 5H-1758 | R3: အေးသဇင်မြင့် | T3: 350-Col | U3: Columbus Whisky 350 Ml | V3: 0.35 | W3: 24 | X3: Whisky | Y3: 2000
A4: Zay 1000 | B4: ဇေ ကော် 1Ltr | C4: 1 | D4: 12 | E4: BE | F4: 1680 | H4: SM(NST) | I4: ရွှေမြင်း(ငွေစည်တော်) | J4: ဝမ်းတွင်း | K4: Wandwin | L4: WholeSales/Contract | N4: ကုန်ရောင်းပြန်သွင်း | P4: 4F-9227 | R4: မြင်မြတ်မျိုး | T4: 175-Col | U4: Columbus Whisky 175 Ml | V4: 0.175 | W4: 48 | X4: Whisky | Y4: 1100
A5: Zay 600 | B5: ဇေ ကော် .6 Ltr | C5: 0.6 | D5: 12 | E5: BE | F5: 1130 | H5: SM(STMT) | I5: ရွှေမြင်း(ရွှေတမာတန်း) | J5: ဝမ်းတွင်း | K5: Wandwin | L5: WholeSales/Contract | N5: ဈေးဟောင်းလျှော့ | P5: 3R-5803 | R5: မီမီဇော် | T5: 700-SRS | U5: Columbus Super Red Smooth 700 Ml | V5: 0.7 | W5: 12 | X5: Whisky | Y5: 5200
A6: KK 25% 1000 | B6: ကောင်းကြည် ကော် 25% (1Ltr ) | C6: 1 | D6: 12 | E6: BE | F6: 1530 | H6: SM(SNG) | I6: ရွှေမြင်း(ရွှေနဂါး) | J6: ဝမ်းတွင်း | K6: Wandwin | L6: WholeSales/Contract | N6: ကော်မရှင် | P6: 7F-9857 | R6: အေးချမ်းမို့မို့ | T6: 350-SRS | U6: Columbus Super Red Smooth 350 Ml | V6: 0.35 | W6: 24 | X6: Whisky | Y6: 2600
H7: SM(KTT) | I7: ရွှေမြင်း(ကိုထွန်းထွန်း) | J7: သဲတော | K7: Wandwin | L7: WholeSales/Contract | N7: အရက်ဖာကော်မရှင် | P7: 3I-1960 | R7: သိင်္ဂီရွှေ | T7: 175-SRS | U7: Columbus Super Red Smooth 175 Ml | V7: 0.175 | W7: 48 | X7: Whisky | Y7: 1450
A8: KK 25% 600 | B8: ကောင်းကြည် ကော် 25%(.6 Ltr) | C8: 0.6 | D8: 12 | E8: BE | F8: 1090 | H8: SM(KMM) | I8: ရွှေမြင်း(ကိုမျိုးမင်း) | J8: သာစည် | K8: Tharzi | L8: WholeSales/Contract | N8: အကွဲ | P8: 1G-8948 | R8: ဝေဝေနိုင် | T8: 700-FR | U8: Formula Rum 700ml | V8: 0.7 | W8: 12 | X8: Formula | Y8: 3600
H9: SM(TTW) | I9: ရွှေမြင်း(တိုးတက်ဝေ) | J9: သာစည် | K9: Tharzi | L9: WholeSales/Contract | N9: လက်ဆောင် | P9: 6Q-5306 | R9: သက်မွန်မြင့် | T9: 350-FR | U9: Formula Rum 350ml | V9: 0.35 | W9: 24 | X9: Formula | Y9: 2100
A10: SMT | B10: ရွှေမင်းသားခေါင်ရည် | C10: 0.64 | D10: 24 | E10: BE | F10: 800 | H10: SM(MBY) | I10: ရွှေမြင်း(မိဘရိပ်) | J10: သာစည် | K10: Tharzi | L10: WholeSales/Contract | N10: ဖောက်တိုက် | P10: 6Q-2768 | R10: ရင်ရင်သိန်း
H11: MM | I11: မြို့မ | J11: တောင်သာ | K11: Taungthar | L11: WholeSales/Contract | N11: FOC | P11: 7Q-8019 | R11: ခိုင်သဇင်ဝင်း
H12: SM(NL) | I12: ရွှေမြင်း(ကိုဉာဏ်လင်း) | J12: ပျော်ဘွယ် | K12: Pyawbwe | L12: WholeSales/Contract | N12: ကားကွဲ | P12: 6Q-3948
A13: SMT MK | B13: ရွှေမင်းသားမန်ကျည်းခေါင်ရည် | C13: 0.64 | D13: 14 | E13: BE | F13: 830 | H13: SM(KASM) | I13: ရွှေမြင်း(ကိုအောင်စန်းမြင့်) | J13: ပျော်ဘွယ် | K13: Pyawbwe | L13: WholeSales/Contract | N13: ကုန်သည်လက်ဆောင် | P13: 2R-8625
H14: SM(PG) | I14: ရွှေမြင်း(ပေါ်ကြီး) | J14: ပျော်ဘွယ် | K14: Pyawbwe | L14: WholeSales/Contract | N14: စစ်ဆေးရေးဂိတ်လက်ဆောင် | P14: 5D-9867
A15: Z red-700 | B15: ဇေယျဝတီ Red | C15: 0.7 | D15: 12 | E15: BE | F15: 1800 | H15: SM(MTN) | I15: ရွှေမြင်း(မင်းသက်နောင်) | J15: ပျော်ဘွယ် | K15: Pyawbwe | L15: WholeSales/Contract | P15: 3F-2352
A16: Z Red-1000 | B16: ဇေယျဝတီ Red | C16: 1 | D16: 12 | E16: BE | F16: 1680 | H16: SM(MT) | I16: ‌ရွှေမြင်း(မြို့တော်) | J16: ‌ပျော်ဘွယ် | K16: Pyawbwe | L16: WholeSales/Contract
A17: Z red-640 | B17: ဇေယျဝတီ Red | C17: 0.64 | D17: 14 | E17: BE | F17: 1330 | H17: SM(MSS) | I17: ရွှေမြင်း(မိတ်ဆွေစစ်) | J17: ပျော်ဘွယ် | K17: Pyawbwe | L17: WholeSales/Contract
H18: SM(Mka) | I18: ရွှေမြင်း(မေခ) | J18: ‌ပျော်ဘွယ် | K18: Pyawbwe | L18: WholeSales/Contract
A19: Z red-640 Army | B19: ဇေယျဝတီ Red ပု | C19: 0.64 | D19: 14 | E19: BE | F19: 1600 | H19: SM(SS) | I19: ရွှေမြင်း(ရွှေဆု) | J19: ‌ပျော်ဘွယ် | K19: Pyawbwe | L19: WholeSales/Contract
H20: SM(SMM) | I20: ရွှေမြင်း(ရွှေမြင့်မိုရ်) | J20: ပျော်ဘွယ် | K20: Pyawbwe | L20: WholeSales/Contract
A21: Z red-680 Army | B21: ဇေယျဝတီ Red ပု | C21: 0.68 | D21: 12 | E21: BE | F21: 1550 | H21: SM(ST) | I21: ရွှေမြင်း(ရှိုင်းစတား) | J21: ပျော်ဘွယ် | K21: Pyawbwe | L21: WholeSales/Contract
H22: UYM | I22: ဦးရဲမြင့် | J22: ပျော်ဘွယ် | K22: Pyawbwe | L22: WholeSales/Contract
A23: 2 in 1 | B23: 2 in 1 မန်ကျည်း | C23: 0.64 | D23: 14 | E23: BE | F23: 1350 | H23: SM(UMA) | I23: ရွှေမြင်း(ဦးမြင့်အောင်) | J23: ယင်းတော် | K23: Pyawbwe | L23: WholeSales/Contract
H24: KH | I24: ကောင်းဟိန်း | J24: ပခုက္ကူ | K24: Pakkoku | L24: WholeSales/Contract
A25: DGMK | B25: ဒဂုံမန်ကျည်း | C25: 0.64 | D25: 14 | E25: BE | F25: 1280 | H25: UTM | I25: ဦးတင်မောင် | J25: ပခုက္ကူ | K25: Pakkoku | L25: WholeSales/Contract
H26: SM(KMH) | I26: ရွှေမြင်း(မခင်မာဌေး) | J26: ကျွဲတပ်ဆုံ | K26: Meiktila | L26: WholeSales/Contract
A27: KK-640 | B27: ကောင်းကြည် | C27: 0.64 | D27: 14 | E27: BE | F27: 1330 | H27: SM(SLP) | I27: ရွှေမြင်း(ရွှေလွန်းပျံ) | J27: စက်မှုဇုံ | K27: Meiktila | L27: WholeSales/Contract
H28: SM(YMH) | I28: ရွှေမြင်း(ရဲမာန်ဟိန်း) | J28: စက်မှုဇုံ | K28: Meiktila | L28: WholeSales/Contract
A29: L | B29: သံပုရာအရက် | C29: 0.64 | D29: 14 | E29: BE | F29: 1330 | H29: SCT | I29: ‌ရွှေခြင်္သေ့ | J29: မိတ္ထီလာ | K29: Meiktila | L29: WholeSales/Contract
H30: SM | I30: ရွှေမြင်း | J30: မိတ္ထီလာ | K30: Meiktila | L30: WholeSales/Contract
A31: DGNN | B31: ဒဂုံနာနတ် | C31: 0.64 | D31: 24 | E31: BE | F31: 1330 | H31: SM(KCT) | I31: ရွှေမြင်း(ကျော်ချမ်းသာ) | J31: မိတ္ထီလာ | K31: Meiktila | L31: WholeSales/Contract
H32: SM(KMA) | I32: ရွှေမြင်း(ကိုမောင်အေး) | J32: မိတ္ထီလာ | K32: Meiktila | L32: WholeSales/Contract
A33: DGT | B33: ဒဂုံအရက်သန့် | C33: 0.64 | D33: 14 | E33: BE | F33: 1330 | H33: SM(HK) | I33: ရွှေမြင်း(ထူးကျော်) | J33: မိတ္ထီလာ | K33: Meiktila | L33: WholeSales/Contract
H34: SM(SCT) | I34: ရွှေမြင်း(ရွှေခြင်္သေ့) | J34: မိတ္ထီလာ | K34: Meiktila | L34: WholeSales/Contract
A35: WO | B35: လိမ္မော်ဖြူ | C35: 0.64 | D35: 24 | E35: BE | F35: 1330 | H35: SM(AYWD) | I35: ရွှေမြင်း(ဧရာဝတီ) | J35: မိတ္ထီလာ | K35: Meiktila | L35: WholeSales/Contract
A36: WO-1000 | B36: လိမ္မော်ဖြူ | C36: 1 | D36: 12 | E36: BE | H36: UAM(KT) | I36: ဦးအောင်မိုး(ကောင်းသန့်) | J36: မိတ္ထီလာ | K36: Meiktila | L36: WholeSales/Contract
A37: BC | B37: Black Cat | C37: 0.64 | D37: 24 | E37: BE | F37: 1330 | H37: KK | I37: ကျော်ကြား | J37: မလှိုင် | K37: Mahlaing | L37: WholeSales/Contract
H38: MYYA | I38: မယဉ်ယဉ်အေး | J38: မလှိုင် | K38: Mahlaing | L38: WholeSales/Contract
A39: KMK | B39: ကင်းမြီးကောက် | C39: 0.64 | D39: 14 | E39: BE | F39: 1330 | H39: SM(KK) | I39: ရွှေမြင်း(ကျော်ကြား) | J39: မလှိုင် | K39: Mahlaing | L39: WholeSales/Contract
H40: SM(SEIN) | I40: ရွှေမြင်း(စိန်) | J40: မလှိုင် | K40: Mahlaing | L40: WholeSales/Contract
A41: SP | B41: မြန်မာရှောက်ပျား | C41: 0.64 | D41: 14 | E41: BE | F41: 1370 | H41: SM(ZYM) | I41: ရွှေမြင်း(ဇေယျာမင်း) | J41: မလှိုင် | K41: Mahlaing | L41: WholeSales/Contract
A42: SP-1000 | B42: မြန်မာရှောက်ပျား ကော်(1L) | C42: 1 | D42: 12 | E42: BE | F42: 1700 | H42: SM(MK) | I42: ရွှေမြင်း(မိုးကျော်) | J42: မလှိုင် | K42: Mahlaing | L42: WholeSales/Contract
A43: MNKK | B43: မိုးနဲကွန်ကီး | C43: 0.64 | D43: 14 | E43: BE | F43: 1500 | H43: SM(LH) | I43: ရွှေမြင်း( Liquor HOUSE) | J43: မိတ္ထီလာ | K43: Meiktila | L43: WholeSales/Contract
A44: MNKK-1 | B44: မိုးနဲကွန်ကီး | C44: 0.64 | D44: 14 | E44: BE | F44: 1700 | H44: KSW | I44: ကောင်းဆုဝေ | J44: ကျောက်ပန်းတောင်း | K44: Kyukpadaung | L44: WholeSales/Contract
A45: MNKK-1000 | B45: မိုးနဲကွန်ကီး ကော် (1L) | C45: 1 | D45: 24 | E45: BE | F45: 1900 | H45: KHT | I45: ကောင်းထက်သူ | J45: ကျောက်ပန်းတောင်း | K45: Kyukpadaung | L45: WholeSales/Contract
H46: L | I46: လွင် | J46: ကျောက်ပန်းတောင်း | K46: Kyukpadaung | L46: WholeSales/Contract
A47: 12MNKK-1000 | B47: မိုးနဲကွန်ကီး ကော် (1L) | C47: 1 | D47: 12 | E47: BE | F47: 1900 | H47: USW | I47: ဦးစိုးဝင်း | J47: ကျောက်ပန်းတောင်း | K47: Kyukpadaung | L47: WholeSales/Contract
A48: 12MNKK-1000-1 | B48: မိုးနဲကွန်ကီး ကော် (1L) | C48: 1 | D48: 12 | E48: BE | F48: 2100 | H48: UTS | I48: ဦးသိန်းစိုး | J48: ကျောက်ပန်းတောင်း | K48: Kyukpadaung | L48: WholeSales/Contract
A49: Cherry-640 | B49: ချယ်ရီအရက်သန့် | C49: 0.64 | D49: 14 | E49: BE | F49: 1360 | H49: ST | I49: ရွှေတောင် | J49: ပုဂံ | K49: Bagan | L49: Van-1
H50: UAM | I50: ဦးအောင်မိုး | J50: ရမည်းသင်း | K50: Yamethin | L50: WholeSales
A51: Cherry-640 pkk | B51: ချယ်ရီအရက်သန့် | C51: 0.64 | D51: 14 | E51: BE | F51: 1380 | H51: UKH | I51: ဦးကျော်လှ | J51: သာစည် | K51: Tharzi | L51: WholeSales
H52: UWAK | I52: ဦးဝင်းအောင်ကြွယ် | J52: ပျော်ဘွယ် | K52: Pyawbwe | L52: WholeSales
H53: Su1 | I53: Summer-1 | J53: မိတ္ထီလာ | K53: Meiktila | L53: WholeSales
H54: Su2 | I54: Summer-2 | J54: မိတ္ထီလာ | K54: Meiktila | L54: WholeSales
A55: Cherry-600 | B55: ချယ်ရီအရက်သန့်ကော် (.6Ltr) | C55: 0.6 | D55: 24 | E55: BE | F55: 875 | H55: UAKM | I55: ဦးအေးခင်မောင် | J55: မိတ္ထီလာ | K55: Meiktila | L55: WholeSales
H56: DKSM | I56: ဒေါ်ခင်စန်းမြင့် | J56: ကျောက်ပန်းတောင်း | K56: Kyukpadaung | L56: WholeSales
H57: YTN | I57: ရတနာ | J57: ပုဂံ | K57: Bagan | L57: WholeSales
A58: CherryLemon-600 | B58: ချယ်ရီသံပုရာအရက်သန့်ကော် (.6Ltr) | C58: 0.6 | D58: 24 | E58: BE | F58: 915 | H58: KoYiGyi | I58: ကိုရင်ကြီး | J58: ကန်စွယ် | K58: Wandwin | L58: Van-2
H59: K TZ | I59: ကိုသန့််ဇင် | J59: ကန်စွယ် | K59: Wandwin | L59: Van-2
H60: UZG | I60: ဦးဇင်းကြီး | J60: ကန်စွယ် | K60: Wandwin | L60: Van-2
H61: MKWY | I61: မခင်ဝင်းရီ | J61: ကန်အောက် | K61: Wandwin | L61: Van-2
A62: CherryLemon-1000 | B62: ချယ်ရီသံပုရာအရက်သန့်ကော် (1Ltr) | C62: 1 | D62: 12 | E62: BE | F62: 1260 | H62: K TH | I62: ကိုသိန်းထိုက် | J62: ကျောက်ပနား | K62: Wandwin | L62: Van-2
H63: MaAMH | I63: မအေးမြထွေး | J63: ကျောက်ပနား | K63: Wandwin | L63: Van-2
H64: MHWA | I64: မနှင်းဝေအောင် | J64: ကျောင်းကုန်း | K64: Wandwin | L64: Van-2
H65: KKT | I65: ကိုကျော်သင်း | J65: ကုက္ကိုခါးလှ | K65: Wandwin | L65: Van-2
A66: Zay-1000 | B66: ဇေသန့်ကော်ဗူး 1L | C66: 1 | D66: 12 | E66: BE | F66: 1580 | H66: KoMgKyi | I66: ကိုမောင်ကြည် | J66: ကုက္ကိုခါးလှ | K66: Wandwin | L66: Van-2
H67: KMA-2 | I67: ကိုမြင့်အောင်(2) | J67: ခင်ကြီး | K67: Wandwin | L67: Van-2
A68: .6SMT | B68: ရွှေမင်းသားခေါင်ရည်ကော်ဗူး(.6Ltr) | C68: 0.6 | D68: 12 | E68: BE | F68: 800 | H68: KWN | I68: ကိုဝင်းနိုင် | J68: ခင်ကြီး | K68: Wandwin | L68: Van-2
H69: DK | I69: ဒေါ်ကြူ | J69: ခင်ဘန်း | K69: Wandwin | L69: Van-2
A70: .6SMT MK | B70: ရွှေမင်းသားမန်ကျည်းခေါင်ရည်(.6Ltr) | C70: 0.6 | D70: 12 | E70: BE | F70: 800 | H70: KoNyingLin | I70: ကိုနိုင်လင်း | J70: ဂုဏ်ရွာ | K70: Wandwin | L70: Van-2
H71: KSO | I71: ကိုစန်းဦး | J71: ဆပ်ခင်း | K71: Wandwin | L71: Van-2
A72: SM | B72: ရွှေမန်းပုလင်း | C72: 0.64 | D72: 14 | E72: BE | F72: 1500 | H72: KNMA | I72: ကိုနေမျိုးအောင် | J72: ဆပ်ခင်း | K72: Wandwin | L72: Van-2
A73: SM-1000 | B73: ရွှေမန်းကော်(1Ltr) | C73: 1 | D73: 12 | E73: BE | F73: 1600 | H73: KMN | I73: ကိုမောင်နိုင် | J73: ဆပ်ခင်း | K73: Wandwin | L73: Van-2
A74: FR-700 | B74: Formula Rum 700ml | C74: 0.7 | D74: 12 | E74: Formula | F74: 3600 | H74: KYAM | I74: ကိုရန်အောင်မြင့် | J74: ဆပ်ခင်း | K74: Wandwin | L74: Van-2
A75: FR-350 | B75: Formula Rum 350ml | C75: 0.35 | D75: 24 | E75: Formula | F75: 2100 | H75: MNNK | I75: မနှင်းနှင်းခိုင် | J75: သီးကုန်း | K75: Wandwin | L75: Van-2
H76: MaShweYin | I76: မရွှေရင် | J76: ဆပ်ခင်း | K76: Wandwin | L76: Van-2
A77: Col-700 | B77: Columbus Whisky 700 Ml | C77: 0.7 | D77: 12 | E77: Whisky | F77: 4500 | H77: Ma Ei | I77: မအိ | J77: ဆပ်ခင်း | K77: Wandwin | L77: Van-2
A78: Col-350 | B78: Columbus Whisky 350 Ml | C78: 0.35 | D78: 24 | E78: Whisky | F78: 2000 | H78: MaEiThuAung | I78: မအိသူအောင် | J78: ဆပ်ခင်း | K78: Wandwin | L78: Van-2
A79: Col-175 | B79: Columbus Whisky 175 Ml | C79: 0.175 | D79: 48 | E79: Whisky | F79: 1100 | H79: UYM-2 | I79: ဦးရဲမြင့်-၂ | J79: ဆပ်ခင်း | K79: Wandwin | L79: Van-2
A80: SRS-700 | B80: Columbus Super Red Smooth 700 Ml | C80: 0.7 | D80: 12 | E80: Whisky | F80: 5200 | H80: KoChitHla | I80: ကိုချစ်လှ | J80: ဆူးပန်း | K80: Wandwin | L80: Van-2
A81: SRS-350 | B81: Columbus Super Red Smooth 350 Ml | C81: 0.35 | D81: 24 | E81: Whisky | F81: 2600 | H81: KSM | I81: ကိုဆန်းမင်း | J81: ဆူးပန်း | K81: Wandwin | L81: Van-2
A82: SRS-175 | B82: Columbus Super Red Smooth 175 Ml | C82: 0.175 | D82: 48 | E82: Whisky | F82: 1450 | H82: KSP | I82: ကိုစန်းပွင့် | J82: ညောင်ပင်လှ | K82: Wandwin | L82: Van-2
A83: Sample-700 | B83: Columbus Super Red Smooth 700 Ml Sample | C83: 0.7 | D83: 12 | E83: Whisky | F83: 5500 | H83: MZ | I83: မဉ္ဇူ | J83: တဲစု | K83: Wandwin | L83: Van-2
A84: Sample-350 | B84: Columbus Super Red Smooth 350 Ml Sample | C84: 0.35 | D84: 24 | E84: Whisky | F84: 4000 | H84: Sphyo | I84: ရွှေဖြိုး | J84: ဒိုင်ကောင်းကုန်း | K84: Wandwin | L84: Van-2
H85: KoK | I85: ကိုကြာ | J85: ပင်းတလဲ | K85: Wandwin | L85: Van-2
H86: KKSW | I86: ကိုကျော်စိန်ဝင်း | J86: ဖလန်ကန် | K86: Wandwin | L86: Van-2
A87: NT-700 | B87: Ngwe Taung 700ml | C87: 0.7 | D87: 12 | E87: Whisky | F87: 4700 | H87: KoKhinMgMyint | I87: ကိုခင်မောင်မြင့် | J87: ဖလန်ကန် | K87: Wandwin | L87: Van-2
A88: NT(NFS)-700 | B88: Ngwe Taung 700ml(NFS) | C88: 0.7 | D88: 12 | E88: Whisky | F88: 4700 | H88: KMgLay | I88: ကိုမောင်လေး | J88: ဖလန်ကန် | K88: Wandwin | L88: Van-2
H89: METK | I89: မအိသူကျော် | J89: ဖလန်ကန် | K89: Wandwin | L89: Van-2
H90: KoWinTinn | I90: ကိုဝင်းတင့် | J90: ဘုရားစု | K90: Wandwin | L90: Van-2
H91: PWH | I91: ပန်းဝါလှိုင် | J91: ဝက်ချုပ်ကုန်း | K91: Kyukpadaung | L91: Van-1
H92: KZW-3 | I92: ကိုဇော်ဝင်း-၃ | J92: မန်ကျီးအုပ် | K92: Wandwin | L92: Van-2
A93: BE Debtors | B93: BE Debtors Opening | E93: BE | H93: MaKhingKhingThin | I93: မခိုင်ခိုင်သင်း | J93: မန်ကျီးအုပ် | K93: Wandwin | L93: Van-2
A94: Whisky Debtors | B94: Whisky Debtors Opening | E94: Whisky | H94: AMNM | I94: အမွှာညီမ | J94: မန်ကျီးအုပ် | K94: Wandwin | L94: Van-2
A95: Formula Debtors | B95: Formula Debtors Opening | E95: Formula | H95: KoAyeMin | I95: ကိုအေးမင်း | J95: မုန်တော | K95: Wandwin | L95: Van-2
A96: ခေါင်ရည် Debtors | B96: ခေါင်ရည် Debtors Opening | E96: BE | H96: WLA | I96: ဝေလုအောင် | J96: ရွှေတောင် | K96: Wandwin | L96: Van-2
H97: KoAKW | I97: ကိုအောင်ကျော်ဝင်း | J97: ရိုးစုံ | K97: Wandwin | L97: Van-2
H98: KoAungKoLet | I98: ကိုအောင်ကိုလတ် | J98: ရိုးစုံ | K98: Wandwin | L98: Van-2
H99: KAML | I99: ကိုအောင်မင်းလွင် | J99: ရိုးစုံ | K99: Wandwin | L99: Van-2
H100: NgweSiTaw | I100: ငွေစည်တော် | J100: ဝမ်းတွင်း | K100: Wandwin | L100: Van-2
...

Sheet DailySales
A1: Year | B1: Month | C1: Date | D1: Today | E1: Period | F1: BE/Whisky | G1: VoucherNo | H1: CarNo | I1: CustomerID | J1: ကုန်သည်အမည် | K1: Township | L1: လိပ်စာ | M1: Sales | N1: Particular | O1: StockID | P1: StockName | Q1: ML | R1: ပါဝင်မှု | S1: bottle | T1: Parking | U1: SalesPK | V1: SalesBot | W1: Liter | X1: နှုံး | Y1: သင့်ငွေ | Z1: စာရင်းဖွင့် | AA1: ဈေးဟောင်းလျှော့ | AB1: ‌ကော်မရှင် | AC1: ‌ဈေးလျှော့ | AD1: ကားခလျှော့ | AE1: ကားခ+ | AF1: ငွေရသည့်နေ့ | AG1: ကြွေးရငွေ | AH1: ငွေရသည့်နေ့(၂) | AI1: ကြွေးရငွေ2 | AJ1: ငွေရသည့်နေ့(၃) | AK1: ကြွေးရငွေ3 | AL1: ငွေရသည့်နေ့ ၄ | AM1: ကြွေးရငွေ4 | AN1: အကြွေးကျန်2
A2: =YEAR(C2) -> 2024 | B2: =MONTH(C2) -> 11 | C2: 45597 | D2: =TODAY() -> 46097 | E2: =DATEDIF(C2,D2,"M")&"-Months" -> 16-Months | F2: =VLOOKUP(O2,Stock[],5,FALSE) -> BE | I2: TZP | J2: =VLOOKUP(I2,Customers[],2,FALSE) -> သဇင်ဖြူ | K2: =VLOOKUP(I2,Customers[],4,FALSE) -> Meiktila | L2: =VLOOKUP(Table85[[#This Row],[CustomerID]],Table!H:K,3,0) -> မိတ္ထီလာ | M2: =VLOOKUP(I2,Customers[],5,FALSE) -> Van-2 | N2: ကုန်ရောင်း(အကြွေး) | O2: BE Debtors | P2: =VLOOKUP(O2,Stock[],2,FALSE) -> BE Debtors Opening | Q2: =VLOOKUP(O2,Stock[],3,FALSE) -> 0 | R2: =VLOOKUP(O2,Stock[],4,FALSE) -> 0 | V2: =+DailySales!$T2*DailySales!$R2 -> 0 | W2: =+DailySales!$V2*DailySales!$Q2 -> 0 | X2: =VLOOKUP(O2,Stock[],6,FALSE) -> 0 | Y2: =+DailySales!$V2*DailySales!$X2 -> 0 | Z2: 626550 | AN2: =Table85[[#This Row],[သင့်ငွေ]]+Table85[[#This Row],[စာရင်းဖွင့်]]-Table85[[#This Row],[ဈေးဟောင်းလျှော့]]-Table85[[#This Row],[‌ကော်မရှင်]]-Table85[[#This Row],[‌ဈေးလျှော့]]-Table85[[#This Row],[ကားခလျှော့]]+Table85[[#This Row],[ကားခ+]]-Table85[[#This Row],[ကြွေးရငွေ2]]-Table85[[#This Row],[ကြွေးရငွေ3]]-Table85[[#This Row],[ကြွေးရငွေ4]]-Table85[[#This Row],[ကြွေးရငွေ]] -> 626550
A3: =YEAR(C3) -> 2024 | B3: =MONTH(C3) -> 11 | C3: 45597 | D3: =TODAY() -> 46097 | E3: =DATEDIF(C3,D3,"M")&"-Months" -> 16-Months | F3: =VLOOKUP(O3,Stock[],5,FALSE) -> BE | I3: MKKW | J3: =VLOOKUP(I3,Customers[],2,FALSE) -> မကြည်ကြည်ဝင်း | K3: =VLOOKUP(I3,Customers[],4,FALSE) -> 0 | L3: =VLOOKUP(Table85[[#This Row],[CustomerID]],Table!H:K,3,0) -> 0 | M3: =VLOOKUP(I3,Customers[],5,FALSE) -> Van-2 | N3: ကုန်ရောင်း(အကြွေး) | O3: BE Debtors | P3: =VLOOKUP(O3,Stock[],2,FALSE) -> BE Debtors Opening | Q3: =VLOOKUP(O3,Stock[],3,FALSE) -> 0 | R3: =VLOOKUP(O3,Stock[],4,FALSE) -> 0 | V3: =+DailySales!$T3*DailySales!$R3 -> 0 | W3: =+DailySales!$V3*DailySales!$Q3 -> 0 | X3: =VLOOKUP(O3,Stock[],6,FALSE) -> 0 | Y3: =+DailySales!$V3*DailySales!$X3 -> 0 | Z3: 553800 | AN3: =Table85[[#This Row],[သင့်ငွေ]]+Table85[[#This Row],[စာရင်းဖွင့်]]-Table85[[#This Row],[ဈေးဟောင်းလျှော့]]-Table85[[#This Row],[‌ကော်မရှင်]]-Table85[[#This Row],[‌ဈေးလျှော့]]-Table85[[#This Row],[ကားခလျှော့]]+Table85[[#This Row],[ကားခ+]]-Table85[[#This Row],[ကြွေးရငွေ2]]-Table85[[#This Row],[ကြွေးရငွေ3]]-Table85[[#This Row],[ကြွေးရငွေ4]]-Table85[[#This Row],[ကြွေးရငွေ]] -> 553800
A4: =YEAR(C4) -> 2024 | B4: =MONTH(C4) -> 11 | C4: 45597 | D4: =TODAY() -> 46097 | E4: =DATEDIF(C4,D4,"M")&"-Months" -> 16-Months | F4: =VLOOKUP(O4,Stock[],5,FALSE) -> BE | I4: ASO | J4: =VLOOKUP(I4,Customers[],2,FALSE) -> အောင်ဆွေဦး | K4: =VLOOKUP(I4,Customers[],4,FALSE) -> 0 | L4: =VLOOKUP(Table85[[#This Row],[CustomerID]],Table!H:K,3,0) -> 0 | M4: =VLOOKUP(I4,Customers[],5,FALSE) -> Van-2 | N4: ကုန်ရောင်း(အကြွေး) | O4: BE Debtors | P4: =VLOOKUP(O4,Stock[],2,FALSE) -> BE Debtors Opening | Q4: =VLOOKUP(O4,Stock[],3,FALSE) -> 0 | R4: =VLOOKUP(O4,Stock[],4,FALSE) -> 0 | V4: =+DailySales!$T4*DailySales!$R4 -> 0 | W4: =+DailySales!$V4*DailySales!$Q4 -> 0 | X4: =VLOOKUP(O4,Stock[],6,FALSE) -> 0 | Y4: =+DailySales!$V4*DailySales!$X4 -> 0 | Z4: 1877190 | AN4: =Table85[[#This Row],[သင့်ငွေ]]+Table85[[#This Row],[စာရင်းဖွင့်]]-Table85[[#This Row],[ဈေးဟောင်းလျှော့]]-Table85[[#This Row],[‌ကော်မရှင်]]-Table85[[#This Row],[‌ဈေးလျှော့]]-Table85[[#This Row],[ကားခလျှော့]]+Table85[[#This Row],[ကားခ+]]-Table85[[#This Row],[ကြွေးရငွေ2]]-Table85[[#This Row],[ကြွေးရငွေ3]]-Table85[[#This Row],[ကြွေးရငွေ4]]-Table85[[#This Row],[ကြွေးရငွေ]] -> 1877190
A5: =YEAR(C5) -> 2024 | B5: =MONTH(C5) -> 11 | C5: 45597 | D5: =TODAY() -> 46097 | E5: =DATEDIF(C5,D5,"M")&"-Months" -> 16-Months | F5: =VLOOKUP(O5,Stock[],5,FALSE) -> BE | I5: KKHL | J5: =VLOOKUP(I5,Customers[],2,FALSE) -> ကိုကျော်ဌေးလွင် | K5: =VLOOKUP(I5,Customers[],4,FALSE) -> 0 | L5: =VLOOKUP(Table85[[#This Row],[CustomerID]],Table!H:K,3,0) -> 0 | M5: =VLOOKUP(I5,Customers[],5,FALSE) -> Van-2 | N5: ကုန်ရောင်း(အကြွေး) | O5: BE Debtors | P5: =VLOOKUP(O5,Stock[],2,FALSE) -> BE Debtors Opening | Q5: =VLOOKUP(O5,Stock[],3,FALSE) -> 0 | R5: =VLOOKUP(O5,Stock[],4,FALSE) -> 0 | V5: =+DailySales!$T5*DailySales!$R5 -> 0 | W5: =+DailySales!$V5*DailySales!$Q5 -> 0 | X5: =VLOOKUP(O5,Stock[],6,FALSE) -> 0 | Y5: =+DailySales!$V5*DailySales!$X5 -> 0 | Z5: 877060 | AN5: =Table85[[#This Row],[သင့်ငွေ]]+Table85[[#This Row],[စာရင်းဖွင့်]]-Table85[[#This Row],[ဈေးဟောင်းလျှော့]]-Table85[[#This Row],[‌ကော်မရှင်]]-Table85[[#This Row],[‌ဈေးလျှော့]]-Table85[[#This Row],[ကားခလျှော့]]+Table85[[#This Row],[ကားခ+]]-Table85[[#This Row],[ကြွေးရငွေ2]]-Table85[[#This Row],[ကြွေးရငွေ3]]-Table85[[#This Row],[ကြွေးရငွေ4]]-Table85[[#This Row],[ကြွေးရငွေ]] -> 877060
A6: =YEAR(C6) -> 2024 | B6: =MONTH(C6) -> 11 | C6: 45597 | D6: =TODAY() -> 46097 | E6: =DATEDIF(C6,D6,"M")&"-Months" -> 16-Months | F6: =VLOOKUP(O6,Stock[],5,FALSE) -> BE | I6: PTT | J6: =VLOOKUP(I6,Customers[],2,FALSE) -> ပစ်တိုင်းထောင် | K6: =VLOOKUP(I6,Customers[],4,FALSE) -> Meiktila | L6: =VLOOKUP(Table85[[#This Row],[CustomerID]],Table!H:K,3,0) -> မိတ္ထီလာ | M6: =VLOOKUP(I6,Customers[],5,FALSE) -> Van-2 | N6: ကုန်ရောင်း(အကြွေး) | O6: BE Debtors | P6: =VLOOKUP(O6,Stock[],2,FALSE) -> BE Debtors Opening | Q6: =VLOOKUP(O6,Stock[],3,FALSE) -> 0 | R6: =VLOOKUP(O6,Stock[],4,FALSE) -> 0 | V6: =+DailySales!$T6*DailySales!$R6 -> 0 | W6: =+DailySales!$V6*DailySales!$Q6 -> 0 | X6: =VLOOKUP(O6,Stock[],6,FALSE) -> 0 | Y6: =+DailySales!$V6*DailySales!$X6 -> 0 | Z6: 1555240 | AN6: =Table85[[#This Row],[သင့်ငွေ]]+Table85[[#This Row],[စာရင်းဖွင့်]]-Table85[[#This Row],[ဈေးဟောင်းလျှော့]]-Table85[[#This Row],[‌ကော်မရှင်]]-Table85[[#This Row],[‌ဈေးလျှော့]]-Table85[[#This Row],[ကားခလျှော့]]+Table85[[#This Row],[ကားခ+]]-Table85[[#This Row],[ကြွေးရငွေ2]]-Table85[[#This Row],[ကြွေးရငွေ3]]-Table85[[#This Row],[ကြွေးရငွေ4]]-Table85[[#This Row],[ကြွေးရငွေ]] -> 1555240
A7: =YEAR(C7) -> 2024 | B7: =MONTH(C7) -> 11 | C7: 45597 | D7: =TODAY() -> 46097 | E7: =DATEDIF(C7,D7,"M")&"-Months" -> 16-Months | F7: =VLOOKUP(O7,Stock[],5,FALSE) -> BE | I7: M-LC | J7: =VLOOKUP(I7,Customers[],2,FALSE) -> M Liquar City | K7: =VLOOKUP(I7,Customers[],4,FALSE) -> 0 | L7: =VLOOKUP(Table85[[#This Row],[CustomerID]],Table!H:K,3,0) -> 0 | M7: =VLOOKUP(I7,Customers[],5,FALSE) -> Van-2 | N7: ကုန်ရောင်း(အကြွေး) | O7: BE Debtors | P7: =VLOOKUP(O7,Stock[],2,FALSE) -> BE Debtors Opening | Q7: =VLOOKUP(O7,Stock[],3,FALSE) -> 0 | R7: =VLOOKUP(O7,Stock[],4,FALSE) -> 0 | V7: =+DailySales!$T7*DailySales!$R7 -> 0 | W7: =+DailySales!$V7*DailySales!$Q7 -> 0 | X7: =VLOOKUP(O7,Stock[],6,FALSE) -> 0 | Y7: =+DailySales!$V7*DailySales!$X7 -> 0 | Z7: 330150 | AN7: =Table85[[#This Row],[သင့်ငွေ]]+Table85[[#This Row],[စာရင်းဖွင့်]]-Table85[[#This Row],[ဈေးဟောင်းလျှော့]]-Table85[[#This Row],[‌ကော်မရှင်]]-Table85[[#This Row],[‌ဈေးလျှော့]]-Table85[[#This Row],[ကားခလျှော့]]+Table85[[#This Row],[ကားခ+]]-Table85[[#This Row],[ကြွေးရငွေ2]]-Table85[[#This Row],[ကြွေးရငွေ3]]-Table85[[#This Row],[ကြွေးရငွေ4]]-Table85[[#This Row],[ကြွေးရငွေ]] -> 330150
A8: =YEAR(C8) -> 2025 | B8: =MONTH(C8) -> 9 | C8: 45924 | D8: =TODAY() -> 46097 | E8: =DATEDIF(C8,D8,"M")&"-Months" -> 5-Months | F8: =VLOOKUP(O8,Stock[],5,FALSE) -> BE | G8: 10013 | I8: ZYM | J8: =VLOOKUP(I8,Customers[],2,FALSE) -> ဇင်ယော်မေ | K8: =VLOOKUP(I8,Customers[],4,FALSE) -> Bagan | L8: =VLOOKUP(Table85[[#This Row],[CustomerID]],Table!H:K,3,0) -> ညောင်ဦး | M8: =VLOOKUP(I8,Customers[],5,FALSE) -> Van-1 | N8: ကုန်ရောင်း(အကြွေး) | O8: BE Debtors | P8: =VLOOKUP(O8,Stock[],2,FALSE) -> BE Debtors Opening | Q8: =VLOOKUP(O8,Stock[],3,FALSE) -> 0 | R8: =VLOOKUP(O8,Stock[],4,FALSE) -> 0 | V8: =+DailySales!$T8*DailySales!$R8 -> 0 | W8: =+DailySales!$V8*DailySales!$Q8 -> 0 | X8: =VLOOKUP(O8,Stock[],6,FALSE) -> 0 | Y8: =+DailySales!$V8*DailySales!$X8 -> 0 | Z8: -9800 | AN8: =Table85[[#This Row],[သင့်ငွေ]]+Table85[[#This Row],[စာရင်းဖွင့်]]-Table85[[#This Row],[ဈေးဟောင်းလျှော့]]-Table85[[#This Row],[‌ကော်မရှင်]]-Table85[[#This Row],[‌ဈေးလျှော့]]-Table85[[#This Row],[ကားခလျှော့]]+Table85[[#This Row],[ကားခ+]]-Table85[[#This Row],[ကြွေးရငွေ2]]-Table85[[#This Row],[ကြွေးရငွေ3]]-Table85[[#This Row],[ကြွေးရငွေ4]]-Table85[[#This Row],[ကြွေးရငွေ]] -> -9800
A9: =YEAR(C9) -> 2025 | B9: =MONTH(C9) -> 11 | C9: 45986 | D9: =TODAY() -> 46097 | E9: =DATEDIF(C9,D9,"M")&"-Months" -> 3-Months | F9: =VLOOKUP(O9,Stock[],5,FALSE) -> BE | G9: 11877 | I9: PTH | J9: =VLOOKUP(I9,Customers[],2,FALSE) -> ဖိုးသာထူး | K9: =VLOOKUP(I9,Customers[],4,FALSE) -> Meiktila | L9: =VLOOKUP(Table85[[#This Row],[CustomerID]],Table!H:K,3,0) -> ကျွဲတပ်ဆုံ | M9: =VLOOKUP(I9,Customers[],5,FALSE) -> Van-2 | N9: ကုန်ရောင်း(အကြွေး) | O9: BE Debtors | P9: =VLOOKUP(O9,Stock[],2,FALSE) -> BE Debtors Opening | Q9: =VLOOKUP(O9,Stock[],3,FALSE) -> 0 | R9: =VLOOKUP(O9,Stock[],4,FALSE) -> 0 | V9: =+DailySales!$T9*DailySales!$R9 -> 0 | W9: =+DailySales!$V9*DailySales!$Q9 -> 0 | X9: =VLOOKUP(O9,Stock[],6,FALSE) -> 0 | Y9: =+DailySales!$V9*DailySales!$X9 -> 0 | Z9: 556000 | AH9: 46037 | AI9: 556000 | AN9: =Table85[[#This Row],[သင့်ငွေ]]+Table85[[#This Row],[စာရင်းဖွင့်]]-Table85[[#This Row],[ဈေးဟောင်းလျှော့]]-Table85[[#This Row],[‌ကော်မရှင်]]-Table85[[#This Row],[‌ဈေးလျှော့]]-Table85[[#This Row],[ကားခလျှော့]]+Table85[[#This Row],[ကားခ+]]-Table85[[#This Row],[ကြွေးရငွေ2]]-Table85[[#This Row],[ကြွေးရငွေ3]]-Table85[[#This Row],[ကြွေးရငွေ4]]-Table85[[#This Row],[ကြွေးရငွေ]] -> 0
A10: =YEAR(C10) -> 2025 | B10: =MONTH(C10) -> 11 | C10: 45990 | D10: =TODAY() -> 46097 | E10: =DATEDIF(C10,D10,"M")&"-Months" -> 3-Months | F10: =VLOOKUP(O10,Stock[],5,FALSE) -> BE | G10: 12014 | I10: USW | J10: =VLOOKUP(I10,Customers[],2,FALSE) -> ဦးစိုးဝင်း | K10: =VLOOKUP(I10,Customers[],4,FALSE) -> Kyukpadaung | L10: =VLOOKUP(Table85[[#This Row],[CustomerID]],Table!H:K,3,0) -> ကျောက်ပန်းတောင်း | M10: =VLOOKUP(I10,Customers[],5,FALSE) -> WholeSales/Contract | N10: ကုန်ရောင်း(အကြွေး) | O10: BE Debtors | P10: =VLOOKUP(O10,Stock[],2,FALSE) -> BE Debtors Opening | Q10: =VLOOKUP(O10,Stock[],3,FALSE) -> 0 | R10: =VLOOKUP(O10,Stock[],4,FALSE) -> 0 | V10: =+DailySales!$T10*DailySales!$R10 -> 0 | W10: =+DailySales!$V10*DailySales!$Q10 -> 0 | X10: =VLOOKUP(O10,Stock[],6,FALSE) -> 0 | Y10: =+DailySales!$V10*DailySales!$X10 -> 0 | Z10: 4276470 | AH10: 46025 | AI10: 4276470 | AN10: =Table85[[#This Row],[သင့်ငွေ]]+Table85[[#This Row],[စာရင်းဖွင့်]]-Table85[[#This Row],[ဈေးဟောင်းလျှော့]]-Table85[[#This Row],[‌ကော်မရှင်]]-Table85[[#This Row],[‌ဈေးလျှော့]]-Table85[[#This Row],[ကားခလျှော့]]+Table85[[#This Row],[ကားခ+]]-Table85[[#This Row],[ကြွေးရငွေ2]]-Table85[[#This Row],[ကြွေးရငွေ3]]-Table85[[#This Row],[ကြွေးရငွေ4]]-Table85[[#This Row],[ကြွေးရငွေ]] -> 0
A11: =YEAR(C11) -> 2025 | B11: =MONTH(C11) -> 11 | C11: 45990 | D11: =TODAY() -> 46097 | E11: =DATEDIF(C11,D11,"M")&"-Months" -> 3-Months | F11: =VLOOKUP(O11,Stock[],5,FALSE) -> BE | G11: 12015 | I11: USW | J11: =VLOOKUP(I11,Customers[],2,FALSE) -> ဦးစိုးဝင်း | K11: =VLOOKUP(I11,Customers[],4,FALSE) -> Kyukpadaung | L11: =VLOOKUP(Table85[[#This Row],[CustomerID]],Table!H:K,3,0) -> ကျောက်ပန်းတောင်း | M11: =VLOOKUP(I11,Customers[],5,FALSE) -> WholeSales/Contract | N11: ကုန်ရောင်း(အကြွေး) | O11: BE Debtors | P11: =VLOOKUP(O11,Stock[],2,FALSE) -> BE Debtors Opening | Q11: =VLOOKUP(O11,Stock[],3,FALSE) -> 0 | R11: =VLOOKUP(O11,Stock[],4,FALSE) -> 0 | V11: =+DailySales!$T11*DailySales!$R11 -> 0 | W11: =+DailySales!$V11*DailySales!$Q11 -> 0 | X11: =VLOOKUP(O11,Stock[],6,FALSE) -> 0 | Y11: =+DailySales!$V11*DailySales!$X11 -> 0 | Z11: 6405000 | AH11: 46025 | AI11: 1385280 | AJ11: 46027 | AK11: 4300000 | AL11: 46027 | AM11: 719720 | AN11: =Table85[[#This Row],[သင့်ငွေ]]+Table85[[#This Row],[စာရင်းဖွင့်]]-Table85[[#This Row],[ဈေးဟောင်းလျှော့]]-Table85[[#This Row],[‌ကော်မရှင်]]-Table85[[#This Row],[‌ဈေးလျှော့]]-Table85[[#This Row],[ကားခလျှော့]]+Table85[[#This Row],[ကားခ+]]-Table85[[#This Row],[ကြွေးရငွေ2]]-Table85[[#This Row],[ကြွေးရငွေ3]]-Table85[[#This Row],[ကြွေးရငွေ4]]-Table85[[#This Row],[ကြွေးရငွေ]] -> 0
A12: =YEAR(C12) -> 2025 | B12: =MONTH(C12) -> 12 | C12: 45992 | D12: =TODAY() -> 46097 | E12: =DATEDIF(C12,D12,"M")&"-Months" -> 3-Months | F12: =VLOOKUP(O12,Stock[],5,FALSE) -> BE | G12: 12036 | I12: SM(SCT) | J12: =VLOOKUP(I12,Customers[],2,FALSE) -> ရွှေမြင်း(ရွှေခြင်္သေ့) | K12: =VLOOKUP(I12,Customers[],4,FALSE) -> Meiktila | L12: =VLOOKUP(Table85[[#This Row],[CustomerID]],Table!H:K,3,0) -> မိတ္ထီလာ | M12: =VLOOKUP(I12,Customers[],5,FALSE) -> WholeSales/Contract | N12: ကုန်ရောင်း(အကြွေး) | O12: BE Debtors | P12: =VLOOKUP(O12,Stock[],2,FALSE) -> BE Debtors Opening | Q12: =VLOOKUP(O12,Stock[],3,FALSE) -> 0 | R12: =VLOOKUP(O12,Stock[],4,FALSE) -> 0 | V12: =+DailySales!$T12*DailySales!$R12 -> 0 | W12: =+DailySales!$V12*DailySales!$Q12 -> 0 | X12: =VLOOKUP(O12,Stock[],6,FALSE) -> 0 | Y12: =+DailySales!$V12*DailySales!$X12 -> 0 | Z12: 590695 | AH12: 46034 | AI12: 590695 | AN12: =Table85[[#This Row],[သင့်ငွေ]]+Table85[[#This Row],[စာရင်းဖွင့်]]-Table85[[#This Row],[ဈေးဟောင်းလျှော့]]-Table85[[#This Row],[‌ကော်မရှင်]]-Table85[[#This Row],[‌ဈေးလျှော့]]-Table85[[#This Row],[ကားခလျှော့]]+Table85[[#This Row],[ကားခ+]]-Table85[[#This Row],[ကြွေးရငွေ2]]-Table85[[#This Row],[ကြွေးရငွေ3]]-Table85[[#This Row],[ကြွေးရငွေ4]]-Table85[[#This Row],[ကြွေးရငွေ]] -> 0
A13: =YEAR(C13) -> 2025 | B13: =MONTH(C13) -> 12 | C13: 45992 | D13: =TODAY() -> 46097 | E13: =DATEDIF(C13,D13,"M")&"-Months" -> 3-Months | F13: =VLOOKUP(O13,Stock[],5,FALSE) -> BE | G13: 12036 | I13: SM(SCT) | J13: =VLOOKUP(I13,Customers[],2,FALSE) -> ရွှေမြင်း(ရွှေခြင်္သေ့) | K13: =VLOOKUP(I13,Customers[],4,FALSE) -> Meiktila | L13: =VLOOKUP(Table85[[#This Row],[CustomerID]],Table!H:K,3,0) -> မိတ္ထီလာ | M13: =VLOOKUP(I13,Customers[],5,FALSE) -> WholeSales/Contract | N13: ကုန်ရောင်း(အကြွေး) | O13: BE Debtors | P13: =VLOOKUP(O13,Stock[],2,FALSE) -> BE Debtors Opening | Q13: =VLOOKUP(O13,Stock[],3,FALSE) -> 0 | R13: =VLOOKUP(O13,Stock[],4,FALSE) -> 0 | V13: =+DailySales!$T13*DailySales!$R13 -> 0 | W13: =+DailySales!$V13*DailySales!$Q13 -> 0 | X13: =VLOOKUP(O13,Stock[],6,FALSE) -> 0 | Y13: =+DailySales!$V13*DailySales!$X13 -> 0 | Z13: 96600 | AH13: 46034 | AI13: 96600 | AN13: =Table85[[#This Row],[သင့်ငွေ]]+Table85[[#This Row],[စာရင်းဖွင့်]]-Table85[[#This Row],[ဈေးဟောင်းလျှော့]]-Table85[[#This Row],[‌ကော်မရှင်]]-Table85[[#This Row],[‌ဈေးလျှော့]]-Table85[[#This Row],[ကားခလျှော့]]+Table85[[#This Row],[ကားခ+]]-Table85[[#This Row],[ကြွေးရငွေ2]]-Table85[[#This Row],[ကြွေးရငွေ3]]-Table85[[#This Row],[ကြွေးရငွေ4]]-Table85[[#This Row],[ကြွေးရငွေ]] -> 0
A14: =YEAR(C14) -> 2025 | B14: =MONTH(C14) -> 12 | C14: 45992 | D14: =TODAY() -> 46097 | E14: =DATEDIF(C14,D14,"M")&"-Months" -> 3-Months | F14: =VLOOKUP(O14,Stock[],5,FALSE) -> BE | G14: 12036 | I14: SM(SCT) | J14: =VLOOKUP(I14,Customers[],2,FALSE) -> ရွှေမြင်း(ရွှေခြင်္သေ့) | K14: =VLOOKUP(I14,Customers[],4,FALSE) -> Meiktila | L14: =VLOOKUP(Table85[[#This Row],[CustomerID]],Table!H:K,3,0) -> မိတ္ထီလာ | M14: =VLOOKUP(I14,Customers[],5,FALSE) -> WholeSales/Contract | N14: ကုန်ရောင်း(အကြွေး) | O14: BE Debtors | P14: =VLOOKUP(O14,Stock[],2,FALSE) -> BE Debtors Opening | Q14: =VLOOKUP(O14,Stock[],3,FALSE) -> 0 | R14: =VLOOKUP(O14,Stock[],4,FALSE) -> 0 | V14: =+DailySales!$T14*DailySales!$R14 -> 0 | W14: =+DailySales!$V14*DailySales!$Q14 -> 0 | X14: =VLOOKUP(O14,Stock[],6,FALSE) -> 0 | Y14: =+DailySales!$V14*DailySales!$X14 -> 0 | Z14: 91800 | AH14: 46034 | AI14: 91800 | AN14: =Table85[[#This Row],[သင့်ငွေ]]+Table85[[#This Row],[စာရင်းဖွင့်]]-Table85[[#This Row],[ဈေးဟောင်းလျှော့]]-Table85[[#This Row],[‌ကော်မရှင်]]-Table85[[#This Row],[‌ဈေးလျှော့]]-Table85[[#This Row],[ကားခလျှော့]]+Table85[[#This Row],[ကားခ+]]-Table85[[#This Row],[ကြွေးရငွေ2]]-Table85[[#This Row],[ကြွေးရငွေ3]]-Table85[[#This Row],[ကြွေးရငွေ4]]-Table85[[#This Row],[ကြွေးရငွေ]] -> 0
A15: =YEAR(C15) -> 2025 | B15: =MONTH(C15) -> 12 | C15: 45992 | D15: =TODAY() -> 46097 | E15: =DATEDIF(C15,D15,"M")&"-Months" -> 3-Months | F15: =VLOOKUP(O15,Stock[],5,FALSE) -> BE | G15: 12036 | I15: SM(SCT) | J15: =VLOOKUP(I15,Customers[],2,FALSE) -> ရွှေမြင်း(ရွှေခြင်္သေ့) | K15: =VLOOKUP(I15,Customers[],4,FALSE) -> Meiktila | L15: =VLOOKUP(Table85[[#This Row],[CustomerID]],Table!H:K,3,0) -> မိတ္ထီလာ | M15: =VLOOKUP(I15,Customers[],5,FALSE) -> WholeSales/Contract | N15: ကုန်ရောင်း(အကြွေး) | O15: BE Debtors | P15: =VLOOKUP(O15,Stock[],2,FALSE) -> BE Debtors Opening | Q15: =VLOOKUP(O15,Stock[],3,FALSE) -> 0 | R15: =VLOOKUP(O15,Stock[],4,FALSE) -> 0 | V15: =+DailySales!$T15*DailySales!$R15 -> 0 | W15: =+DailySales!$V15*DailySales!$Q15 -> 0 | X15: =VLOOKUP(O15,Stock[],6,FALSE) -> 0 | Y15: =+DailySales!$V15*DailySales!$X15 -> 0 | Z15: 210000 | AH15: 46034 | AI15: 210000 | AN15: =Table85[[#This Row],[သင့်ငွေ]]+Table85[[#This Row],[စာရင်းဖွင့်]]-Table85[[#This Row],[ဈေးဟောင်းလျှော့]]-Table85[[#This Row],[‌ကော်မရှင်]]-Table85[[#This Row],[‌ဈေးလျှော့]]-Table85[[#This Row],[ကားခလျှော့]]+Table85[[#This Row],[ကားခ+]]-Table85[[#This Row],[ကြွေးရငွေ2]]-Table85[[#This Row],[ကြွေးရငွေ3]]-Table85[[#This Row],[ကြွေးရငွေ4]]-Table85[[#This Row],[ကြွေးရငွေ]] -> 0
A16: =YEAR(C16) -> 2025 | B16: =MONTH(C16) -> 12 | C16: 45992 | D16: =TODAY() -> 46097 | E16: =DATEDIF(C16,D16,"M")&"-Months" -> 3-Months | F16: =VLOOKUP(O16,Stock[],5,FALSE) -> BE | G16: 12041 | I16: SM | J16: =VLOOKUP(I16,Customers[],2,FALSE) -> ရွှေမြင်း | K16: =VLOOKUP(I16,Customers[],4,FALSE) -> Meiktila | L16: =VLOOKUP(Table85[[#This Row],[CustomerID]],Table!H:K,3,0) -> မိတ္ထီလာ | M16: =VLOOKUP(I16,Customers[],5,FALSE) -> WholeSales/Contract | N16: ကုန်ရောင်း(အကြွေး) | O16: BE Debtors | P16: =VLOOKUP(O16,Stock[],2,FALSE) -> BE Debtors Opening | Q16: =VLOOKUP(O16,Stock[],3,FALSE) -> 0 | R16: =VLOOKUP(O16,Stock[],4,FALSE) -> 0 | V16: =+DailySales!$T16*DailySales!$R16 -> 0 | W16: =+DailySales!$V16*DailySales!$Q16 -> 0 | X16: =VLOOKUP(O16,Stock[],6,FALSE) -> 0 | Y16: =+DailySales!$V16*DailySales!$X16 -> 0 | Z16: 575400 | AH16: 46034 | AI16: 575400 | AN16: =Table85[[#This Row],[သင့်ငွေ]]+Table85[[#This Row],[စာရင်းဖွင့်]]-Table85[[#This Row],[ဈေးဟောင်းလျှော့]]-Table85[[#This Row],[‌ကော်မရှင်]]-Table85[[#This Row],[‌ဈေးလျှော့]]-Table85[[#This Row],[ကားခလျှော့]]+Table85[[#This Row],[ကားခ+]]-Table85[[#This Row],[ကြွေးရငွေ2]]-Table85[[#This Row],[ကြွေးရငွေ3]]-Table85[[#This Row],[ကြွေးရငွေ4]]-Table85[[#This Row],[ကြွေးရငွေ]] -> 0
A17: =YEAR(C17) -> 2025 | B17: =MONTH(C17) -> 12 | C17: 45992 | D17: =TODAY() -> 46097 | E17: =DATEDIF(C17,D17,"M")&"-Months" -> 3-Months | F17: =VLOOKUP(O17,Stock[],5,FALSE) -> BE | G17: 12041 | I17: SM | J17: =VLOOKUP(I17,Customers[],2,FALSE) -> ရွှေမြင်း | K17: =VLOOKUP(I17,Customers[],4,FALSE) -> Meiktila | L17: =VLOOKUP(Table85[[#This Row],[CustomerID]],Table!H:K,3,0) -> မိတ္ထီလာ | M17: =VLOOKUP(I17,Customers[],5,FALSE) -> WholeSales/Contract | N17: ကုန်ရောင်း(အကြွေး) | O17: BE Debtors | P17: =VLOOKUP(O17,Stock[],2,FALSE) -> BE Debtors Opening | Q17: =VLOOKUP(O17,Stock[],3,FALSE) -> 0 | R17: =VLOOKUP(O17,Stock[],4,FALSE) -> 0 | V17: =+DailySales!$T17*DailySales!$R17 -> 0 | W17: =+DailySales!$V17*DailySales!$Q17 -> 0 | X17: =VLOOKUP(O17,Stock[],6,FALSE) -> 0 | Y17: =+DailySales!$V17*DailySales!$X17 -> 0 | Z17: 1915200 | AH17: 46034 | AI17: 1915200 | AN17: =Table85[[#This Row],[သင့်ငွေ]]+Table85[[#This Row],[စာရင်းဖွင့်]]-Table85[[#This Row],[ဈေးဟောင်းလျှော့]]-Table85[[#This Row],[‌ကော်မရှင်]]-Table85[[#This Row],[‌ဈေးလျှော့]]-Table85[[#This Row],[ကားခလျှော့]]+Table85[[#This Row],[ကားခ+]]-Table85[[#This Row],[ကြွေးရငွေ2]]-Table85[[#This Row],[ကြွေးရငွေ3]]-Table85[[#This Row],[ကြွေးရငွေ4]]-Table85[[#This Row],[ကြွေးရငွေ]] -> 0
A18: =YEAR(C18) -> 2025 | B18: =MONTH(C18) -> 12 | C18: 45992 | D18: =TODAY() -> 46097 | E18: =DATEDIF(C18,D18,"M")&"-Months" -> 3-Months | F18: =VLOOKUP(O18,Stock[],5,FALSE) -> BE | G18: 12041 | I18: SM | J18: =VLOOKUP(I18,Customers[],2,FALSE) -> ရွှေမြင်း | K18: =VLOOKUP(I18,Customers[],4,FALSE) -> Meiktila | L18: =VLOOKUP(Table85[[#This Row],[CustomerID]],Table!H:K,3,0) -> မိတ္ထီလာ | M18: =VLOOKUP(I18,Customers[],5,FALSE) -> WholeSales/Contract | N18: ကုန်ရောင်း(အကြွေး) | O18: BE Debtors | P18: =VLOOKUP(O18,Stock[],2,FALSE) -> BE Debtors Opening | Q18: =VLOOKUP(O18,Stock[],3,FALSE) -> 0 | R18: =VLOOKUP(O18,Stock[],4,FALSE) -> 0 | V18: =+DailySales!$T18*DailySales!$R18 -> 0 | W18: =+DailySales!$V18*DailySales!$Q18 -> 0 | X18: =VLOOKUP(O18,Stock[],6,FALSE) -> 0 | Y18: =+DailySales!$V18*DailySales!$X18 -> 0 | Z18: 744800 | AH18: 46034 | AI18: 744800 | AN18: =Table85[[#This Row],[သင့်ငွေ]]+Table85[[#This Row],[စာရင်းဖွင့်]]-Table85[[#This Row],[ဈေးဟောင်းလျှော့]]-Table85[[#This Row],[‌ကော်မရှင်]]-Table85[[#This Row],[‌ဈေးလျှော့]]-Table85[[#This Row],[ကားခလျှော့]]+Table85[[#This Row],[ကားခ+]]-Table85[[#This Row],[ကြွေးရငွေ2]]-Table85[[#This Row],[ကြွေးရငွေ3]]-Table85[[#This Row],[ကြွေးရငွေ4]]-Table85[[#This Row],[ကြွေးရငွေ]] -> 0
A19: =YEAR(C19) -> 2025 | B19: =MONTH(C19) -> 12 | C19: 45992 | D19: =TODAY() -> 46097 | E19: =DATEDIF(C19,D19,"M")&"-Months" -> 3-Months | F19: =VLOOKUP(O19,Stock[],5,FALSE) -> BE | G19: 12041 | I19: SM | J19: =VLOOKUP(I19,Customers[],2,FALSE) -> ရွှေမြင်း | K19: =VLOOKUP(I19,Customers[],4,FALSE) -> Meiktila | L19: =VLOOKUP(Table85[[#This Row],[CustomerID]],Table!H:K,3,0) -> မိတ္ထီလာ | M19: =VLOOKUP(I19,Customers[],5,FALSE) -> WholeSales/Contract | N19: ကုန်ရောင်း(အကြွေး) | O19: BE Debtors | P19: =VLOOKUP(O19,Stock[],2,FALSE) -> BE Debtors Opening | Q19: =VLOOKUP(O19,Stock[],3,FALSE) -> 0 | R19: =VLOOKUP(O19,Stock[],4,FALSE) -> 0 | V19: =+DailySales!$T19*DailySales!$R19 -> 0 | W19: =+DailySales!$V19*DailySales!$Q19 -> 0 | X19: =VLOOKUP(O19,Stock[],6,FALSE) -> 0 | Y19: =+DailySales!$V19*DailySales!$X19 -> 0 | Z19: 550800 | AH19: 46034 | AI19: 550800 | AN19: =Table85[[#This Row],[သင့်ငွေ]]+Table85[[#This Row],[စာရင်းဖွင့်]]-Table85[[#This Row],[ဈေးဟောင်းလျှော့]]-Table85[[#This Row],[‌ကော်မရှင်]]-Table85[[#This Row],[‌ဈေးလျှော့]]-Table85[[#This Row],[ကားခလျှော့]]+Table85[[#This Row],[ကားခ+]]-Table85[[#This Row],[ကြွေးရငွေ2]]-Table85[[#This Row],[ကြွေးရငွေ3]]-Table85[[#This Row],[ကြွေးရငွေ4]]-Table85[[#This Row],[ကြွေးရငွေ]] -> 0
A20: =YEAR(C20) -> 2025 | B20: =MONTH(C20) -> 12 | C20: 45992 | D20: =TODAY() -> 46097 | E20: =DATEDIF(C20,D20,"M")&"-Months" -> 3-Months | F20: =VLOOKUP(O20,Stock[],5,FALSE) -> BE | G20: 12041 | I20: SM | J20: =VLOOKUP(I20,Customers[],2,FALSE) -> ရွှေမြင်း | K20: =VLOOKUP(I20,Customers[],4,FALSE) -> Meiktila | L20: =VLOOKUP(Table85[[#This Row],[CustomerID]],Table!H:K,3,0) -> မိတ္ထီလာ | M20: =VLOOKUP(I20,Customers[],5,FALSE) -> WholeSales/Contract | N20: ကုန်ရောင်း(အကြွေး) | O20: BE Debtors | P20: =VLOOKUP(O20,Stock[],2,FALSE) -> BE Debtors Opening | Q20: =VLOOKUP(O20,Stock[],3,FALSE) -> 0 | R20: =VLOOKUP(O20,Stock[],4,FALSE) -> 0 | V20: =+DailySales!$T20*DailySales!$R20 -> 0 | W20: =+DailySales!$V20*DailySales!$Q20 -> 0 | X20: =VLOOKUP(O20,Stock[],6,FALSE) -> 0 | Y20: =+DailySales!$V20*DailySales!$X20 -> 0 | Z20: 420000 | AH20: 46034 | AI20: 420000 | AN20: =Table85[[#This Row],[သင့်ငွေ]]+Table85[[#This Row],[စာရင်းဖွင့်]]-Table85[[#This Row],[ဈေးဟောင်းလျှော့]]-Table85[[#This Row],[‌ကော်မရှင်]]-Table85[[#This Row],[‌ဈေးလျှော့]]-Table85[[#This Row],[ကားခလျှော့]]+Table85[[#This Row],[ကားခ+]]-Table85[[#This Row],[ကြွေးရငွေ2]]-Table85[[#This Row],[ကြွေးရငွေ3]]-Table85[[#This Row],[ကြွေးရငွေ4]]-Table85[[#This Row],[ကြွေးရငွေ]] -> 0
A21: =YEAR(C21) -> 2025 | B21: =MONTH(C21) -> 12 | C21: 45992 | D21: =TODAY() -> 46097 | E21: =DATEDIF(C21,D21,"M")&"-Months" -> 3-Months | F21: =VLOOKUP(O21,Stock[],5,FALSE) -> BE | G21: 12042 | I21: SM | J21: =VLOOKUP(I21,Customers[],2,FALSE) -> ရွှေမြင်း | K21: =VLOOKUP(I21,Customers[],4,FALSE) -> Meiktila | L21: =VLOOKUP(Table85[[#This Row],[CustomerID]],Table!H:K,3,0) -> မိတ္ထီလာ | M21: =VLOOKUP(I21,Customers[],5,FALSE) -> WholeSales/Contract | N21: ကုန်ရောင်း(အကြွေး) | O21: BE Debtors | P21: =VLOOKUP(O21,Stock[],2,FALSE) -> BE Debtors Opening | Q21: =VLOOKUP(O21,Stock[],3,FALSE) -> 0 | R21: =VLOOKUP(O21,Stock[],4,FALSE) -> 0 | V21: =+DailySales!$T21*DailySales!$R21 -> 0 | W21: =+DailySales!$V21*DailySales!$Q21 -> 0 | X21: =VLOOKUP(O21,Stock[],6,FALSE) -> 0 | Y21: =+DailySales!$V21*DailySales!$X21 -> 0 | Z21: 558600 | AH21: 46034 | AI21: 558600 | AN21: =Table85[[#This Row],[သင့်ငွေ]]+Table85[[#This Row],[စာရင်းဖွင့်]]-Table85[[#This Row],[ဈေးဟောင်းလျှော့]]-Table85[[#This Row],[‌ကော်မရှင်]]-Table85[[#This Row],[‌ဈေးလျှော့]]-Table85[[#This Row],[ကားခလျှော့]]+Table85[[#This Row],[ကားခ+]]-Table85[[#This Row],[ကြွေးရငွေ2]]-Table85[[#This Row],[ကြွေးရငွေ3]]-Table85[[#This Row],[ကြွေးရငွေ4]]-Table85[[#This Row],[ကြွေးရငွေ]] -> 0
A22: =YEAR(C22) -> 2025 | B22: =MONTH(C22) -> 12 | C22: 45992 | D22: =TODAY() -> 46097 | E22: =DATEDIF(C22,D22,"M")&"-Months" -> 3-Months | F22: =VLOOKUP(O22,Stock[],5,FALSE) -> BE | G22: 12042 | I22: SM | J22: =VLOOKUP(I22,Customers[],2,FALSE) -> ရွှေမြင်း | K22: =VLOOKUP(I22,Customers[],4,FALSE) -> Meiktila | L22: =VLOOKUP(Table85[[#This Row],[CustomerID]],Table!H:K,3,0) -> မိတ္ထီလာ | M22: =VLOOKUP(I22,Customers[],5,FALSE) -> WholeSales/Contract | N22: ကုန်ရောင်း(အကြွေး) | O22: BE Debtors | P22: =VLOOKUP(O22,Stock[],2,FALSE) -> BE Debtors Opening | Q22: =VLOOKUP(O22,Stock[],3,FALSE) -> 0 | R22: =VLOOKUP(O22,Stock[],4,FALSE) -> 0 | V22: =+DailySales!$T22*DailySales!$R22 -> 0 | W22: =+DailySales!$V22*DailySales!$Q22 -> 0 | X22: =VLOOKUP(O22,Stock[],6,FALSE) -> 0 | Y22: =+DailySales!$V22*DailySales!$X22 -> 0 | Z22: 575400 | AH22: 46034 | AI22: 575400 | AN22: =Table85[[#This Row],[သင့်ငွေ]]+Table85[[#This Row],[စာရင်းဖွင့်]]-Table85[[#This Row],[ဈေးဟောင်းလျှော့]]-Table85[[#This Row],[‌ကော်မရှင်]]-Table85[[#This Row],[‌ဈေးလျှော့]]-Table85[[#This Row],[ကားခလျှော့]]+Table85[[#This Row],[ကားခ+]]-Table85[[#This Row],[ကြွေးရငွေ2]]-Table85[[#This Row],[ကြွေးရငွေ3]]-Table85[[#This Row],[ကြွေးရငွေ4]]-Table85[[#This Row],[ကြွေးရငွေ]] -> 0
A23: =YEAR(C23) -> 2025 | B23: =MONTH(C23) -> 12 | C23: 45992 | D23: =TODAY() -> 46097 | E23: =DATEDIF(C23,D23,"M")&"-Months" -> 3-Months | F23: =VLOOKUP(O23,Stock[],5,FALSE) -> BE | G23: 12042 | I23: SM | J23: =VLOOKUP(I23,Customers[],2,FALSE) -> ရွှေမြင်း | K23: =VLOOKUP(I23,Customers[],4,FALSE) -> Meiktila | L23: =VLOOKUP(Table85[[#This Row],[CustomerID]],Table!H:K,3,0) -> မိတ္ထီလာ | M23: =VLOOKUP(I23,Customers[],5,FALSE) -> WholeSales/Contract | N23: ကုန်ရောင်း(အကြွေး) | O23: BE Debtors | P23: =VLOOKUP(O23,Stock[],2,FALSE) -> BE Debtors Opening | Q23: =VLOOKUP(O23,Stock[],3,FALSE) -> 0 | R23: =VLOOKUP(O23,Stock[],4,FALSE) -> 0 | V23: =+DailySales!$T23*DailySales!$R23 -> 0 | W23: =+DailySales!$V23*DailySales!$Q23 -> 0 | X23: =VLOOKUP(O23,Stock[],6,FALSE) -> 0 | Y23: =+DailySales!$V23*DailySales!$X23 -> 0 | Z23: 957600 | AH23: 46034 | AI23: 957600 | AN23: =Table85[[#This Row],[သင့်ငွေ]]+Table85[[#This Row],[စာရင်းဖွင့်]]-Table85[[#This Row],[ဈေးဟောင်းလျှော့]]-Table85[[#This Row],[‌ကော်မရှင်]]-Table85[[#This Row],[‌ဈေးလျှော့]]-Table85[[#This Row],[ကားခလျှော့]]+Table85[[#This Row],[ကားခ+]]-Table85[[#This Row],[ကြွေးရငွေ2]]-Table85[[#This Row],[ကြွေးရငွေ3]]-Table85[[#This Row],[ကြွေးရငွေ4]]-Table85[[#This Row],[ကြွေးရငွေ]] -> 0
... A124: =YEAR(C124) -> 2025 | B124: =MONTH(C124) -> 12 | C124: 45997 | D124: =TODAY() -> 46097 | E124: =DATEDIF(C124,D124,"M")&"-Months" -> 3-Months | F124: =VLOOKUP(O124,Stock[],5,FALSE) -> BE | G124: 12383 | I124: SM(KK) | J124: =VLOOKUP(I124,Customers[],2,FALSE) -> ရွှေမြင်း(ကျော်ကြား) | K124: =VLOOKUP(I124,Customers[],4,FALSE) -> Mahlaing | L124: =VLOOKUP(Table85[[#This Row],[CustomerID]],Table!H:K,3,0) -> မလှိုင် | M124: =VLOOKUP(I124,Customers[],5,FALSE) -> WholeSales/Contract | N124: ကုန်ရောင်း(အကြွေး) | O124: BE Debtors | P124: =VLOOKUP(O124,Stock[],2,FALSE) -> BE Debtors Opening | Q124: =VLOOKUP(O124,Stock[],3,FALSE) -> 0 | R124: =VLOOKUP(O124,Stock[],4,FALSE) -> 0 | V124: =+DailySales!$T124*DailySales!$R124 -> 0 | W124: =+DailySales!$V124*DailySales!$Q124 -> 0 | X124: =VLOOKUP(O124,Stock[],6,FALSE) -> 0 | Y124: =+DailySales!$V124*DailySales!$X124 -> 0 | Z124: 558600 | AH124: 46034 | AI124: 558600 | AN124: =Table85[[#This Row],[သင့်ငွေ]]+Table85[[#This Row],[စာရင်းဖွင့်]]-Table85[[#This Row],[ဈေးဟောင်းလျှော့]]-Table85[[#This Row],[‌ကော်မရှင်]]-Table85[[#This Row],[‌ဈေးလျှော့]]-Table85[[#This Row],[ကားခလျှော့]]+Table85[[#This Row],[ကားခ+]]-Table85[[#This Row],[ကြွေးရငွေ2]]-Table85[[#This Row],[ကြွေးရငွေ3]]-Table85[[#This Row],[ကြွေးရငွေ4]]-Table85[[#This Row],[ကြွေးရငွေ]] -> 0
A125: =YEAR(C125) -> 2025 | B125: =MONTH(C125) -> 12 | C125: 45999 | D125: =TODAY() -> 46097 | E125: =DATEDIF(C125,D125,"M")&"-Months" -> 3-Months | F125: =VLOOKUP(O125,Stock[],5,FALSE) -> BE | G125: 12385 | I125: USW | J125: =VLOOKUP(I125,Customers[],2,FALSE) -> ဦးစိုးဝင်း | K125: =VLOOKUP(I125,Customers[],4,FALSE) -> Kyukpadaung | L125: =VLOOKUP(Table85[[#This Row],[CustomerID]],Table!H:K,3,0) -> ကျောက်ပန်းတောင်း | M125: =VLOOKUP(I125,Customers[],5,FALSE) -> WholeSales/Contract | N125: ကုန်ရောင်း(အကြွေး) | O125: BE Debtors | P125: =VLOOKUP(O125,Stock[],2,FALSE) -> BE Debtors Opening | Q125: =VLOOKUP(O125,Stock[],3,FALSE) -> 0 | R125: =VLOOKUP(O125,Stock[],4,FALSE) -> 0 | V125: =+DailySales!$T125*DailySales!$R125 -> 0 | W125: =+DailySales!$V125*DailySales!$Q125 -> 0 | X125: =VLOOKUP(O125,Stock[],6,FALSE) -> 0 | Y125: =+DailySales!$V125*DailySales!$X125 -> 0 | Z125: 969600 | AL125: 46027 | AM125: 969600 | AN125: =Table85[[#This Row],[သင့်ငွေ]]+Table85[[#This Row],[စာရင်းဖွင့်]]-Table85[[#This Row],[ဈေးဟောင်းလျှော့]]-Table85[[#This Row],[‌ကော်မရှင်]]-Table85[[#This Row],[‌ဈေးလျှော့]]-Table85[[#This Row],[ကားခလျှော့]]+Table85[[#This Row],[ကားခ+]]-Table85[[#This Row],[ကြွေးရငွေ2]]-Table85[[#This Row],[ကြွေးရငွေ3]]-Table85[[#This Row],[ကြွေးရငွေ4]]-Table85[[#This Row],[ကြွေးရငွေ]] -> 0
A126: =YEAR(C126) -> 2025 | B126: =MONTH(C126) -> 12 | C126: 45999 | D126: =TODAY() -> 46097 | E126: =DATEDIF(C126,D126,"M")&"-Months" -> 3-Months | F126: =VLOOKUP(O126,Stock[],5,FALSE) -> BE | G126: 12385 | I126: USW | J126: =VLOOKUP(I126,Customers[],2,FALSE) -> ဦးစိုးဝင်း | K126: =VLOOKUP(I126,Customers[],4,FALSE) -> Kyukpadaung | L126: =VLOOKUP(Table85[[#This Row],[CustomerID]],Table!H:K,3,0) -> ကျောက်ပန်းတောင်း | M126: =VLOOKUP(I126,Customers[],5,FALSE) -> WholeSales/Contract | N126: ကုန်ရောင်း(အကြွေး) | O126: BE Debtors | P126: =VLOOKUP(O126,Stock[],2,FALSE) -> BE Debtors Opening | Q126: =VLOOKUP(O126,Stock[],3,FALSE) -> 0 | R126: =VLOOKUP(O126,Stock[],4,FALSE) -> 0 | V126: =+DailySales!$T126*DailySales!$R126 -> 0 | W126: =+DailySales!$V126*DailySales!$Q126 -> 0 | X126: =VLOOKUP(O126,Stock[],6,FALSE) -> 0 | Y126: =+DailySales!$V126*DailySales!$X126 -> 0 | Z126: 4917500 | AH126: 46043 | AI126: 3345070 | AL126: 46027 | AM126: 1572430 | AN126: =Table85[[#This Row],[သင့်ငွေ]]+Table85[[#This Row],[စာရင်းဖွင့်]]-Table85[[#This Row],[ဈေးဟောင်းလျှော့]]-Table85[[#This Row],[‌ကော်မရှင်]]-Table85[[#This Row],[‌ဈေးလျှော့]]-Table85[[#This Row],[ကားခလျှော့]]+Table85[[#This Row],[ကားခ+]]-Table85[[#This Row],[ကြွေးရငွေ2]]-Table85[[#This Row],[ကြွေးရငွေ3]]-Table85[[#This Row],[ကြွေးရငွေ4]]-Table85[[#This Row],[ကြွေးရငွေ]] -> 0
A127: =YEAR(C127) -> 2025 | B127: =MONTH(C127) -> 12 | C127: 45999 | D127: =TODAY() -> 46097 | E127: =DATEDIF(C127,D127,"M")&"-Months" -> 3-Months | F127: =VLOOKUP(O127,Stock[],5,FALSE) -> BE | G127: 12385 | I127: USW | J127: =VLOOKUP(I127,Customers[],2,FALSE) -> ဦးစိုးဝင်း | K127: =VLOOKUP(I127,Customers[],4,FALSE) -> Kyukpadaung | L127: =VLOOKUP(Table85[[#This Row],[CustomerID]],Table!H:K,3,0) -> ကျောက်ပန်းတောင်း | M127: =VLOOKUP(I127,Customers[],5,FALSE) -> WholeSales/Contract | N127: ကုန်ရောင်း(အကြွေး) | O127: BE Debtors | P127: =VLOOKUP(O127,Stock[],2,FALSE) -> BE Debtors Opening | Q127: =VLOOKUP(O127,Stock[],3,FALSE) -> 0 | R127: =VLOOKUP(O127,Stock[],4,FALSE) -> 0 | V127: =+DailySales!$T127*DailySales!$R127 -> 0 | W127: =+DailySales!$V127*DailySales!$Q127 -> 0 | X127: =VLOOKUP(O127,Stock[],6,FALSE) -> 0 | Y127: =+DailySales!$V127*DailySales!$X127 -> 0 | Z127: 9355000 | AH127: 46043 | AI127: 9355000 | AN127: =Table85[[#This Row],[သင့်ငွေ]]+Table85[[#This Row],[စာရင်းဖွင့်]]-Table85[[#This Row],[ဈေးဟောင်းလျှော့]]-Table85[[#This Row],[‌ကော်မရှင်]]-Table85[[#This Row],[‌ဈေးလျှော့]]-Table85[[#This Row],[ကားခလျှော့]]+Table85[[#This Row],[ကားခ+]]-Table85[[#This Row],[ကြွေးရငွေ2]]-Table85[[#This Row],[ကြွေးရငွေ3]]-Table85[[#This Row],[ကြွေးရငွေ4]]-Table85[[#This Row],[ကြွေးရငွေ]] -> 0
A128: =YEAR(C128) -> 2025 | B128: =MONTH(C128) -> 12 | C128: 45999 | D128: =TODAY() -> 46097 | E128: =DATEDIF(C128,D128,"M")&"-Months" -> 3-Months | F128: =VLOOKUP(O128,Stock[],5,FALSE) -> BE | G128: 12387 | I128: SM(SCT) | J128: =VLOOKUP(I128,Customers[],2,FALSE) -> ရွှေမြင်း(ရွှေခြင်္သေ့) | K128: =VLOOKUP(I128,Customers[],4,FALSE) -> Meiktila | L128: =VLOOKUP(Table85[[#This Row],[CustomerID]],Table!H:K,3,0) -> မိတ္ထီလာ | M128: =VLOOKUP(I128,Customers[],5,FALSE) -> WholeSales/Contract | N128: ကုန်ရောင်း(အကြွေး) | O128: BE Debtors | P128: =VLOOKUP(O128,Stock[],2,FALSE) -> BE Debtors Opening | Q128: =VLOOKUP(O128,Stock[],3,FALSE) -> 0 | R128: =VLOOKUP(O128,Stock[],4,FALSE) -> 0 | V128: =+DailySales!$T128*DailySales!$R128 -> 0 | W128: =+DailySales!$V128*DailySales!$Q128 -> 0 | X128: =VLOOKUP(O128,Stock[],6,FALSE) -> 0 | Y128: =+DailySales!$V128*DailySales!$X128 -> 0 | Z128: 479500 | AH128: 46034 | AI128: 479500 | AN128: =Table85[[#This Row],[သင့်ငွေ]]+Table85[[#This Row],[စာရင်းဖွင့်]]-Table85[[#This Row],[ဈေးဟောင်းလျှော့]]-Table85[[#This Row],[‌ကော်မရှင်]]-Table85[[#This Row],[‌ဈေးလျှော့]]-Table85[[#This Row],[ကားခလျှော့]]+Table85[[#This Row],[ကားခ+]]-Table85[[#This Row],[ကြွေးရငွေ2]]-Table85[[#This Row],[ကြွေးရငွေ3]]-Table85[[#This Row],[ကြွေးရငွေ4]]-Table85[[#This Row],[ကြွေးရငွေ]] -> 0
A129: =YEAR(C129) -> 2025 | B129: =MONTH(C129) -> 12 | C129: 45999 | D129: =TODAY() -> 46097 | E129: =DATEDIF(C129,D129,"M")&"-Months" -> 3-Months | F129: =VLOOKUP(O129,Stock[],5,FALSE) -> BE | G129: 12387 | I129: SM(SCT) | J129: =VLOOKUP(I129,Customers[],2,FALSE) -> ရွှေမြင်း(ရွှေခြင်္သေ့) | K129: =VLOOKUP(I129,Customers[],4,FALSE) -> Meiktila | L129: =VLOOKUP(Table85[[#This Row],[CustomerID]],Table!H:K,3,0) -> မိတ္ထီလာ | M129: =VLOOKUP(I129,Customers[],5,FALSE) -> WholeSales/Contract | N129: ကုန်ရောင်း(အကြွေး) | O129: BE Debtors | P129: =VLOOKUP(O129,Stock[],2,FALSE) -> BE Debtors Opening | Q129: =VLOOKUP(O129,Stock[],3,FALSE) -> 0 | R129: =VLOOKUP(O129,Stock[],4,FALSE) -> 0 | V129: =+DailySales!$T129*DailySales!$R129 -> 0 | W129: =+DailySales!$V129*DailySales!$Q129 -> 0 | X129: =VLOOKUP(O129,Stock[],6,FALSE) -> 0 | Y129: =+DailySales!$V129*DailySales!$X129 -> 0 | Z129: 638400 | AH129: 46034 | AI129: 638400 | AN129: =Table85[[#This Row],[သင့်ငွေ]]+Table85[[#This Row],[စာရင်းဖွင့်]]-Table85[[#This Row],[ဈေးဟောင်းလျှော့]]-Table85[[#This Row],[‌ကော်မရှင်]]-Table85[[#This Row],[‌ဈေးလျှော့]]-Table85[[#This Row],[ကားခလျှော့]]+Table85[[#This Row],[ကားခ+]]-Table85[[#This Row],[ကြွေးရငွေ2]]-Table85[[#This Row],[ကြွေးရငွေ3]]-Table85[[#This Row],[ကြွေးရငွေ4]]-Table85[[#This Row],[ကြွေးရငွေ]] -> 0
A130: =YEAR(C130) -> 2025 | B130: =MONTH(C130) -> 12 | C130: 45999 | D130: =TODAY() -> 46097 | E130: =DATEDIF(C130,D130,"M")&"-Months" -> 3-Months | F130: =VLOOKUP(O130,Stock[],5,FALSE) -> BE | G130: 12387 | I130: SM(SCT) | J130: =VLOOKUP(I130,Customers[],2,FALSE) -> ရွှေမြင်း(ရွှေခြင်္သေ့) | K130: =VLOOKUP(I130,Customers[],4,FALSE) -> Meiktila | L130: =VLOOKUP(Table85[[#This Row],[CustomerID]],Table!H:K,3,0) -> မိတ္ထီလာ | M130: =VLOOKUP(I130,Customers[],5,FALSE) -> WholeSales/Contract | N130: ကုန်ရောင်း(အကြွေး) | O130: BE Debtors | P130: =VLOOKUP(O130,Stock[],2,FALSE) -> BE Debtors Opening | Q130: =VLOOKUP(O130,Stock[],3,FALSE) -> 0 | R130: =VLOOKUP(O130,Stock[],4,FALSE) -> 0 | V130: =+DailySales!$T130*DailySales!$R130 -> 0 | W130: =+DailySales!$V130*DailySales!$Q130 -> 0 | X130: =VLOOKUP(O130,Stock[],6,FALSE) -> 0 | Y130: =+DailySales!$V130*DailySales!$X130 -> 0 | Z130: 386400 | AH130: 46034 | AI130: 386400 | AN130: =Table85[[#This Row],[သင့်ငွေ]]+Table85[[#This Row],[စာရင်းဖွင့်]]-Table85[[#This Row],[ဈေးဟောင်းလျှော့]]-Table85[[#This Row],[‌ကော်မရှင်]]-Table85[[#This Row],[‌ဈေးလျှော့]]-Table85[[#This Row],[ကားခလျှော့]]+Table85[[#This Row],[ကားခ+]]-Table85[[#This Row],[ကြွေးရငွေ2]]-Table85[[#This Row],[ကြွေးရငွေ3]]-Table85[[#This Row],[ကြွေးရငွေ4]]-Table85[[#This Row],[ကြွေးရငွေ]] -> 0
A131: =YEAR(C131) -> 2025 | B131: =MONTH(C131) -> 12 | C131: 45999 | D131: =TODAY() -> 46097 | E131: =DATEDIF(C131,D131,"M")&"-Months" -> 3-Months | F131: =VLOOKUP(O131,Stock[],5,FALSE) -> BE | G131: 12387 | I131: SM(SCT) | J131: =VLOOKUP(I131,Customers[],2,FALSE) -> ရွှေမြင်း(ရွှေခြင်္သေ့) | K131: =VLOOKUP(I131,Customers[],4,FALSE) -> Meiktila | L131: =VLOOKUP(Table85[[#This Row],[CustomerID]],Table!H:K,3,0) -> မိတ္ထီလာ | M131: =VLOOKUP(I131,Customers[],5,FALSE) -> WholeSales/Contract | N131: ကုန်ရောင်း(အကြွေး) | O131: BE Debtors | P131: =VLOOKUP(O131,Stock[],2,FALSE) -> BE Debtors Opening | Q131: =VLOOKUP(O131,Stock[],3,FALSE) -> 0 | R131: =VLOOKUP(O131,Stock[],4,FALSE) -> 0 | V131: =+DailySales!$T131*DailySales!$R131 -> 0 | W131: =+DailySales!$V131*DailySales!$Q131 -> 0 | X131: =VLOOKUP(O131,Stock[],6,FALSE) -> 0 | Y131: =+DailySales!$V131*DailySales!$X131 -> 0 | Z131: 93100 | AH131: 46034 | AI131: 93100 | AN131: =Table85[[#This Row],[သင့်ငွေ]]+Table85[[#This Row],[စာရင်းဖွင့်]]-Table85[[#This Row],[ဈေးဟောင်းလျှော့]]-Table85[[#This Row],[‌ကော်မရှင်]]-Table85[[#This Row],[‌ဈေးလျှော့]]-Table85[[#This Row],[ကားခလျှော့]]+Table85[[#This Row],[ကားခ+]]-Table85[[#This Row],[ကြွေးရငွေ2]]-Table85[[#This Row],[ကြွေးရငွေ3]]-Table85[[#This Row],[ကြွေးရငွေ4]]-Table85[[#This Row],[ကြွေးရငွေ]] -> 0
A132: =YEAR(C132) -> 2025 | B132: =MONTH(C132) -> 12 | C132: 45999 | D132: =TODAY() -> 46097 | E132: =DATEDIF(C132,D132,"M")&"-Months" -> 3-Months | F132: =VLOOKUP(O132,Stock[],5,FALSE) -> BE | G132: 12387 | I132: SM(SCT) | J132: =VLOOKUP(I132,Customers[],2,FALSE) -> ရွှေမြင်း(ရွှေခြင်္သေ့) | K132: =VLOOKUP(I132,Customers[],4,FALSE) -> Meiktila | L132: =VLOOKUP(Table85[[#This Row],[CustomerID]],Table!H:K,3,0) -> မိတ္ထီလာ | M132: =VLOOKUP(I132,Customers[],5,FALSE) -> WholeSales/Contract | N132: ကုန်ရောင်း(အကြွေး) | O132: BE Debtors | P132: =VLOOKUP(O132,Stock[],2,FALSE) -> BE Debtors Opening | Q132: =VLOOKUP(O132,Stock[],3,FALSE) -> 0 | R132: =VLOOKUP(O132,Stock[],4,FALSE) -> 0 | V132: =+DailySales!$T132*DailySales!$R132 -> 0 | W132: =+DailySales!$V132*DailySales!$Q132 -> 0 | X132: =VLOOKUP(O132,Stock[],6,FALSE) -> 0 | Y132: =+DailySales!$V132*DailySales!$X132 -> 0 | Z132: 105000 | AH132: 46034 | AI132: 105000 | AN132: =Table85[[#This Row],[သင့်ငွေ]]+Table85[[#This Row],[စာရင်းဖွင့်]]-Table85[[#This Row],[ဈေးဟောင်းလျှော့]]-Table85[[#This Row],[‌ကော်မရှင်]]-Table85[[#This Row],[‌ဈေးလျှော့]]-Table85[[#This Row],[ကားခလျှော့]]+Table85[[#This Row],[ကားခ+]]-Table85[[#This Row],[ကြွေးရငွေ2]]-Table85[[#This Row],[ကြွေးရငွေ3]]-Table85[[#This Row],[ကြွေးရငွေ4]]-Table85[[#This Row],[ကြွေးရငွေ]] -> 0
A133: =YEAR(C133) -> 2025 | B133: =MONTH(C133) -> 12 | C133: 45999 | D133: =TODAY() -> 46097 | E133: =DATEDIF(C133,D133,"M")&"-Months" -> 3-Months | F133: =VLOOKUP(O133,Stock[],5,FALSE) -> BE | G133: 12387 | I133: SM(SCT) | J133: =VLOOKUP(I133,Customers[],2,FALSE) -> ရွှေမြင်း(ရွှေခြင်္သေ့) | K133: =VLOOKUP(I133,Customers[],4,FALSE) -> Meiktila | L133: =VLOOKUP(Table85[[#This Row],[CustomerID]],Table!H:K,3,0) -> မိတ္ထီလာ | M133: =VLOOKUP(I133,Customers[],5,FALSE) -> WholeSales/Contract | N133: ကုန်ရောင်း(အကြွေး) | O133: BE Debtors | P133: =VLOOKUP(O133,Stock[],2,FALSE) -> BE Debtors Opening | Q133: =VLOOKUP(O133,Stock[],3,FALSE) -> 0 | R133: =VLOOKUP(O133,Stock[],4,FALSE) -> 0 | V133: =+DailySales!$T133*DailySales!$R133 -> 0 | W133: =+DailySales!$V133*DailySales!$Q133 -> 0 | X133: =VLOOKUP(O133,Stock[],6,FALSE) -> 0 | Y133: =+DailySales!$V133*DailySales!$X133 -> 0 | Z133: 91800 | AH133: 46034 | AI133: 91800 | AN133: =Table85[[#This Row],[သင့်ငွေ]]+Table85[[#This Row],[စာရင်းဖွင့်]]-Table85[[#This Row],[ဈေးဟောင်းလျှော့]]-Table85[[#This Row],[‌ကော်မရှင်]]-Table85[[#This Row],[‌ဈေးလျှော့]]-Table85[[#This Row],[ကားခလျှော့]]+Table85[[#This Row],[ကားခ+]]-Table85[[#This Row],[ကြွေးရငွေ2]]-Table85[[#This Row],[ကြွေးရငွေ3]]-Table85[[#This Row],[ကြွေးရငွေ4]]-Table85[[#This Row],[ကြွေးရငွေ]] -> 0
A134: =YEAR(C134) -> 2025 | B134: =MONTH(C134) -> 12 | C134: 45999 | D134: =TODAY() -> 46097 | E134: =DATEDIF(C134,D134,"M")&"-Months" -> 3-Months | F134: =VLOOKUP(O134,Stock[],5,FALSE) -> BE | G134: 12389 | I134: SM(KMH) | J134: =VLOOKUP(I134,Customers[],2,FALSE) -> ရွှေမြင်း(မခင်မာဌေး) | K134: =VLOOKUP(I134,Customers[],4,FALSE) -> Meiktila | L134: =VLOOKUP(Table85[[#This Row],[CustomerID]],Table!H:K,3,0) -> ကျွဲတပ်ဆုံ | M134: =VLOOKUP(I134,Customers[],5,FALSE) -> WholeSales/Contract | N134: ကုန်ရောင်း(အကြွေး) | O134: BE Debtors | P134: =VLOOKUP(O134,Stock[],2,FALSE) -> BE Debtors Opening | Q134: =VLOOKUP(O134,Stock[],3,FALSE) -> 0 | R134: =VLOOKUP(O134,Stock[],4,FALSE) -> 0 | V134: =+DailySales!$T134*DailySales!$R134 -> 0 | W134: =+DailySales!$V134*DailySales!$Q134 -> 0 | X134: =VLOOKUP(O134,Stock[],6,FALSE) -> 0 | Y134: =+DailySales!$V134*DailySales!$X134 -> 0 | Z134: 2160000 | AH134: 46034 | AI134: 2160000 | AN134: =Table85[[#This Row],[သင့်ငွေ]]+Table85[[#This Row],[စာရင်းဖွင့်]]-Table85[[#This Row],[ဈေးဟောင်းလျှော့]]-Table85[[#This Row],[‌ကော်မရှင်]]-Table85[[#This Row],[‌ဈေးလျှော့]]-Table85[[#This Row],[ကားခလျှော့]]+Table85[[#This Row],[ကားခ+]]-Table85[[#This Row],[ကြွေးရငွေ2]]-Table85[[#This Row],[ကြွေးရငွေ3]]-Table85[[#This Row],[ကြွေးရငွေ4]]-Table85[[#This Row],[ကြွေးရငွေ]] -> 0
A135: =YEAR(C135) -> 2025 | B135: =MONTH(C135) -> 12 | C135: 45999 | D135: =TODAY() -> 46097 | E135: =DATEDIF(C135,D135,"M")&"-Months" -> 3-Months | F135: =VLOOKUP(O135,Stock[],5,FALSE) -> BE | G135: 12389 | I135: SM(KMH) | J135: =VLOOKUP(I135,Customers[],2,FALSE) -> ရွှေမြင်း(မခင်မာဌေး) | K135: =VLOOKUP(I135,Customers[],4,FALSE) -> Meiktila | L135: =VLOOKUP(Table85[[#This Row],[CustomerID]],Table!H:K,3,0) -> ကျွဲတပ်ဆုံ | M135: =VLOOKUP(I135,Customers[],5,FALSE) -> WholeSales/Contract | N135: ကုန်ရောင်း(အကြွေး) | O135: BE Debtors | P135: =VLOOKUP(O135,Stock[],2,FALSE) -> BE Debtors Opening | Q135: =VLOOKUP(O135,Stock[],3,FALSE) -> 0 | R135: =VLOOKUP(O135,Stock[],4,FALSE) -> 0 | V135: =+DailySales!$T135*DailySales!$R135 -> 0 | W135: =+DailySales!$V135*DailySales!$Q135 -> 0 | X135: =VLOOKUP(O135,Stock[],6,FALSE) -> 0 | Y135: =+DailySales!$V135*DailySales!$X135 -> 0 | Z135: 1596000 | AH135: 46034 | AI135: 1596000 | AN135: =Table85[[#This Row],[သင့်ငွေ]]+Table85[[#This Row],[စာရင်းဖွင့်]]-Table85[[#This Row],[ဈေးဟောင်းလျှော့]]-Table85[[#This Row],[‌ကော်မရှင်]]-Table85[[#This Row],[‌ဈေးလျှော့]]-Table85[[#This Row],[ကားခလျှော့]]+Table85[[#This Row],[ကားခ+]]-Table85[[#This Row],[ကြွေးရငွေ2]]-Table85[[#This Row],[ကြွေးရငွေ3]]-Table85[[#This Row],[ကြွေးရငွေ4]]-Table85[[#This Row],[ကြွေးရငွေ]] -> 0
A136: =YEAR(C136) -> 2025 | B136: =MONTH(C136) -> 12 | C136: 45999 | D136: =TODAY() -> 46097 | E136: =DATEDIF(C136,D136,"M")&"-Months" -> 3-Months | F136: =VLOOKUP(O136,Stock[],5,FALSE) -> BE | G136: 12398 | I136: SM(SCT) | J136: =VLOOKUP(I136,Customers[],2,FALSE) -> ရွှေမြင်း(ရွှေခြင်္သေ့) | K136: =VLOOKUP(I136,Customers[],4,FALSE) -> Meiktila | L136: =VLOOKUP(Table85[[#This Row],[CustomerID]],Table!H:K,3,0) -> မိတ္ထီလာ | M136: =VLOOKUP(I136,Customers[],5,FALSE) -> WholeSales/Contract | N136: ကုန်ရောင်း(အကြွေး) | O136: BE Debtors | P136: =VLOOKUP(O136,Stock[],2,FALSE) -> BE Debtors Opening | Q136: =VLOOKUP(O136,Stock[],3,FALSE) -> 0 | R136: =VLOOKUP(O136,Stock[],4,FALSE) -> 0 | V136: =+DailySales!$T136*DailySales!$R136 -> 0 | W136: =+DailySales!$V136*DailySales!$Q136 -> 0 | X136: =VLOOKUP(O136,Stock[],6,FALSE) -> 0 | Y136: =+DailySales!$V136*DailySales!$X136 -> 0 | Z136: 93100 | AH136: 46034 | AI136: 93100 | AN136: =Table85[[#This Row],[သင့်ငွေ]]+Table85[[#This Row],[စာရင်းဖွင့်]]-Table85[[#This Row],[ဈေးဟောင်းလျှော့]]-Table85[[#This Row],[‌ကော်မရှင်]]-Table85[[#This Row],[‌ဈေးလျှော့]]-Table85[[#This Row],[ကားခလျှော့]]+Table85[[#This Row],[ကားခ+]]-Table85[[#This Row],[ကြွေးရငွေ2]]-Table85[[#This Row],[ကြွေးရငွေ3]]-Table85[[#This Row],[ကြွေးရငွေ4]]-Table85[[#This Row],[ကြွေးရငွေ]] -> 0
A137: =YEAR(C137) -> 2025 | B137: =MONTH(C137) -> 12 | C137: 45999 | D137: =TODAY() -> 46097 | E137: =DATEDIF(C137,D137,"M")&"-Months" -> 3-Months | F137: =VLOOKUP(O137,Stock[],5,FALSE) -> BE | G137: 12398 | I137: SM(SCT) | J137: =VLOOKUP(I137,Customers[],2,FALSE) -> ရွှေမြင်း(ရွှေခြင်္သေ့) | K137: =VLOOKUP(I137,Customers[],4,FALSE) -> Meiktila | L137: =VLOOKUP(Table85[[#This Row],[CustomerID]],Table!H:K,3,0) -> မိတ္ထီလာ | M137: =VLOOKUP(I137,Customers[],5,FALSE) -> WholeSales/Contract | N137: ကုန်ရောင်း(အကြွေး) | O137: BE Debtors | P137: =VLOOKUP(O137,Stock[],2,FALSE) -> BE Debtors Opening | Q137: =VLOOKUP(O137,Stock[],3,FALSE) -> 0 | R137: =VLOOKUP(O137,Stock[],4,FALSE) -> 0 | V137: =+DailySales!$T137*DailySales!$R137 -> 0 | W137: =+DailySales!$V137*DailySales!$Q137 -> 0 | X137: =VLOOKUP(O137,Stock[],6,FALSE) -> 0 | Y137: =+DailySales!$V137*DailySales!$X137 -> 0 | Z137: 287700 | AH137: 46034 | AI137: 287700 | AN137: =Table85[[#This Row],[သင့်ငွေ]]+Table85[[#This Row],[စာရင်းဖွင့်]]-Table85[[#This Row],[ဈေးဟောင်းလျှော့]]-Table85[[#This Row],[‌ကော်မရှင်]]-Table85[[#This Row],[‌ဈေးလျှော့]]-Table85[[#This Row],[ကားခလျှော့]]+Table85[[#This Row],[ကားခ+]]-Table85[[#This Row],[ကြွေးရငွေ2]]-Table85[[#This Row],[ကြွေးရငွေ3]]-Table85[[#This Row],[ကြွေးရငွေ4]]-Table85[[#This Row],[ကြွေးရငွေ]] -> 0
A138: =YEAR(C138) -> 2025 | B138: =MONTH(C138) -> 12 | C138: 45999 | D138: =TODAY() -> 46097 | E138: =DATEDIF(C138,D138,"M")&"-Months" -> 3-Months | F138: =VLOOKUP(O138,Stock[],5,FALSE) -> BE | G138: 12398 | I138: SM(SCT) | J138: =VLOOKUP(I138,Customers[],2,FALSE) -> ရွှေမြင်း(ရွှေခြင်္သေ့) | K138: =VLOOKUP(I138,Customers[],4,FALSE) -> Meiktila | L138: =VLOOKUP(Table85[[#This Row],[CustomerID]],Table!H:K,3,0) -> မိတ္ထီလာ | M138: =VLOOKUP(I138,Customers[],5,FALSE) -> WholeSales/Contract | N138: ကုန်ရောင်း(အကြွေး) | O138: BE Debtors | P138: =VLOOKUP(O138,Stock[],2,FALSE) -> BE Debtors Opening | Q138: =VLOOKUP(O138,Stock[],3,FALSE) -> 0 | R138: =VLOOKUP(O138,Stock[],4,FALSE) -> 0 | V138: =+DailySales!$T138*DailySales!$R138 -> 0 | W138: =+DailySales!$V138*DailySales!$Q138 -> 0 | X138: =VLOOKUP(O138,Stock[],6,FALSE) -> 0 | Y138: =+DailySales!$V138*DailySales!$X138 -> 0 | Z138: 957600 | AH138: 46034 | AI138: 957600 | AN138: =Table85[[#This Row],[သင့်ငွေ]]+Table85[[#This Row],[စာရင်းဖွင့်]]-Table85[[#This Row],[ဈေးဟောင်းလျှော့]]-Table85[[#This Row],[‌ကော်မရှင်]]-Table85[[#This Row],[‌ဈေးလျှော့]]-Table85[[#This Row],[ကားခလျှော့]]+Table85[[#This Row],[ကားခ+]]-Table85[[#This Row],[ကြွေးရငွေ2]]-Table85[[#This Row],[ကြွေးရငွေ3]]-Table85[[#This Row],[ကြွေးရငွေ4]]-Table85[[#This Row],[ကြွေးရငွေ]] -> 0
... A256: =YEAR(C256) -> 2025 | B256: =MONTH(C256) -> 12 | C256: 46003 | D256: =TODAY() -> 46097 | E256: =DATEDIF(C256,D256,"M")&"-Months" -> 3-Months | F256: =VLOOKUP(O256,Stock[],5,FALSE) -> BE | G256: 12563 | I256: UWN | J256: =VLOOKUP(I256,Customers[],2,FALSE) -> ဦးဝင်းနိုင် | K256: =VLOOKUP(I256,Customers[],4,FALSE) -> Wandwin | L256: =VLOOKUP(Table85[[#This Row],[CustomerID]],Table!H:K,3,0) -> လျှော်ပင် | M256: =VLOOKUP(I256,Customers[],5,FALSE) -> WholeSales/Contract | N256: ကုန်ရောင်း(အကြွေး) | O256: BE Debtors | P256: =VLOOKUP(O256,Stock[],2,FALSE) -> BE Debtors Opening | Q256: =VLOOKUP(O256,Stock[],3,FALSE) -> 0 | R256: =VLOOKUP(O256,Stock[],4,FALSE) -> 0 | V256: =+DailySales!$T256*DailySales!$R256 -> 0 | W256: =+DailySales!$V256*DailySales!$Q256 -> 0 | X256: =VLOOKUP(O256,Stock[],6,FALSE) -> 0 | Y256: =+DailySales!$V256*DailySales!$X256 -> 0 | Z256: 1342600 | AH256: 46025 | AI256: 1342600 | AN256: =Table85[[#This Row],[သင့်ငွေ]]+Table85[[#This Row],[စာရင်းဖွင့်]]-Table85[[#This Row],[ဈေးဟောင်းလျှော့]]-Table85[[#This Row],[‌ကော်မရှင်]]-Table85[[#This Row],[‌ဈေးလျှော့]]-Table85[[#This Row],[ကားခလျှော့]]+Table85[[#This Row],[ကားခ+]]-Table85[[#This Row],[ကြွေးရငွေ2]]-Table85[[#This Row],[ကြွေးရငွေ3]]-Table85[[#This Row],[ကြွေးရငွေ4]]-Table85[[#This Row],[ကြွေးရငွေ]] -> 0
A257: =YEAR(C257) -> 2025 | B257: =MONTH(C257) -> 12 | C257: 46003 | D257: =TODAY() -> 46097 | E257: =DATEDIF(C257,D257,"M")&"-Months" -> 3-Months | F257: =VLOOKUP(O257,Stock[],5,FALSE) -> BE | G257: 12563 | I257: UWN | J257: =VLOOKUP(I257,Customers[],2,FALSE) -> ဦးဝင်းနိုင် | K257: =VLOOKUP(I257,Customers[],4,FALSE) -> Wandwin | L257: =VLOOKUP(Table85[[#This Row],[CustomerID]],Table!H:K,3,0) -> လျှော်ပင် | M257: =VLOOKUP(I257,Customers[],5,FALSE) -> WholeSales/Contract | N257: ကုန်ရောင်း(အကြွေး) | O257: BE Debtors | P257: =VLOOKUP(O257,Stock[],2,FALSE) -> BE Debtors Opening | Q257: =VLOOKUP(O257,Stock[],3,FALSE) -> 0 | R257: =VLOOKUP(O257,Stock[],4,FALSE) -> 0 | V257: =+DailySales!$T257*DailySales!$R257 -> 0 | W257: =+DailySales!$V257*DailySales!$Q257 -> 0 | X257: =VLOOKUP(O257,Stock[],6,FALSE) -> 0 | Y257: =+DailySales!$V257*DailySales!$X257 -> 0 | Z257: 478800 | AH257: 46025 | AI257: 159285 | AJ257: 46027 | AK257: 319515 | AN257: =Table85[[#This Row],[သင့်ငွေ]]+Table85[[#This Row],[စာရင်းဖွင့်]]-Table85[[#This Row],[ဈေးဟောင်းလျှော့]]-Table85[[#This Row],[‌ကော်မရှင်]]-Table85[[#This Row],[‌ဈေးလျှော့]]-Table85[[#This Row],[ကားခလျှော့]]+Table85[[#This Row],[ကားခ+]]-Table85[[#This Row],[ကြွေးရငွေ2]]-Table85[[#This Row],[ကြွေးရငွေ3]]-Table85[[#This Row],[ကြွေးရငွေ4]]-Table85[[#This Row],[ကြွေးရငွေ]] -> 0
A258: =YEAR(C258) -> 2025 | B258: =MONTH(C258) -> 12 | C258: 46003 | D258: =TODAY() -> 46097 | E258: =DATEDIF(C258,D258,"M")&"-Months" -> 3-Months | F258: =VLOOKUP(O258,Stock[],5,FALSE) -> BE | G258: 12563 | I258: UWN | J258: =VLOOKUP(I258,Customers[],2,FALSE) -> ဦးဝင်းနိုင် | K258: =VLOOKUP(I258,Customers[],4,FALSE) -> Wandwin | L258: =VLOOKUP(Table85[[#This Row],[CustomerID]],Table!H:K,3,0) -> လျှော်ပင် | M258: =VLOOKUP(I258,Customers[],5,FALSE) -> WholeSales/Contract | N258: ကုန်ရောင်း(အကြွေး) | O258: BE Debtors | P258: =VLOOKUP(O258,Stock[],2,FALSE) -> BE Debtors Opening | Q258: =VLOOKUP(O258,Stock[],3,FALSE) -> 0 | R258: =VLOOKUP(O258,Stock[],4,FALSE) -> 0 | V258: =+DailySales!$T258*DailySales!$R258 -> 0 | W258: =+DailySales!$V258*DailySales!$Q258 -> 0 | X258: =VLOOKUP(O258,Stock[],6,FALSE) -> 0 | Y258: =+DailySales!$V258*DailySales!$X258 -> 0 | Z258: 55860 | AJ258: 46027 | AK258: 55860 | AN258: =Table85[[#This Row],[သင့်ငွေ]]+Table85[[#This Row],[စာရင်းဖွင့်]]-Table85[[#This Row],[ဈေးဟောင်းလျှော့]]-Table85[[#This Row],[‌ကော်မရှင်]]-Table85[[#This Row],[‌ဈေးလျှော့]]-Table85[[#This Row],[ကားခလျှော့]]+Table85[[#This Row],[ကားခ+]]-Table85[[#This Row],[ကြွေးရငွေ2]]-Table85[[#This Row],[ကြွေးရငွေ3]]-Table85[[#This Row],[ကြွေးရငွေ4]]-Table85[[#This Row],[ကြွေးရငွေ]] -> 0
A259: =YEAR(C259) -> 2025 | B259: =MONTH(C259) -> 12 | C259: 46003 | D259: =TODAY() -> 46097 | E259: =DATEDIF(C259,D259,"M")&"-Months" -> 3-Months | F259: =VLOOKUP(O259,Stock[],5,FALSE) -> BE | G259: 12563 | I259: UWN | J259: =VLOOKUP(I259,Customers[],2,FALSE) -> ဦးဝင်းနိုင် | K259: =VLOOKUP(I259,Customers[],4,FALSE) -> Wandwin | L259: =VLOOKUP(Table85[[#This Row],[CustomerID]],Table!H:K,3,0) -> လျှော်ပင် | M259: =VLOOKUP(I259,Customers[],5,FALSE) -> WholeSales/Contract | N259: ကုန်ရောင်း(အကြွေး) | O259: BE Debtors | P259: =VLOOKUP(O259,Stock[],2,FALSE) -> BE Debtors Opening | Q259: =VLOOKUP(O259,Stock[],3,FALSE) -> 0 | R259: =VLOOKUP(O259,Stock[],4,FALSE) -> 0 | V259: =+DailySales!$T259*DailySales!$R259 -> 0 | W259: =+DailySales!$V259*DailySales!$Q259 -> 0 | X259: =VLOOKUP(O259,Stock[],6,FALSE) -> 0 | Y259: =+DailySales!$V259*DailySales!$X259 -> 0 | Z259: 579600 | AJ259: 46027 | AK259: 579600 | AN259: =Table85[[#This Row],[သင့်ငွေ]]+Table85[[#This Row],[စာရင်းဖွင့်]]-Table85[[#This Row],[ဈေးဟောင်းလျှော့]]-Table85[[#This Row],[‌ကော်မရှင်]]-Table85[[#This Row],[‌ဈေးလျှော့]]-Table85[[#This Row],[ကားခလျှော့]]+Table85[[#This Row],[ကားခ+]]-Table85[[#This Row],[ကြွေးရငွေ2]]-Table85[[#This Row],[ကြွေးရငွေ3]]-Table85[[#This Row],[ကြွေးရငွေ4]]-Table85[[#This Row],[ကြွေးရငွေ]] -> 0
A260: =YEAR(C260) -> 2025 | B260: =MONTH(C260) -> 12 | C260: 46003 | D260: =TODAY() -> 46097 | E260: =DATEDIF(C260,D260,"M")&"-Months" -> 3-Months | F260: =VLOOKUP(O260,Stock[],5,FALSE) -> BE | G260: 12563 | I260: UWN | J260: =VLOOKUP(I260,Customers[],2,FALSE) -> ဦးဝင်းနိုင် | K260: =VLOOKUP(I260,Customers[],4,FALSE) -> Wandwin | L260: =VLOOKUP(Table85[[#This Row],[CustomerID]],Table!H:K,3,0) -> လျှော်ပင် | M260: =VLOOKUP(I260,Customers[],5,FALSE) -> WholeSales/Contract | N260: ကုန်ရောင်း(အကြွေး) | O260: BE Debtors | P260: =VLOOKUP(O260,Stock[],2,FALSE) -> BE Debtors Opening | Q260: =VLOOKUP(O260,Stock[],3,FALSE) -> 0 | R260: =VLOOKUP(O260,Stock[],4,FALSE) -> 0 | V260: =+DailySales!$T260*DailySales!$R260 -> 0 | W260: =+DailySales!$V260*DailySales!$Q260 -> 0 | X260: =VLOOKUP(O260,Stock[],6,FALSE) -> 0 | Y260: =+DailySales!$V260*DailySales!$X260 -> 0 | Z260: 159600 | AJ260: 46027 | AK260: 159600 | AN260: =Table85[[#This Row],[သင့်ငွေ]]+Table85[[#This Row],[စာရင်းဖွင့်]]-Table85[[#This Row],[ဈေးဟောင်းလျှော့]]-Table85[[#This Row],[‌ကော်မရှင်]]-Table85[[#This Row],[‌ဈေးလျှော့]]-Table85[[#This Row],[ကားခလျှော့]]+Table85[[#This Row],[ကားခ+]]-Table85[[#This Row],[ကြွေးရငွေ2]]-Table85[[#This Row],[ကြွေးရငွေ3]]-Table85[[#This Row],[ကြွေးရငွေ4]]-Table85[[#This Row],[ကြွေးရငွေ]] -> 0
A261: =YEAR(C261) -> 2025 | B261: =MONTH(C261) -> 12 | C261: 46003 | D261: =TODAY() -> 46097 | E261: =DATEDIF(C261,D261,"M")&"-Months" -> 3-Months | F261: =VLOOKUP(O261,Stock[],5,FALSE) -> BE | G261: 12563 | I261: UWN | J261: =VLOOKUP(I261,Customers[],2,FALSE) -> ဦးဝင်းနိုင် | K261: =VLOOKUP(I261,Customers[],4,FALSE) -> Wandwin | L261: =VLOOKUP(Table85[[#This Row],[CustomerID]],Table!H:K,3,0) -> လျှော်ပင် | M261: =VLOOKUP(I261,Customers[],5,FALSE) -> WholeSales/Contract | N261: ကုန်ရောင်း(အကြွေး) | O261: BE Debtors | P261: =VLOOKUP(O261,Stock[],2,FALSE) -> BE Debtors Opening | Q261: =VLOOKUP(O261,Stock[],3,FALSE) -> 0 | R261: =VLOOKUP(O261,Stock[],4,FALSE) -> 0 | V261: =+DailySales!$T261*DailySales!$R261 -> 0 | W261: =+DailySales!$V261*DailySales!$Q261 -> 0 | X261: =VLOOKUP(O261,Stock[],6,FALSE) -> 0 | Y261: =+DailySales!$V261*DailySales!$X261 -> 0 | Z261: 1396500 | AJ261: 46027 | AK261: 1396500 | AN261: =Table85[[#This Row],[သင့်ငွေ]]+Table85[[#This Row],[စာရင်းဖွင့်]]-Table85[[#This Row],[ဈေးဟောင်းလျှော့]]-Table85[[#This Row],[‌ကော်မရှင်]]-Table85[[#This Row],[‌ဈေးလျှော့]]-Table85[[#This Row],[ကားခလျှော့]]+Table85[[#This Row],[ကားခ+]]-Table85[[#This Row],[ကြွေးရငွေ2]]-Table85[[#This Row],[ကြွေးရငွေ3]]-Table85[[#This Row],[ကြွေးရငွေ4]]-Table85[[#This Row],[ကြွေးရငွေ]] -> 0
A262: =YEAR(C262) -> 2025 | B262: =MONTH(C262) -> 12 | C262: 46003 | D262: =TODAY() -> 46097 | E262: =DATEDIF(C262,D262,"M")&"-Months" -> 3-Months | F262: =VLOOKUP(O262,Stock[],5,FALSE) -> BE | G262: 12563 | I262: UWN | J262: =VLOOKUP(I262,Customers[],2,FALSE) -> ဦးဝင်းနိုင် | K262: =VLOOKUP(I262,Customers[],4,FALSE) -> Wandwin | L262: =VLOOKUP(Table85[[#This Row],[CustomerID]],Table!H:K,3,0) -> လျှော်ပင် | M262: =VLOOKUP(I262,Customers[],5,FALSE) -> WholeSales/Contract | N262: ကုန်ရောင်း(အကြွေး) | O262: BE Debtors | P262: =VLOOKUP(O262,Stock[],2,FALSE) -> BE Debtors Opening | Q262: =VLOOKUP(O262,Stock[],3,FALSE) -> 0 | R262: =VLOOKUP(O262,Stock[],4,FALSE) -> 0 | V262: =+DailySales!$T262*DailySales!$R262 -> 0 | W262: =+DailySales!$V262*DailySales!$Q262 -> 0 | X262: =VLOOKUP(O262,Stock[],6,FALSE) -> 0 | Y262: =+DailySales!$V262*DailySales!$X262 -> 0 | Z262: 367200 | AJ262: 46027 | AK262: 367200 | AN262: =Table85[[#This Row],[သင့်ငွေ]]+Table85[[#This Row],[စာရင်းဖွင့်]]-Table85[[#This Row],[ဈေးဟောင်းလျှော့]]-Table85[[#This Row],[‌ကော်မရှင်]]-Table85[[#This Row],[‌ဈေးလျှော့]]-Table85[[#This Row],[ကားခလျှော့]]+Table85[[#This Row],[ကားခ+]]-Table85[[#This Row],[ကြွေးရငွေ2]]-Table85[[#This Row],[ကြွေးရငွေ3]]-Table85[[#This Row],[ကြွေးရငွေ4]]-Table85[[#This Row],[ကြွေးရငွေ]] -> 0
A263: =YEAR(C263) -> 2025 | B263: =MONTH(C263) -> 12 | C263: 46003 | D263: =TODAY() -> 46097 | E263: =DATEDIF(C263,D263,"M")&"-Months" -> 3-Months | F263: =VLOOKUP(O263,Stock[],5,FALSE) -> BE | G263: 12563 | I263: UWN | J263: =VLOOKUP(I263,Customers[],2,FALSE) -> ဦးဝင်းနိုင် | K263: =VLOOKUP(I263,Customers[],4,FALSE) -> Wandwin | L263: =VLOOKUP(Table85[[#This Row],[CustomerID]],Table!H:K,3,0) -> လျှော်ပင် | M263: =VLOOKUP(I263,Customers[],5,FALSE) -> WholeSales/Contract | N263: ကုန်ရောင်း(အကြွေး) | O263: BE Debtors | P263: =VLOOKUP(O263,Stock[],2,FALSE) -> BE Debtors Opening | Q263: =VLOOKUP(O263,Stock[],3,FALSE) -> 0 | R263: =VLOOKUP(O263,Stock[],4,FALSE) -> 0 | V263: =+DailySales!$T263*DailySales!$R263 -> 0 | W263: =+DailySales!$V263*DailySales!$Q263 -> 0 | X263: =VLOOKUP(O263,Stock[],6,FALSE) -> 0 | Y263: =+DailySales!$V263*DailySales!$X263 -> 0 | Z263: 756000 | AJ263: 46027 | AK263: 756000 | AN263: =Table85[[#This Row],[သင့်ငွေ]]+Table85[[#This Row],[စာရင်းဖွင့်]]-Table85[[#This Row],[ဈေးဟောင်းလျှော့]]-Table85[[#This Row],[‌ကော်မရှင်]]-Table85[[#This Row],[‌ဈေးလျှော့]]-Table85[[#This Row],[ကားခလျှော့]]+Table85[[#This Row],[ကားခ+]]-Table85[[#This Row],[ကြွေးရငွေ2]]-Table85[[#This Row],[ကြွေးရငွေ3]]-Table85[[#This Row],[ကြွေးရငွေ4]]-Table85[[#This Row],[ကြွေးရငွေ]] -> 0
A264: =YEAR(C264) -> 2025 | B264: =MONTH(C264) -> 12 | C264: 46003 | D264: =TODAY() -> 46097 | E264: =DATEDIF(C264,D264,"M")&"-Months" -> 3-Months | F264: =VLOOKUP(O264,Stock[],5,FALSE) -> BE | G264: 12567 | I264: MM | J264: =VLOOKUP(I264,Customers[],2,FALSE) -> မြို့မ | K264: =VLOOKUP(I264,Customers[],4,FALSE) -> Taungthar | L264: =VLOOKUP(Table85[[#This Row],[CustomerID]],Table!H:K,3,0) -> တောင်သာ | M264: =VLOOKUP(I264,Customers[],5,FALSE) -> WholeSales/Contract | N264: ကုန်ရောင်း(အကြွေး) | O264: BE Debtors | P264: =VLOOKUP(O264,Stock[],2,FALSE) -> BE Debtors Opening | Q264: =VLOOKUP(O264,Stock[],3,FALSE) -> 0 | R264: =VLOOKUP(O264,Stock[],4,FALSE) -> 0 | V264: =+DailySales!$T264*DailySales!$R264 -> 0 | W264: =+DailySales!$V264*DailySales!$Q264 -> 0 | X264: =VLOOKUP(O264,Stock[],6,FALSE) -> 0 | Y264: =+DailySales!$V264*DailySales!$X264 -> 0 | Z264: 3023500 | AH264: 46027 | AI264: 3023500 | AN264: =Table85[[#This Row],[သင့်ငွေ]]+Table85[[#This Row],[စာရင်းဖွင့်]]-Table85[[#This Row],[ဈေးဟောင်းလျှော့]]-Table85[[#This Row],[‌ကော်မရှင်]]-Table85[[#This Row],[‌ဈေးလျှော့]]-Table85[[#This Row],[ကားခလျှော့]]+Table85[[#This Row],[ကားခ+]]-Table85[[#This Row],[ကြွေးရငွေ2]]-Table85[[#This Row],[ကြွေးရငွေ3]]-Table85[[#This Row],[ကြွေးရငွေ4]]-Table85[[#This Row],[ကြွေးရငွေ]] -> 0
A265: =YEAR(C265) -> 2025 | B265: =MONTH(C265) -> 12 | C265: 46003 | D265: =TODAY() -> 46097 | E265: =DATEDIF(C265,D265,"M")&"-Months" -> 3-Months | F265: =VLOOKUP(O265,Stock[],5,FALSE) -> BE | G265: 12564 | I265: SM | J265: =VLOOKUP(I265,Customers[],2,FALSE) -> ရွှေမြင်း | K265: =VLOOKUP(I265,Customers[],4,FALSE) -> Meiktila | L265: =VLOOKUP(Table85[[#This Row],[CustomerID]],Table!H:K,3,0) -> မိတ္ထီလာ | M265: =VLOOKUP(I265,Customers[],5,FALSE) -> WholeSales/Contract | N265: ကုန်ရောင်း(အကြွေး) | O265: BE Debtors | P265: =VLOOKUP(O265,Stock[],2,FALSE) -> BE Debtors Opening | Q265: =VLOOKUP(O265,Stock[],3,FALSE) -> 0 | R265: =VLOOKUP(O265,Stock[],4,FALSE) -> 0 | V265: =+DailySales!$T265*DailySales!$R265 -> 0 | W265: =+DailySales!$V265*DailySales!$Q265 -> 0 | X265: =VLOOKUP(O265,Stock[],6,FALSE) -> 0 | Y265: =+DailySales!$V265*DailySales!$X265 -> 0 | Z265: 386400 | AH265: 46034 | AI265: 386400 | AN265: =Table85[[#This Row],[သင့်ငွေ]]+Table85[[#This Row],[စာရင်းဖွင့်]]-Table85[[#This Row],[ဈေးဟောင်းလျှော့]]-Table85[[#This Row],[‌ကော်မရှင်]]-Table85[[#This Row],[‌ဈေးလျှော့]]-Table85[[#This Row],[ကားခလျှော့]]+Table85[[#This Row],[ကားခ+]]-Table85[[#This Row],[ကြွေးရငွေ2]]-Table85[[#This Row],[ကြွေးရငွေ3]]-Table85[[#This Row],[ကြွေးရငွေ4]]-Table85[[#This Row],[ကြွေးရငွေ]] -> 0
A266: =YEAR(C266) -> 2025 | B266: =MONTH(C266) -> 12 | C266: 46003 | D266: =TODAY() -> 46097 | E266: =DATEDIF(C266,D266,"M")&"-Months" -> 3-Months | F266: =VLOOKUP(O266,Stock[],5,FALSE) -> BE | G266: 12564 | I266: SM | J266: =VLOOKUP(I266,Customers[],2,FALSE) -> ရွှေမြင်း | K266: =VLOOKUP(I266,Customers[],4,FALSE) -> Meiktila | L266: =VLOOKUP(Table85[[#This Row],[CustomerID]],Table!H:K,3,0) -> မိတ္ထီလာ | M266: =VLOOKUP(I266,Customers[],5,FALSE) -> WholeSales/Contract | N266: ကုန်ရောင်း(အကြွေး) | O266: BE Debtors | P266: =VLOOKUP(O266,Stock[],2,FALSE) -> BE Debtors Opening | Q266: =VLOOKUP(O266,Stock[],3,FALSE) -> 0 | R266: =VLOOKUP(O266,Stock[],4,FALSE) -> 0 | V266: =+DailySales!$T266*DailySales!$R266 -> 0 | W266: =+DailySales!$V266*DailySales!$Q266 -> 0 | X266: =VLOOKUP(O266,Stock[],6,FALSE) -> 0 | Y266: =+DailySales!$V266*DailySales!$X266 -> 0 | Z266: 159600 | AH266: 46034 | AI266: 159600 | AN266: =Table85[[#This Row],[သင့်ငွေ]]+Table85[[#This Row],[စာရင်းဖွင့်]]-Table85[[#This Row],[ဈေးဟောင်းလျှော့]]-Table85[[#This Row],[‌ကော်မရှင်]]-Table85[[#This Row],[‌ဈေးလျှော့]]-Table85[[#This Row],[ကားခလျှော့]]+Table85[[#This Row],[ကားခ+]]-Table85[[#This Row],[ကြွေးရငွေ2]]-Table85[[#This Row],[ကြွေးရငွေ3]]-Table85[[#This Row],[ကြွေးရငွေ4]]-Table85[[#This Row],[ကြွေးရငွေ]] -> 0
A267: =YEAR(C267) -> 2025 | B267: =MONTH(C267) -> 12 | C267: 46003 | D267: =TODAY() -> 46097 | E267: =DATEDIF(C267,D267,"M")&"-Months" -> 3-Months | F267: =VLOOKUP(O267,Stock[],5,FALSE) -> BE | G267: 12564 | I267: SM | J267: =VLOOKUP(I267,Customers[],2,FALSE) -> ရွှေမြင်း | K267: =VLOOKUP(I267,Customers[],4,FALSE) -> Meiktila | L267: =VLOOKUP(Table85[[#This Row],[CustomerID]],Table!H:K,3,0) -> မိတ္ထီလာ | M267: =VLOOKUP(I267,Customers[],5,FALSE) -> WholeSales/Contract | N267: ကုန်ရောင်း(အကြွေး) | O267: BE Debtors | P267: =VLOOKUP(O267,Stock[],2,FALSE) -> BE Debtors Opening | Q267: =VLOOKUP(O267,Stock[],3,FALSE) -> 0 | R267: =VLOOKUP(O267,Stock[],4,FALSE) -> 0 | V267: =+DailySales!$T267*DailySales!$R267 -> 0 | W267: =+DailySales!$V267*DailySales!$Q267 -> 0 | X267: =VLOOKUP(O267,Stock[],6,FALSE) -> 0 | Y267: =+DailySales!$V267*DailySales!$X267 -> 0 | Z267: 558600 | AH267: 46034 | AI267: 558600 | AN267: =Table85[[#This Row],[သင့်ငွေ]]+Table85[[#This Row],[စာရင်းဖွင့်]]-Table85[[#This Row],[ဈေးဟောင်းလျှော့]]-Table85[[#This Row],[‌ကော်မရှင်]]-Table85[[#This Row],[‌ဈေးလျှော့]]-Table85[[#This Row],[ကားခလျှော့]]+Table85[[#This Row],[ကားခ+]]-Table85[[#This Row],[ကြွေးရငွေ2]]-Table85[[#This Row],[ကြွေးရငွေ3]]-Table85[[#This Row],[ကြွေးရငွေ4]]-Table85[[#This Row],[ကြွေးရငွေ]] -> 0
A268: =YEAR(C268) -> 2025 | B268: =MONTH(C268) -> 12 | C268: 46003 | D268: =TODAY() -> 46097 | E268: =DATEDIF(C268,D268,"M")&"-Months" -> 3-Months | F268: =VLOOKUP(O268,Stock[],5,FALSE) -> BE | G268: 12565 | I268: SM | J268: =VLOOKUP(I268,Customers[],2,FALSE) -> ရွှေမြင်း | K268: =VLOOKUP(I268,Customers[],4,FALSE) -> Meiktila | L268: =VLOOKUP(Table85[[#This Row],[CustomerID]],Table!H:K,3,0) -> မိတ္ထီလာ | M268: =VLOOKUP(I268,Customers[],5,FALSE) -> WholeSales/Contract | N268: ကုန်ရောင်း(အကြွေး) | O268: BE Debtors | P268: =VLOOKUP(O268,Stock[],2,FALSE) -> BE Debtors Opening | Q268: =VLOOKUP(O268,Stock[],3,FALSE) -> 0 | R268: =VLOOKUP(O268,Stock[],4,FALSE) -> 0 | V268: =+DailySales!$T268*DailySales!$R268 -> 0 | W268: =+DailySales!$V268*DailySales!$Q268 -> 0 | X268: =VLOOKUP(O268,Stock[],6,FALSE) -> 0 | Y268: =+DailySales!$V268*DailySales!$X268 -> 0 | Z268: 957600 | AH268: 46034 | AI268: 957600 | AN268: =Table85[[#This Row],[သင့်ငွေ]]+Table85[[#This Row],[စာရင်းဖွင့်]]-Table85[[#This Row],[ဈေးဟောင်းလျှော့]]-Table85[[#This Row],[‌ကော်မရှင်]]-Table85[[#This Row],[‌ဈေးလျှော့]]-Table85[[#This Row],[ကားခလျှော့]]+Table85[[#This Row],[ကားခ+]]-Table85[[#This Row],[ကြွေးရငွေ2]]-Table85[[#This Row],[ကြွေးရငွေ3]]-Table85[[#This Row],[ကြွေးရငွေ4]]-Table85[[#This Row],[ကြွေးရငွေ]] -> 0
A269: =YEAR(C269) -> 2025 | B269: =MONTH(C269) -> 12 | C269: 46003 | D269: =TODAY() -> 46097 | E269: =DATEDIF(C269,D269,"M")&"-Months" -> 3-Months | F269: =VLOOKUP(O269,Stock[],5,FALSE) -> BE | G269: 12565 | I269: SM | J269: =VLOOKUP(I269,Customers[],2,FALSE) -> ရွှေမြင်း | K269: =VLOOKUP(I269,Customers[],4,FALSE) -> Meiktila | L269: =VLOOKUP(Table85[[#This Row],[CustomerID]],Table!H:K,3,0) -> မိတ္ထီလာ | M269: =VLOOKUP(I269,Customers[],5,FALSE) -> WholeSales/Contract | N269: ကုန်ရောင်း(အကြွေး) | O269: BE Debtors | P269: =VLOOKUP(O269,Stock[],2,FALSE) -> BE Debtors Opening | Q269: =VLOOKUP(O269,Stock[],3,FALSE) -> 0 | R269: =VLOOKUP(O269,Stock[],4,FALSE) -> 0 | V269: =+DailySales!$T269*DailySales!$R269 -> 0 | W269: =+DailySales!$V269*DailySales!$Q269 -> 0 | X269: =VLOOKUP(O269,Stock[],6,FALSE) -> 0 | Y269: =+DailySales!$V269*DailySales!$X269 -> 0 | Z269: 579600 | AH269: 46034 | AI269: 579600 | AN269: =Table85[[#This Row],[သင့်ငွေ]]+Table85[[#This Row],[စာရင်းဖွင့်]]-Table85[[#This Row],[ဈေးဟောင်းလျှော့]]-Table85[[#This Row],[‌ကော်မရှင်]]-Table85[[#This Row],[‌ဈေးလျှော့]]-Table85[[#This Row],[ကားခလျှော့]]+Table85[[#This Row],[ကားခ+]]-Table85[[#This Row],[ကြွေးရငွေ2]]-Table85[[#This Row],[ကြွေးရငွေ3]]-Table85[[#This Row],[ကြွေးရငွေ4]]-Table85[[#This Row],[ကြွေးရငွေ]] -> 0
A270: =YEAR(C270) -> 2025 | B270: =MONTH(C270) -> 12 | C270: 46003 | D270: =TODAY() -> 46097 | E270: =DATEDIF(C270,D270,"M")&"-Months" -> 3-Months | F270: =VLOOKUP(O270,Stock[],5,FALSE) -> BE | G270: 12565 | I270: SM | J270: =VLOOKUP(I270,Customers[],2,FALSE) -> ရွှေမြင်း | K270: =VLOOKUP(I270,Customers[],4,FALSE) -> Meiktila | L270: =VLOOKUP(Table85[[#This Row],[CustomerID]],Table!H:K,3,0) -> မိတ္ထီလာ | M270: =VLOOKUP(I270,Customers[],5,FALSE) -> WholeSales/Contract | N270: ကုန်ရောင်း(အကြွေး) | O270: BE Debtors | P270: =VLOOKUP(O270,Stock[],2,FALSE) -> BE Debtors Opening | Q270: =VLOOKUP(O270,Stock[],3,FALSE) -> 0 | R270: =VLOOKUP(O270,Stock[],4,FALSE) -> 0 | V270: =+DailySales!$T270*DailySales!$R270 -> 0 | W270: =+DailySales!$V270*DailySales!$Q270 -> 0 | X270: =VLOOKUP(O270,Stock[],6,FALSE) -> 0 | Y270: =+DailySales!$V270*DailySales!$X270 -> 0 | Z270: 558600 | AH270: 46034 | AI270: 558600 | AN270: =Table85[[#This Row],[သင့်ငွေ]]+Table85[[#This Row],[စာရင်းဖွင့်]]-Table85[[#This Row],[ဈေးဟောင်းလျှော့]]-Table85[[#This Row],[‌ကော်မရှင်]]-Table85[[#This Row],[‌ဈေးလျှော့]]-Table85[[#This Row],[ကားခလျှော့]]+Table85[[#This Row],[ကားခ+]]-Table85[[#This Row],[ကြွေးရငွေ2]]-Table85[[#This Row],[ကြွေးရငွေ3]]-Table85[[#This Row],[ကြွေးရငွေ4]]-Table85[[#This Row],[ကြွေးရငွေ]] -> 0
A271: =YEAR(C271) -> 2025 | B271: =MONTH(C271) -> 12 | C271: 46004 | D271: =TODAY() -> 46097 | E271: =DATEDIF(C271,D271,"M")&"-Months" -> 3-Months | F271: =VLOOKUP(O271,Stock[],5,FALSE) -> BE | G271: 12569 | I271: SM(SCT) | J271: =VLOOKUP(I271,Customers[],2,FALSE) -> ရွှေမြင်း(ရွှေခြင်္သေ့) | K271: =VLOOKUP(I271,Customers[],4,FALSE) -> Meiktila | L271: =VLOOKUP(Table85[[#This Row],[CustomerID]],Table!H:K,3,0) -> မိတ္ထီလာ | M271: =VLOOKUP(I271,Customers[],5,FALSE) -> WholeSales/Contract | N271: ကုန်ရောင်း(အကြွေး) | O271: BE Debtors | P271: =VLOOKUP(O271,Stock[],2,FALSE) -> BE Debtors Opening | Q271: =VLOOKUP(O271,Stock[],3,FALSE) -> 0 | R271: =VLOOKUP(O271,Stock[],4,FALSE) -> 0 | V271: =+DailySales!$T271*DailySales!$R271 -> 0 | W271: =+DailySales!$V271*DailySales!$Q271 -> 0 | X271: =VLOOKUP(O271,Stock[],6,FALSE) -> 0 | Y271: =+DailySales!$V271*DailySales!$X271 -> 0 | Z271: 478800 | AH271: 46034 | AI271: 478800 | AN271: =Table85[[#This Row],[သင့်ငွေ]]+Table85[[#This Row],[စာရင်းဖွင့်]]-Table85[[#This Row],[ဈေးဟောင်းလျှော့]]-Table85[[#This Row],[‌ကော်မရှင်]]-Table85[[#This Row],[‌ဈေးလျှော့]]-Table85[[#This Row],[ကားခလျှော့]]+Table85[[#This Row],[ကားခ+]]-Table85[[#This Row],[ကြွေးရငွေ2]]-Table85[[#This Row],[ကြွေးရငွေ3]]-Table85[[#This Row],[ကြွေးရငွေ4]]-Table85[[#This Row],[ကြွေးရငွေ]] -> 0
A272: =YEAR(C272) -> 2025 | B272: =MONTH(C272) -> 12 | C272: 46004 | D272: =TODAY() -> 46097 | E272: =DATEDIF(C272,D272,"M")&"-Months" -> 3-Months | F272: =VLOOKUP(O272,Stock[],5,FALSE) -> BE | G272: 12569 | I272: SM(SCT) | J272: =VLOOKUP(I272,Customers[],2,FALSE) -> ရွှေမြင်း(ရွှေခြင်္သေ့) | K272: =VLOOKUP(I272,Customers[],4,FALSE) -> Meiktila | L272: =VLOOKUP(Table85[[#This Row],[CustomerID]],Table!H:K,3,0) -> မိတ္ထီလာ | M272: =VLOOKUP(I272,Customers[],5,FALSE) -> WholeSales/Contract | N272: ကုန်ရောင်း(အကြွေး) | O272: BE Debtors | P272: =VLOOKUP(O272,Stock[],2,FALSE) -> BE Debtors Opening | Q272: =VLOOKUP(O272,Stock[],3,FALSE) -> 0 | R272: =VLOOKUP(O272,Stock[],4,FALSE) -> 0 | V272: =+DailySales!$T272*DailySales!$R272 -> 0 | W272: =+DailySales!$V272*DailySales!$Q272 -> 0 | X272: =VLOOKUP(O272,Stock[],6,FALSE) -> 0 | Y272: =+DailySales!$V272*DailySales!$X272 -> 0 | Z272: 159600 | AH272: 46034 | AI272: 159600 | AN272: =Table85[[#This Row],[သင့်ငွေ]]+Table85[[#This Row],[စာရင်းဖွင့်]]-Table85[[#This Row],[ဈေးဟောင်းလျှော့]]-Table85[[#This Row],[‌ကော်မရှင်]]-Table85[[#This Row],[‌ဈေးလျှော့]]-Table85[[#This Row],[ကားခလျှော့]]+Table85[[#This Row],[ကားခ+]]-Table85[[#This Row],[ကြွေးရငွေ2]]-Table85[[#This Row],[ကြွေးရငွေ3]]-Table85[[#This Row],[ကြွေးရငွေ4]]-Table85[[#This Row],[ကြွေးရငွေ]] -> 0
A273: =YEAR(C273) -> 2025 | B273: =MONTH(C273) -> 12 | C273: 46004 | D273: =TODAY() -> 46097 | E273: =DATEDIF(C273,D273,"M")&"-Months" -> 3-Months | F273: =VLOOKUP(O273,Stock[],5,FALSE) -> BE | G273: 12569 | I273: SM(SCT) | J273: =VLOOKUP(I273,Customers[],2,FALSE) -> ရွှေမြင်း(ရွှေခြင်္သေ့) | K273: =VLOOKUP(I273,Customers[],4,FALSE) -> Meiktila | L273: =VLOOKUP(Table85[[#This Row],[CustomerID]],Table!H:K,3,0) -> မိတ္ထီလာ | M273: =VLOOKUP(I273,Customers[],5,FALSE) -> WholeSales/Contract | N273: ကုန်ရောင်း(အကြွေး) | O273: BE Debtors | P273: =VLOOKUP(O273,Stock[],2,FALSE) -> BE Debtors Opening | Q273: =VLOOKUP(O273,Stock[],3,FALSE) -> 0 | R273: =VLOOKUP(O273,Stock[],4,FALSE) -> 0 | V273: =+DailySales!$T273*DailySales!$R273 -> 0 | W273: =+DailySales!$V273*DailySales!$Q273 -> 0 | X273: =VLOOKUP(O273,Stock[],6,FALSE) -> 0 | Y273: =+DailySales!$V273*DailySales!$X273 -> 0 | Z273: 287700 | AH273: 46034 | AI273: 287700 | AN273: =Table85[[#This Row],[သင့်ငွေ]]+Table85[[#This Row],[စာရင်းဖွင့်]]-Table85[[#This Row],[ဈေးဟောင်းလျှော့]]-Table85[[#This Row],[‌ကော်မရှင်]]-Table85[[#This Row],[‌ဈေးလျှော့]]-Table85[[#This Row],[ကားခလျှော့]]+Table85[[#This Row],[ကားခ+]]-Table85[[#This Row],[ကြွေးရငွေ2]]-Table85[[#This Row],[ကြွေးရငွေ3]]-Table85[[#This Row],[ကြွေးရငွေ4]]-Table85[[#This Row],[ကြွေးရငွေ]] -> 0
A274: =YEAR(C274) -> 2025 | B274: =MONTH(C274) -> 12 | C274: 46004 | D274: =TODAY() -> 46097 | E274: =DATEDIF(C274,D274,"M")&"-Months" -> 3-Months | F274: =VLOOKUP(O274,Stock[],5,FALSE) -> BE | G274: 12569 | I274: SM(SCT) | J274: =VLOOKUP(I274,Customers[],2,FALSE) -> ရွှေမြင်း(ရွှေခြင်္သေ့) | K274: =VLOOKUP(I274,Customers[],4,FALSE) -> Meiktila | L274: =VLOOKUP(Table85[[#This Row],[CustomerID]],Table!H:K,3,0) -> မိတ္ထီလာ | M274: =VLOOKUP(I274,Customers[],5,FALSE) -> WholeSales/Contract | N274: ကုန်ရောင်း(အကြွေး) | O274: BE Debtors | P274: =VLOOKUP(O274,Stock[],2,FALSE) -> BE Debtors Opening | Q274: =VLOOKUP(O274,Stock[],3,FALSE) -> 0 | R274: =VLOOKUP(O274,Stock[],4,FALSE) -> 0 | V274: =+DailySales!$T274*DailySales!$R274 -> 0 | W274: =+DailySales!$V274*DailySales!$Q274 -> 0 | X274: =VLOOKUP(O274,Stock[],6,FALSE) -> 0 | Y274: =+DailySales!$V274*DailySales!$X274 -> 0 | Z274: 289800 | AH274: 46034 | AI274: 289800 | AN274: =Table85[[#This Row],[သင့်ငွေ]]+Table85[[#This Row],[စာရင်းဖွင့်]]-Table85[[#This Row],[ဈေးဟောင်းလျှော့]]-Table85[[#This Row],[‌ကော်မရှင်]]-Table85[[#This Row],[‌ဈေးလျှော့]]-Table85[[#This Row],[ကားခလျှော့]]+Table85[[#This Row],[ကားခ+]]-Table85[[#This Row],[ကြွေးရငွေ2]]-Table85[[#This Row],[ကြွေးရငွေ3]]-Table85[[#This Row],[ကြွေးရငွေ4]]-Table85[[#This Row],[ကြွေးရငွေ]] -> 0
A275: =YEAR(C275) -> 2025 | B275: =MONTH(C275) -> 12 | C275: 46004 | D275: =TODAY() -> 46097 | E275: =DATEDIF(C275,D275,"M")&"-Months" -> 3-Months | F275: =VLOOKUP(O275,Stock[],5,FALSE) -> BE | G275: 12569 | I275: SM(SCT) | J275: =VLOOKUP(I275,Customers[],2,FALSE) -> ရွှေမြင်း(ရွှေခြင်္သေ့) | K275: =VLOOKUP(I275,Customers[],4,FALSE) -> Meiktila | L275: =VLOOKUP(Table85[[#This Row],[CustomerID]],Table!H:K,3,0) -> မိတ္ထီလာ | M275: =VLOOKUP(I275,Customers[],5,FALSE) -> WholeSales/Contract | N275: ကုန်ရောင်း(အကြွေး) | O275: BE Debtors | P275: =VLOOKUP(O275,Stock[],2,FALSE) -> BE Debtors Opening | Q275: =VLOOKUP(O275,Stock[],3,FALSE) -> 0 | R275: =VLOOKUP(O275,Stock[],4,FALSE) -> 0 | V275: =+DailySales!$T275*DailySales!$R275 -> 0 | W275: =+DailySales!$V275*DailySales!$Q275 -> 0 | X275: =VLOOKUP(O275,Stock[],6,FALSE) -> 0 | Y275: =+DailySales!$V275*DailySales!$X275 -> 0 | Z275: 279300 | AH275: 46034 | AI275: 279300 | AN275: =Table85[[#This Row],[သင့်ငွေ]]+Table85[[#This Row],[စာရင်းဖွင့်]]-Table85[[#This Row],[ဈေးဟောင်းလျှော့]]-Table85[[#This Row],[‌ကော်မရှင်]]-Table85[[#This Row],[‌ဈေးလျှော့]]-Table85[[#This Row],[ကားခလျှော့]]+Table85[[#This Row],[ကားခ+]]-Table85[[#This Row],[ကြွေးရငွေ2]]-Table85[[#This Row],[ကြွေးရငွေ3]]-Table85[[#This Row],[ကြွေးရငွေ4]]-Table85[[#This Row],[ကြွေးရငွေ]] -> 0
... A278: =YEAR(C278) -> 2025 | B278: =MONTH(C278) -> 12 | C278: 46004 | D278: =TODAY() -> 46097 | E278: =DATEDIF(C278,D278,"M")&"-Months" -> 3-Months | F278: =VLOOKUP(O278,Stock[],5,FALSE) -> BE | G278: 12569 | I278: SM(SCT) | J278: =VLOOKUP(I278,Customers[],2,FALSE) -> ရွှေမြင်း(ရွှေခြင်္သေ့) | K278: =VLOOKUP(I278,Customers[],4,FALSE) -> Meiktila | L278: =VLOOKUP(Table85[[#This Row],[CustomerID]],Table!H:K,3,0) -> မိတ္ထီလာ | M278: =VLOOKUP(I278,Customers[],5,FALSE) -> WholeSales/Contract | N278: ကုန်ရောင်း(အကြွေး) | O278: BE Debtors | P278: =VLOOKUP(O278,Stock[],2,FALSE) -> BE Debtors Opening | Q278: =VLOOKUP(O278,Stock[],3,FALSE) -> 0 | R278: =VLOOKUP(O278,Stock[],4,FALSE) -> 0 | V278: =+DailySales!$T278*DailySales!$R278 -> 0 | W278: =+DailySales!$V278*DailySales!$Q278 -> 0 | X278: =VLOOKUP(O278,Stock[],6,FALSE) -> 0 | Y278: =+DailySales!$V278*DailySales!$X278 -> 0 | Z278: 105000 | AH278: 46034 | AI278: 105000 | AN278: =Table85[[#This Row],[သင့်ငွေ]]+Table85[[#This Row],[စာရင်းဖွင့်]]-Table85[[#This Row],[ဈေးဟောင်းလျှော့]]-Table85[[#This Row],[‌ကော်မရှင်]]-Table85[[#This Row],[‌ဈေးလျှော့]]-Table85[[#This Row],[ကားခလျှော့]]+Table85[[#This Row],[ကားခ+]]-Table85[[#This Row],[ကြွေးရငွေ2]]-Table85[[#This Row],[ကြွေးရငွေ3]]-Table85[[#This Row],[ကြွေးရငွေ4]]-Table85[[#This Row],[ကြွေးရငွေ]] -> 0
A279: =YEAR(C279) -> 2025 | B279: =MONTH(C279) -> 12 | C279: 46004 | D279: =TODAY() -> 46097 | E279: =DATEDIF(C279,D279,"M")&"-Months" -> 3-Months | F279: =VLOOKUP(O279,Stock[],5,FALSE) -> BE | G279: 12575 | I279: UWN | J279: =VLOOKUP(I279,Customers[],2,FALSE) -> ဦးဝင်းနိုင် | K279: =VLOOKUP(I279,Customers[],4,FALSE) -> Wandwin | L279: =VLOOKUP(Table85[[#This Row],[CustomerID]],Table!H:K,3,0) -> လျှော်ပင် | M279: =VLOOKUP(I279,Customers[],5,FALSE) -> WholeSales/Contract | N279: ကုန်ရောင်း(အကြွေး) | O279: BE Debtors | P279: =VLOOKUP(O279,Stock[],2,FALSE) -> BE Debtors Opening | Q279: =VLOOKUP(O279,Stock[],3,FALSE) -> 0 | R279: =VLOOKUP(O279,Stock[],4,FALSE) -> 0 | V279: =+DailySales!$T279*DailySales!$R279 -> 0 | W279: =+DailySales!$V279*DailySales!$Q279 -> 0 | X279: =VLOOKUP(O279,Stock[],6,FALSE) -> 0 | Y279: =+DailySales!$V279*DailySales!$X279 -> 0 | Z279: 1582700 | AJ279: 46027 | AK279: 1582700 | AN279: =Table85[[#This Row],[သင့်ငွေ]]+Table85[[#This Row],[စာရင်းဖွင့်]]-Table85[[#This Row],[ဈေးဟောင်းလျှော့]]-Table85[[#This Row],[‌ကော်မရှင်]]-Table85[[#This Row],[‌ဈေးလျှော့]]-Table85[[#This Row],[ကားခလျှော့]]+Table85[[#This Row],[ကားခ+]]-Table85[[#This Row],[ကြွေးရငွေ2]]-Table85[[#This Row],[ကြွေးရငွေ3]]-Table85[[#This Row],[ကြွေးရငွေ4]]-Table85[[#This Row],[ကြွေးရငွေ]] -> 0
A280: =YEAR(C280) -> 2025 | B280: =MONTH(C280) -> 12 | C280: 46004 | D280: =TODAY() -> 46097 | E280: =DATEDIF(C280,D280,"M")&"-Months" -> 3-Months | F280: =VLOOKUP(O280,Stock[],5,FALSE) -> BE | G280: 12575 | I280: UWN | J280: =VLOOKUP(I280,Customers[],2,FALSE) -> ဦးဝင်းနိုင် | K280: =VLOOKUP(I280,Customers[],4,FALSE) -> Wandwin | L280: =VLOOKUP(Table85[[#This Row],[CustomerID]],Table!H:K,3,0) -> လျှော်ပင် | M280: =VLOOKUP(I280,Customers[],5,FALSE) -> WholeSales/Contract | N280: ကုန်ရောင်း(အကြွေး) | O280: BE Debtors | P280: =VLOOKUP(O280,Stock[],2,FALSE) -> BE Debtors Opening | Q280: =VLOOKUP(O280,Stock[],3,FALSE) -> 0 | R280: =VLOOKUP(O280,Stock[],4,FALSE) -> 0 | V280: =+DailySales!$T280*DailySales!$R280 -> 0 | W280: =+DailySales!$V280*DailySales!$Q280 -> 0 | X280: =VLOOKUP(O280,Stock[],6,FALSE) -> 0 | Y280: =+DailySales!$V280*DailySales!$X280 -> 0 | Z280: 959000 | AJ280: 46027 | AK280: 959000 | AN280: =Table85[[#This Row],[သင့်ငွေ]]+Table85[[#This Row],[စာရင်းဖွင့်]]-Table85[[#This Row],[ဈေးဟောင်းလျှော့]]-Table85[[#This Row],[‌ကော်မရှင်]]-Table85[[#This Row],[‌ဈေးလျှော့]]-Table85[[#This Row],[ကားခလျှော့]]+Table85[[#This Row],[ကားခ+]]-Table85[[#This Row],[ကြွေးရငွေ2]]-Table85[[#This Row],[ကြွေးရငွေ3]]-Table85[[#This Row],[ကြွေးရငွေ4]]-Table85[[#This Row],[ကြွေးရငွေ]] -> 0
A281: =YEAR(C281) -> 2025 | B281: =MONTH(C281) -> 12 | C281: 46004 | D281: =TODAY() -> 46097 | E281: =DATEDIF(C281,D281,"M")&"-Months" -> 3-Months | F281: =VLOOKUP(O281,Stock[],5,FALSE) -> BE | G281: 12575 | I281: UWN | J281: =VLOOKUP(I281,Customers[],2,FALSE) -> ဦးဝင်းနိုင် | K281: =VLOOKUP(I281,Customers[],4,FALSE) -> Wandwin | L281: =VLOOKUP(Table85[[#This Row],[CustomerID]],Table!H:K,3,0) -> လျှော်ပင် | M281: =VLOOKUP(I281,Customers[],5,FALSE) -> WholeSales/Contract | N281: ကုန်ရောင်း(အကြွေး) | O281: BE Debtors | P281: =VLOOKUP(O281,Stock[],2,FALSE) -> BE Debtors Opening | Q281: =VLOOKUP(O281,Stock[],3,FALSE) -> 0 | R281: =VLOOKUP(O281,Stock[],4,FALSE) -> 0 | V281: =+DailySales!$T281*DailySales!$R281 -> 0 | W281: =+DailySales!$V281*DailySales!$Q281 -> 0 | X281: =VLOOKUP(O281,Stock[],6,FALSE) -> 0 | Y281: =+DailySales!$V281*DailySales!$X281 -> 0 | Z281: 1117200 | AH281: 46029 | AI281: 293175 | AJ281: 46027 | AK281: 824025 | AN281: =Table85[[#This Row],[သင့်ငွေ]]+Table85[[#This Row],[စာရင်းဖွင့်]]-Table85[[#This Row],[ဈေးဟောင်းလျှော့]]-Table85[[#This Row],[‌ကော်မရှင်]]-Table85[[#This Row],[‌ဈေးလျှော့]]-Table85[[#This Row],[ကားခလျှော့]]+Table85[[#This Row],[ကားခ+]]-Table85[[#This Row],[ကြွေးရငွေ2]]-Table85[[#This Row],[ကြွေးရငွေ3]]-Table85[[#This Row],[ကြွေးရငွေ4]]-Table85[[#This Row],[ကြွေးရငွေ]] -> 0
A282: =YEAR(C282) -> 2025 | B282: =MONTH(C282) -> 12 | C282: 46004 | D282: =TODAY() -> 46097 | E282: =DATEDIF(C282,D282,"M")&"-Months" -> 3-Months | F282: =VLOOKUP(O282,Stock[],5,FALSE) -> BE | G282: 12575 | I282: UWN | J282: =VLOOKUP(I282,Customers[],2,FALSE) -> ဦးဝင်းနိုင် | K282: =VLOOKUP(I282,Customers[],4,FALSE) -> Wandwin | L282: =VLOOKUP(Table85[[#This Row],[CustomerID]],Table!H:K,3,0) -> လျှော်ပင် | M282: =VLOOKUP(I282,Customers[],5,FALSE) -> WholeSales/Contract | N282: ကုန်ရောင်း(အကြွေး) | O282: BE Debtors | P282: =VLOOKUP(O282,Stock[],2,FALSE) -> BE Debtors Opening | Q282: =VLOOKUP(O282,Stock[],3,FALSE) -> 0 | R282: =VLOOKUP(O282,Stock[],4,FALSE) -> 0 | V282: =+DailySales!$T282*DailySales!$R282 -> 0 | W282: =+DailySales!$V282*DailySales!$Q282 -> 0 | X282: =VLOOKUP(O282,Stock[],6,FALSE) -> 0 | Y282: =+DailySales!$V282*DailySales!$X282 -> 0 | Z282: 93100 | AH282: 46029 | AI282: 93100 | AN282: =Table85[[#This Row],[သင့်ငွေ]]+Table85[[#This Row],[စာရင်းဖွင့်]]-Table85[[#This Row],[ဈေးဟောင်းလျှော့]]-Table85[[#This Row],[‌ကော်မရှင်]]-Table85[[#This Row],[‌ဈေးလျှော့]]-Table85[[#This Row],[ကားခလျှော့]]+Table85[[#This Row],[ကားခ+]]-Table85[[#This Row],[ကြွေးရငွေ2]]-Table85[[#This Row],[ကြွေးရငွေ3]]-Table85[[#This Row],[ကြွေးရငွေ4]]-Table85[[#This Row],[ကြွေးရငွေ]] -> 0
A283: =YEAR(C283) -> 2025 | B283: =MONTH(C283) -> 12 | C283: 46004 | D283: =TODAY() -> 46097 | E283: =DATEDIF(C283,D283,"M")&"-Months" -> 3-Months | F283: =VLOOKUP(O283,Stock[],5,FALSE) -> BE | G283: 12575 | I283: UWN | J283: =VLOOKUP(I283,Customers[],2,FALSE) -> ဦးဝင်းနိုင် | K283: =VLOOKUP(I283,Customers[],4,FALSE) -> Wandwin | L283: =VLOOKUP(Table85[[#This Row],[CustomerID]],Table!H:K,3,0) -> လျှော်ပင် | M283: =VLOOKUP(I283,Customers[],5,FALSE) -> WholeSales/Contract | N283: ကုန်ရောင်း(အကြွေး) | O283: BE Debtors | P283: =VLOOKUP(O283,Stock[],2,FALSE) -> BE Debtors Opening | Q283: =VLOOKUP(O283,Stock[],3,FALSE) -> 0 | R283: =VLOOKUP(O283,Stock[],4,FALSE) -> 0 | V283: =+DailySales!$T283*DailySales!$R283 -> 0 | W283: =+DailySales!$V283*DailySales!$Q283 -> 0 | X283: =VLOOKUP(O283,Stock[],6,FALSE) -> 0 | Y283: =+DailySales!$V283*DailySales!$X283 -> 0 | Z283: 186200 | AH283: 46029 | AI283: 186200 | AN283: =Table85[[#This Row],[သင့်ငွေ]]+Table85[[#This Row],[စာရင်းဖွင့်]]-Table85[[#This Row],[ဈေးဟောင်းလျှော့]]-Table85[[#This Row],[‌ကော်မရှင်]]-Table85[[#This Row],[‌ဈေးလျှော့]]-Table85[[#This Row],[ကားခလျှော့]]+Table85[[#This Row],[ကားခ+]]-Table85[[#This Row],[ကြွေးရငွေ2]]-Table85[[#This Row],[ကြွေးရငွေ3]]-Table85[[#This Row],[ကြွေးရငွေ4]]-Table85[[#This Row],[ကြွေးရငွေ]] -> 0
A284: =YEAR(C284) -> 2025 | B284: =MONTH(C284) -> 12 | C284: 46004 | D284: =TODAY() -> 46097 | E284: =DATEDIF(C284,D284,"M")&"-Months" -> 3-Months | F284: =VLOOKUP(O284,Stock[],5,FALSE) -> BE | G284: 12575 | I284: UWN | J284: =VLOOKUP(I284,Customers[],2,FALSE) -> ဦးဝင်းနိုင် | K284: =VLOOKUP(I284,Customers[],4,FALSE) -> Wandwin | L284: =VLOOKUP(Table85[[#This Row],[CustomerID]],Table!H:K,3,0) -> လျှော်ပင် | M284: =VLOOKUP(I284,Customers[],5,FALSE) -> WholeSales/Contract | N284: ကုန်ရောင်း(အကြွေး) | O284: BE Debtors | P284: =VLOOKUP(O284,Stock[],2,FALSE) -> BE Debtors Opening | Q284: =VLOOKUP(O284,Stock[],3,FALSE) -> 0 | R284: =VLOOKUP(O284,Stock[],4,FALSE) -> 0 | V284: =+DailySales!$T284*DailySales!$R284 -> 0 | W284: =+DailySales!$V284*DailySales!$Q284 -> 0 | X284: =VLOOKUP(O284,Stock[],6,FALSE) -> 0 | Y284: =+DailySales!$V284*DailySales!$X284 -> 0 | Z284: 193200 | AH284: 46029 | AI284: 193200 | AN284: =Table85[[#This Row],[သင့်ငွေ]]+Table85[[#This Row],[စာရင်းဖွင့်]]-Table85[[#This Row],[ဈေးဟောင်းလျှော့]]-Table85[[#This Row],[‌ကော်မရှင်]]-Table85[[#This Row],[‌ဈေးလျှော့]]-Table85[[#This Row],[ကားခလျှော့]]+Table85[[#This Row],[ကားခ+]]-Table85[[#This Row],[ကြွေးရငွေ2]]-Table85[[#This Row],[ကြွေးရငွေ3]]-Table85[[#This Row],[ကြွေးရငွေ4]]-Table85[[#This Row],[ကြွေးရငွေ]] -> 0
A285: =YEAR(C285) -> 2025 | B285: =MONTH(C285) -> 12 | C285: 46004 | D285: =TODAY() -> 46097 | E285: =DATEDIF(C285,D285,"M")&"-Months" -> 3-Months | F285: =VLOOKUP(O285,Stock[],5,FALSE) -> BE | G285: 12575 | I285: UWN | J285: =VLOOKUP(I285,Customers[],2,FALSE) -> ဦးဝင်းနိုင် | K285: =VLOOKUP(I285,Customers[],4,FALSE) -> Wandwin | L285: =VLOOKUP(Table85[[#This Row],[CustomerID]],Table!H:K,3,0) -> လျှော်ပင် | M285: =VLOOKUP(I285,Customers[],5,FALSE) -> WholeSales/Contract | N285: ကုန်ရောင်း(အကြွေး) | O285: BE Debtors | P285: =VLOOKUP(O285,Stock[],2,FALSE) -> BE Debtors Opening | Q285: =VLOOKUP(O285,Stock[],3,FALSE) -> 0 | R285: =VLOOKUP(O285,Stock[],4,FALSE) -> 0 | V285: =+DailySales!$T285*DailySales!$R285 -> 0 | W285: =+DailySales!$V285*DailySales!$Q285 -> 0 | X285: =VLOOKUP(O285,Stock[],6,FALSE) -> 0 | Y285: =+DailySales!$V285*DailySales!$X285 -> 0 | Z285: 372400 | AH285: 46029 | AI285: 372400 | AN285: =Table85[[#This Row],[သင့်ငွေ]]+Table85[[#This Row],[စာရင်းဖွင့်]]-Table85[[#This Row],[ဈေးဟောင်းလျှော့]]-Table85[[#This Row],[‌ကော်မရှင်]]-Table85[[#This Row],[‌ဈေးလျှော့]]-Table85[[#This Row],[ကားခလျှော့]]+Table85[[#This Row],[ကားခ+]]-Table85[[#This Row],[ကြွေးရငွေ2]]-Table85[[#This Row],[ကြွေးရငွေ3]]-Table85[[#This Row],[ကြွေးရငွေ4]]-Table85[[#This Row],[ကြွေးရငွေ]] -> 0
A286: =YEAR(C286) -> 2025 | B286: =MONTH(C286) -> 12 | C286: 46004 | D286: =TODAY() -> 46097 | E286: =DATEDIF(C286,D286,"M")&"-Months" -> 3-Months | F286: =VLOOKUP(O286,Stock[],5,FALSE) -> BE | G286: 12575 | I286: UWN | J286: =VLOOKUP(I286,Customers[],2,FALSE) -> ဦးဝင်းနိုင် | K286: =VLOOKUP(I286,Customers[],4,FALSE) -> Wandwin | L286: =VLOOKUP(Table85[[#This Row],[CustomerID]],Table!H:K,3,0) -> လျှော်ပင် | M286: =VLOOKUP(I286,Customers[],5,FALSE) -> WholeSales/Contract | N286: ကုန်ရောင်း(အကြွေး) | O286: BE Debtors | P286: =VLOOKUP(O286,Stock[],2,FALSE) -> BE Debtors Opening | Q286: =VLOOKUP(O286,Stock[],3,FALSE) -> 0 | R286: =VLOOKUP(O286,Stock[],4,FALSE) -> 0 | V286: =+DailySales!$T286*DailySales!$R286 -> 0 | W286: =+DailySales!$V286*DailySales!$Q286 -> 0 | X286: =VLOOKUP(O286,Stock[],6,FALSE) -> 0 | Y286: =+DailySales!$V286*DailySales!$X286 -> 0 | Z286: 478800 | AH286: 46029 | AI286: 478800 | AN286: =Table85[[#This Row],[သင့်ငွေ]]+Table85[[#This Row],[စာရင်းဖွင့်]]-Table85[[#This Row],[ဈေးဟောင်းလျှော့]]-Table85[[#This Row],[‌ကော်မရှင်]]-Table85[[#This Row],[‌ဈေးလျှော့]]-Table85[[#This Row],[ကားခလျှော့]]+Table85[[#This Row],[ကားခ+]]-Table85[[#This Row],[ကြွေးရငွေ2]]-Table85[[#This Row],[ကြွေးရငွေ3]]-Table85[[#This Row],[ကြွေးရငွေ4]]-Table85[[#This Row],[ကြွေးရငွေ]] -> 0
A287: =YEAR(C287) -> 2025 | B287: =MONTH(C287) -> 12 | C287: 46004 | D287: =TODAY() -> 46097 | E287: =DATEDIF(C287,D287,"M")&"-Months" -> 3-Months | F287: =VLOOKUP(O287,Stock[],5,FALSE) -> BE | G287: 12575 | I287: UWN | J287: =VLOOKUP(I287,Customers[],2,FALSE) -> ဦးဝင်းနိုင် | K287: =VLOOKUP(I287,Customers[],4,FALSE) -> Wandwin | L287: =VLOOKUP(Table85[[#This Row],[CustomerID]],Table!H:K,3,0) -> လျှော်ပင် | M287: =VLOOKUP(I287,Customers[],5,FALSE) -> WholeSales/Contract | N287: ကုန်ရောင်း(အကြွေး) | O287: BE Debtors | P287: =VLOOKUP(O287,Stock[],2,FALSE) -> BE Debtors Opening | Q287: =VLOOKUP(O287,Stock[],3,FALSE) -> 0 | R287: =VLOOKUP(O287,Stock[],4,FALSE) -> 0 | V287: =+DailySales!$T287*DailySales!$R287 -> 0 | W287: =+DailySales!$V287*DailySales!$Q287 -> 0 | X287: =VLOOKUP(O287,Stock[],6,FALSE) -> 0 | Y287: =+DailySales!$V287*DailySales!$X287 -> 0 | Z287: 945000 | AH287: 46029 | AI287: 458125 | AJ287: 46031 | AK287: 486875 | AN287: =Table85[[#This Row],[သင့်ငွေ]]+Table85[[#This Row],[စာရင်းဖွင့်]]-Table85[[#This Row],[ဈေးဟောင်းလျှော့]]-Table85[[#This Row],[‌ကော်မရှင်]]-Table85[[#This Row],[‌ဈေးလျှော့]]-Table85[[#This Row],[ကားခလျှော့]]+Table85[[#This Row],[ကားခ+]]-Table85[[#This Row],[ကြွေးရငွေ2]]-Table85[[#This Row],[ကြွေးရငွေ3]]-Table85[[#This Row],[ကြွေးရငွေ4]]-Table85[[#This Row],[ကြွေးရငွေ]] -> 0
A288: =YEAR(C288) -> 2025 | B288: =MONTH(C288) -> 12 | C288: 46004 | D288: =TODAY() -> 46097 | E288: =DATEDIF(C288,D288,"M")&"-Months" -> 3-Months | F288: =VLOOKUP(O288,Stock[],5,FALSE) -> BE | G288: 12575 | I288: UWN | J288: =VLOOKUP(I288,Customers[],2,FALSE) -> ဦးဝင်းနိုင် | K288: =VLOOKUP(I288,Customers[],4,FALSE) -> Wandwin | L288: =VLOOKUP(Table85[[#This Row],[CustomerID]],Table!H:K,3,0) -> လျှော်ပင် | M288: =VLOOKUP(I288,Customers[],5,FALSE) -> WholeSales/Contract | N288: ကုန်ရောင်း(အကြွေး) | O288: BE Debtors | P288: =VLOOKUP(O288,Stock[],2,FALSE) -> BE Debtors Opening | Q288: =VLOOKUP(O288,Stock[],3,FALSE) -> 0 | R288: =VLOOKUP(O288,Stock[],4,FALSE) -> 0 | V288: =+DailySales!$T288*DailySales!$R288 -> 0 | W288: =+DailySales!$V288*DailySales!$Q288 -> 0 | X288: =VLOOKUP(O288,Stock[],6,FALSE) -> 0 | Y288: =+DailySales!$V288*DailySales!$X288 -> 0 | Z288: 1260000 | AJ288: 46031 | AK288: 1260000 | AN288: =Table85[[#This Row],[သင့်ငွေ]]+Table85[[#This Row],[စာရင်းဖွင့်]]-Table85[[#This Row],[ဈေးဟောင်းလျှော့]]-Table85[[#This Row],[‌ကော်မရှင်]]-Table85[[#This Row],[‌ဈေးလျှော့]]-Table85[[#This Row],[ကားခလျှော့]]+Table85[[#This Row],[ကားခ+]]-Table85[[#This Row],[ကြွေးရငွေ2]]-Table85[[#This Row],[ကြွေးရငွေ3]]-Table85[[#This Row],[ကြွေးရငွေ4]]-Table85[[#This Row],[ကြွေးရငွေ]] -> 0
A289: =YEAR(C289) -> 2025 | B289: =MONTH(C289) -> 12 | C289: 46004 | D289: =TODAY() -> 46097 | E289: =DATEDIF(C289,D289,"M")&"-Months" -> 3-Months | F289: =VLOOKUP(O289,Stock[],5,FALSE) -> BE | G289: 12575 | I289: UWN | J289: =VLOOKUP(I289,Customers[],2,FALSE) -> ဦးဝင်းနိုင် | K289: =VLOOKUP(I289,Customers[],4,FALSE) -> Wandwin | L289: =VLOOKUP(Table85[[#This Row],[CustomerID]],Table!H:K,3,0) -> လျှော်ပင် | M289: =VLOOKUP(I289,Customers[],5,FALSE) -> WholeSales/Contract | N289: ကုန်ရောင်း(အကြွေး) | O289: BE Debtors | P289: =VLOOKUP(O289,Stock[],2,FALSE) -> BE Debtors Opening | Q289: =VLOOKUP(O289,Stock[],3,FALSE) -> 0 | R289: =VLOOKUP(O289,Stock[],4,FALSE) -> 0 | V289: =+DailySales!$T289*DailySales!$R289 -> 0 | W289: =+DailySales!$V289*DailySales!$Q289 -> 0 | X289: =VLOOKUP(O289,Stock[],6,FALSE) -> 0 | Y289: =+DailySales!$V289*DailySales!$X289 -> 0 | Z289: 275400 | AJ289: 46031 | AK289: 275400 | AN289: =Table85[[#This Row],[သင့်ငွေ]]+Table85[[#This Row],[စာရင်းဖွင့်]]-Table85[[#This Row],[ဈေးဟောင်းလျှော့]]-Table85[[#This Row],[‌ကော်မရှင်]]-Table85[[#This Row],[‌ဈေးလျှော့]]-Table85[[#This Row],[ကားခလျှော့]]+Table85[[#This Row],[ကားခ+]]-Table85[[#This Row],[ကြွေးရငွေ2]]-Table85[[#This Row],[ကြွေးရငွေ3]]-Table85[[#This Row],[ကြွေးရငွေ4]]-Table85[[#This Row],[ကြွေးရငွေ]] -> 0
A290: =YEAR(C290) -> 2025 | B290: =MONTH(C290) -> 12 | C290: 46004 | D290: =TODAY() -> 46097 | E290: =DATEDIF(C290,D290,"M")&"-Months" -> 3-Months | F290: =VLOOKUP(O290,Stock[],5,FALSE) -> BE | G290: 12578 | I290: SM | J290: =VLOOKUP(I290,Customers[],2,FALSE) -> ရွှေမြင်း | K290: =VLOOKUP(I290,Customers[],4,FALSE) -> Meiktila | L290: =VLOOKUP(Table85[[#This Row],[CustomerID]],Table!H:K,3,0) -> မိတ္ထီလာ | M290: =VLOOKUP(I290,Customers[],5,FALSE) -> WholeSales/Contract | N290: ကုန်ရောင်း(အကြွေး) | O290: BE Debtors | P290: =VLOOKUP(O290,Stock[],2,FALSE) -> BE Debtors Opening | Q290: =VLOOKUP(O290,Stock[],3,FALSE) -> 0 | R290: =VLOOKUP(O290,Stock[],4,FALSE) -> 0 | V290: =+DailySales!$T290*DailySales!$R290 -> 0 | W290: =+DailySales!$V290*DailySales!$Q290 -> 0 | X290: =VLOOKUP(O290,Stock[],6,FALSE) -> 0 | Y290: =+DailySales!$V290*DailySales!$X290 -> 0 | Z290: 1303400 | AH290: 46034 | AI290: 1303400 | AN290: =Table85[[#This Row],[သင့်ငွေ]]+Table85[[#This Row],[စာရင်းဖွင့်]]-Table85[[#This Row],[ဈေးဟောင်းလျှော့]]-Table85[[#This Row],[‌ကော်မရှင်]]-Table85[[#This Row],[‌ဈေးလျှော့]]-Table85[[#This Row],[ကားခလျှော့]]+Table85[[#This Row],[ကားခ+]]-Table85[[#This Row],[ကြွေးရငွေ2]]-Table85[[#This Row],[ကြွေးရငွေ3]]-Table85[[#This Row],[ကြွေးရငွေ4]]-Table85[[#This Row],[ကြွေးရငွေ]] -> 0
A291: =YEAR(C291) -> 2025 | B291: =MONTH(C291) -> 12 | C291: 46004 | D291: =TODAY() -> 46097 | E291: =DATEDIF(C291,D291,"M")&"-Months" -> 3-Months | F291: =VLOOKUP(O291,Stock[],5,FALSE) -> BE | G291: 12582 | I291: SM(SCT) | J291: =VLOOKUP(I291,Customers[],2,FALSE) -> ရွှေမြင်း(ရွှေခြင်္သေ့) | K291: =VLOOKUP(I291,Customers[],4,FALSE) -> Meiktila | L291: =VLOOKUP(Table85[[#This Row],[CustomerID]],Table!H:K,3,0) -> မိတ္ထီလာ | M291: =VLOOKUP(I291,Customers[],5,FALSE) -> WholeSales/Contract | N291: ကုန်ရောင်း(အကြွေး) | O291: BE Debtors | P291: =VLOOKUP(O291,Stock[],2,FALSE) -> BE Debtors Opening | Q291: =VLOOKUP(O291,Stock[],3,FALSE) -> 0 | R291: =VLOOKUP(O291,Stock[],4,FALSE) -> 0 | V291: =+DailySales!$T291*DailySales!$R291 -> 0 | W291: =+DailySales!$V291*DailySales!$Q291 -> 0 | X291: =VLOOKUP(O291,Stock[],6,FALSE) -> 0 | Y291: =+DailySales!$V291*DailySales!$X291 -> 0 | Z291: 1436400 | AH291: 46034 | AI291: 1436400 | AN291: =Table85[[#This Row],[သင့်ငွေ]]+Table85[[#This Row],[စာရင်းဖွင့်]]-Table85[[#This Row],[ဈေးဟောင်းလျှော့]]-Table85[[#This Row],[‌ကော်မရှင်]]-Table85[[#This Row],[‌ဈေးလျှော့]]-Table85[[#This Row],[ကားခလျှော့]]+Table85[[#This Row],[ကားခ+]]-Table85[[#This Row],[ကြွေးရငွေ2]]-Table85[[#This Row],[ကြွေးရငွေ3]]-Table85[[#This Row],[ကြွေးရငွေ4]]-Table85[[#This Row],[ကြွေးရငွေ]] -> 0
A292: =YEAR(C292) -> 2025 | B292: =MONTH(C292) -> 12 | C292: 46004 | D292: =TODAY() -> 46097 | E292: =DATEDIF(C292,D292,"M")&"-Months" -> 3-Months | F292: =VLOOKUP(O292,Stock[],5,FALSE) -> BE | G292: 12582 | I292: SM(SCT) | J292: =VLOOKUP(I292,Customers[],2,FALSE) -> ရွှေမြင်း(ရွှေခြင်္သေ့) | K292: =VLOOKUP(I292,Customers[],4,FALSE) -> Meiktila | L292: =VLOOKUP(Table85[[#This Row],[CustomerID]],Table!H:K,3,0) -> မိတ္ထီလာ | M292: =VLOOKUP(I292,Customers[],5,FALSE) -> WholeSales/Contract | N292: ကုန်ရောင်း(အကြွေး) | O292: BE Debtors | P292: =VLOOKUP(O292,Stock[],2,FALSE) -> BE Debtors Opening | Q292: =VLOOKUP(O292,Stock[],3,FALSE) -> 0 | R292: =VLOOKUP(O292,Stock[],4,FALSE) -> 0 | V292: =+DailySales!$T292*DailySales!$R292 -> 0 | W292: =+DailySales!$V292*DailySales!$Q292 -> 0 | X292: =VLOOKUP(O292,Stock[],6,FALSE) -> 0 | Y292: =+DailySales!$V292*DailySales!$X292 -> 0 | Z292: 193200 | AH292: 46034 | AI292: 193200 | AN292: =Table85[[#This Row],[သင့်ငွေ]]+Table85[[#This Row],[စာရင်းဖွင့်]]-Table85[[#This Row],[ဈေးဟောင်းလျှော့]]-Table85[[#This Row],[‌ကော်မရှင်]]-Table85[[#This Row],[‌ဈေးလျှော့]]-Table85[[#This Row],[ကားခလျှော့]]+Table85[[#This Row],[ကားခ+]]-Table85[[#This Row],[ကြွေးရငွေ2]]-Table85[[#This Row],[ကြွေးရငွေ3]]-Table85[[#This Row],[ကြွေးရငွေ4]]-Table85[[#This Row],[ကြွေးရငွေ]] -> 0
A293: =YEAR(C293) -> 2025 | B293: =MONTH(C293) -> 12 | C293: 46004 | D293: =TODAY() -> 46097 | E293: =DATEDIF(C293,D293,"M")&"-Months" -> 3-Months | F293: =VLOOKUP(O293,Stock[],5,FALSE) -> BE | G293: 12583 | I293: UWN | J293: =VLOOKUP(I293,Customers[],2,FALSE) -> ဦးဝင်းနိုင် | K293: =VLOOKUP(I293,Customers[],4,FALSE) -> Wandwin | L293: =VLOOKUP(Table85[[#This Row],[CustomerID]],Table!H:K,3,0) -> လျှော်ပင် | M293: =VLOOKUP(I293,Customers[],5,FALSE) -> WholeSales/Contract | N293: ကုန်ရောင်း(အကြွေး) | O293: BE Debtors | P293: =VLOOKUP(O293,Stock[],2,FALSE) -> BE Debtors Opening | Q293: =VLOOKUP(O293,Stock[],3,FALSE) -> 0 | R293: =VLOOKUP(O293,Stock[],4,FALSE) -> 0 | V293: =+DailySales!$T293*DailySales!$R293 -> 0 | W293: =+DailySales!$V293*DailySales!$Q293 -> 0 | X293: =VLOOKUP(O293,Stock[],6,FALSE) -> 0 | Y293: =+DailySales!$V293*DailySales!$X293 -> 0 | Z293: 575400 | AJ293: 46031 | AK293: 575400 | AN293: =Table85[[#This Row],[သင့်ငွေ]]+Table85[[#This Row],[စာရင်းဖွင့်]]-Table85[[#This Row],[ဈေးဟောင်းလျှော့]]-Table85[[#This Row],[‌ကော်မရှင်]]-Table85[[#This Row],[‌ဈေးလျှော့]]-Table85[[#This Row],[ကားခလျှော့]]+Table85[[#This Row],[ကားခ+]]-Table85[[#This Row],[ကြွေးရငွေ2]]-Table85[[#This Row],[ကြွေးရငွေ3]]-Table85[[#This Row],[ကြွေးရငွေ4]]-Table85[[#This Row],[ကြွေးရငွေ]] -> 0
A294: =YEAR(C294) -> 2025 | B294: =MONTH(C294) -> 12 | C294: 46004 | D294: =TODAY() -> 46097 | E294: =DATEDIF(C294,D294,"M")&"-Months" -> 3-Months | F294: =VLOOKUP(O294,Stock[],5,FALSE) -> BE | G294: 12583 | I294: UWN | J294: =VLOOKUP(I294,Customers[],2,FALSE) -> ဦးဝင်းနိုင် | K294: =VLOOKUP(I294,Customers[],4,FALSE) -> Wandwin | L294: =VLOOKUP(Table85[[#This Row],[CustomerID]],Table!H:K,3,0) -> လျှော်ပင် | M294: =VLOOKUP(I294,Customers[],5,FALSE) -> WholeSales/Contract | N294: ကုန်ရောင်း(အကြွေး) | O294: BE Debtors | P294: =VLOOKUP(O294,Stock[],2,FALSE) -> BE Debtors Opening | Q294: =VLOOKUP(O294,Stock[],3,FALSE) -> 0 | R294: =VLOOKUP(O294,Stock[],4,FALSE) -> 0 | V294: =+DailySales!$T294*DailySales!$R294 -> 0 | W294: =+DailySales!$V294*DailySales!$Q294 -> 0 | X294: =VLOOKUP(O294,Stock[],6,FALSE) -> 0 | Y294: =+DailySales!$V294*DailySales!$X294 -> 0 | Z294: 159600 | AJ294: 46031 | AK294: 159600 | AN294: =Table85[[#This Row],[သင့်ငွေ]]+Table85[[#This Row],[စာရင်းဖွင့်]]-Table85[[#This Row],[ဈေးဟောင်းလျှော့]]-Table85[[#This Row],[‌ကော်မရှင်]]-Table85[[#This Row],[‌ဈေးလျှော့]]-Table85[[#This Row],[ကားခလျှော့]]+Table85[[#This Row],[ကားခ+]]-Table85[[#This Row],[ကြွေးရငွေ2]]-Table85[[#This Row],[ကြွေးရငွေ3]]-Table85[[#This Row],[ကြွေးရငွေ4]]-Table85[[#This Row],[ကြွေးရငွေ]] -> 0
A295: =YEAR(C295) -> 2025 | B295: =MONTH(C295) -> 12 | C295: 46004 | D295: =TODAY() -> 46097 | E295: =DATEDIF(C295,D295,"M")&"-Months" -> 3-Months | F295: =VLOOKUP(O295,Stock[],5,FALSE) -> BE | G295: 12583 | I295: UWN | J295: =VLOOKUP(I295,Customers[],2,FALSE) -> ဦးဝင်းနိုင် | K295: =VLOOKUP(I295,Customers[],4,FALSE) -> Wandwin | L295: =VLOOKUP(Table85[[#This Row],[CustomerID]],Table!H:K,3,0) -> လျှော်ပင် | M295: =VLOOKUP(I295,Customers[],5,FALSE) -> WholeSales/Contract | N295: ကုန်ရောင်း(အကြွေး) | O295: BE Debtors | P295: =VLOOKUP(O295,Stock[],2,FALSE) -> BE Debtors Opening | Q295: =VLOOKUP(O295,Stock[],3,FALSE) -> 0 | R295: =VLOOKUP(O295,Stock[],4,FALSE) -> 0 | V295: =+DailySales!$T295*DailySales!$R295 -> 0 | W295: =+DailySales!$V295*DailySales!$Q295 -> 0 | X295: =VLOOKUP(O295,Stock[],6,FALSE) -> 0 | Y295: =+DailySales!$V295*DailySales!$X295 -> 0 | Z295: 186200 | AJ295: 46031 | AK295: 186200 | AN295: =Table85[[#This Row],[သင့်ငွေ]]+Table85[[#This Row],[စာရင်းဖွင့်]]-Table85[[#This Row],[ဈေးဟောင်းလျှော့]]-Table85[[#This Row],[‌ကော်မရှင်]]-Table85[[#This Row],[‌ဈေးလျှော့]]-Table85[[#This Row],[ကားခလျှော့]]+Table85[[#This Row],[ကားခ+]]-Table85[[#This Row],[ကြွေးရငွေ2]]-Table85[[#This Row],[ကြွေးရငွေ3]]-Table85[[#This Row],[ကြွေးရငွေ4]]-Table85[[#This Row],[ကြွေးရငွေ]] -> 0
A296: =YEAR(C296) -> 2025 | B296: =MONTH(C296) -> 12 | C296: 46004 | D296: =TODAY() -> 46097 | E296: =DATEDIF(C296,D296,"M")&"-Months" -> 3-Months | F296: =VLOOKUP(O296,Stock[],5,FALSE) -> BE | G296: 12583 | I296: UWN | J296: =VLOOKUP(I296,Customers[],2,FALSE) -> ဦးဝင်းနိုင် | K296: =VLOOKUP(I296,Customers[],4,FALSE) -> Wandwin | L296: =VLOOKUP(Table85[[#This Row],[CustomerID]],Table!H:K,3,0) -> လျှော်ပင် | M296: =VLOOKUP(I296,Customers[],5,FALSE) -> WholeSales/Contract | N296: ကုန်ရောင်း(အကြွေး) | O296: BE Debtors | P296: =VLOOKUP(O296,Stock[],2,FALSE) -> BE Debtors Opening | Q296: =VLOOKUP(O296,Stock[],3,FALSE) -> 0 | R296: =VLOOKUP(O296,Stock[],4,FALSE) -> 0 | V296: =+DailySales!$T296*DailySales!$R296 -> 0 | W296: =+DailySales!$V296*DailySales!$Q296 -> 0 | X296: =VLOOKUP(O296,Stock[],6,FALSE) -> 0 | Y296: =+DailySales!$V296*DailySales!$X296 -> 0 | Z296: 224000 | AJ296: 46031 | AK296: 224000 | AN296: =Table85[[#This Row],[သင့်ငွေ]]+Table85[[#This Row],[စာရင်းဖွင့်]]-Table85[[#This Row],[ဈေးဟောင်းလျှော့]]-Table85[[#This Row],[‌ကော်မရှင်]]-Table85[[#This Row],[‌ဈေးလျှော့]]-Table85[[#This Row],[ကားခလျှော့]]+Table85[[#This Row],[ကားခ+]]-Table85[[#This Row],[ကြွေးရငွေ2]]-Table85[[#This Row],[ကြွေးရငွေ3]]-Table85[[#This Row],[ကြွေးရငွေ4]]-Table85[[#This Row],[ကြွေးရငွေ]] -> 0
A297: =YEAR(C297) -> 2025 | B297: =MONTH(C297) -> 12 | C297: 46004 | D297: =TODAY() -> 46097 | E297: =DATEDIF(C297,D297,"M")&"-Months" -> 3-Months | F297: =VLOOKUP(O297,Stock[],5,FALSE) -> BE | G297: 12583 | I297: UWN | J297: =VLOOKUP(I297,Customers[],2,FALSE) -> ဦးဝင်းနိုင် | K297: =VLOOKUP(I297,Customers[],4,FALSE) -> Wandwin | L297: =VLOOKUP(Table85[[#This Row],[CustomerID]],Table!H:K,3,0) -> လျှော်ပင် | M297: =VLOOKUP(I297,Customers[],5,FALSE) -> WholeSales/Contract | N297: ကုန်ရောင်း(အကြွေး) | O297: BE Debtors | P297: =VLOOKUP(O297,Stock[],2,FALSE) -> BE Debtors Opening | Q297: =VLOOKUP(O297,Stock[],3,FALSE) -> 0 | R297: =VLOOKUP(O297,Stock[],4,FALSE) -> 0 | V297: =+DailySales!$T297*DailySales!$R297 -> 0 | W297: =+DailySales!$V297*DailySales!$Q297 -> 0 | X297: =VLOOKUP(O297,Stock[],6,FALSE) -> 0 | Y297: =+DailySales!$V297*DailySales!$X297 -> 0 | Z297: 183600 | AJ297: 46031 | AK297: 183600 | AN297: =Table85[[#This Row],[သင့်ငွေ]]+Table85[[#This Row],[စာရင်းဖွင့်]]-Table85[[#This Row],[ဈေးဟောင်းလျှော့]]-Table85[[#This Row],[‌ကော်မရှင်]]-Table85[[#This Row],[‌ဈေးလျှော့]]-Table85[[#This Row],[ကားခလျှော့]]+Table85[[#This Row],[ကားခ+]]-Table85[[#This Row],[ကြွေးရငွေ2]]-Table85[[#This Row],[ကြွေးရငွေ3]]-Table85[[#This Row],[ကြွေးရငွေ4]]-Table85[[#This Row],[ကြွေးရငွေ]] -> 0
A298: =YEAR(C298) -> 2025 | B298: =MONTH(C298) -> 12 | C298: 46004 | D298: =TODAY() -> 46097 | E298: =DATEDIF(C298,D298,"M")&"-Months" -> 3-Months | F298: =VLOOKUP(O298,Stock[],5,FALSE) -> BE | G298: 12584 | I298: SM(KK) | J298: =VLOOKUP(I298,Customers[],2,FALSE) -> ရွှေမြင်း(ကျော်ကြား) | K298: =VLOOKUP(I298,Customers[],4,FALSE) -> Mahlaing | L298: =VLOOKUP(Table85[[#This Row],[CustomerID]],Table!H:K,3,0) -> မလှိုင် | M298: =VLOOKUP(I298,Customers[],5,FALSE) -> WholeSales/Contract | N298: ကုန်ရောင်း(အကြွေး) | O298: BE Debtors | P298: =VLOOKUP(O298,Stock[],2,FALSE) -> BE Debtors Opening | Q298: =VLOOKUP(O298,Stock[],3,FALSE) -> 0 | R298: =VLOOKUP(O298,Stock[],4,FALSE) -> 0 | V298: =+DailySales!$T298*DailySales!$R298 -> 0 | W298: =+DailySales!$V298*DailySales!$Q298 -> 0 | X298: =VLOOKUP(O298,Stock[],6,FALSE) -> 0 | Y298: =+DailySales!$V298*DailySales!$X298 -> 0 | Z298: 931000 | AH298: 46034 | AI298: 931000 | AN298: =Table85[[#This Row],[သင့်ငွေ]]+Table85[[#This Row],[စာရင်းဖွင့်]]-Table85[[#This Row],[ဈေးဟောင်းလျှော့]]-Table85[[#This Row],[‌ကော်မရှင်]]-Table85[[#This Row],[‌ဈေးလျှော့]]-Table85[[#This Row],[ကားခလျှော့]]+Table85[[#This Row],[ကားခ+]]-Table85[[#This Row],[ကြွေးရငွေ2]]-Table85[[#This Row],[ကြွေးရငွေ3]]-Table85[[#This Row],[ကြွေးရငွေ4]]-Table85[[#This Row],[ကြွေးရငွေ]] -> 0
A299: =YEAR(C299) -> 2025 | B299: =MONTH(C299) -> 12 | C299: 46004 | D299: =TODAY() -> 46097 | E299: =DATEDIF(C299,D299,"M")&"-Months" -> 3-Months | F299: =VLOOKUP(O299,Stock[],5,FALSE) -> BE | G299: 12584 | I299: SM(KK) | J299: =VLOOKUP(I299,Customers[],2,FALSE) -> ရွှေမြင်း(ကျော်ကြား) | K299: =VLOOKUP(I299,Customers[],4,FALSE) -> Mahlaing | L299: =VLOOKUP(Table85[[#This Row],[CustomerID]],Table!H:K,3,0) -> မလှိုင် | M299: =VLOOKUP(I299,Customers[],5,FALSE) -> WholeSales/Contract | N299: ကုန်ရောင်း(အကြွေး) | O299: BE Debtors | P299: =VLOOKUP(O299,Stock[],2,FALSE) -> BE Debtors Opening | Q299: =VLOOKUP(O299,Stock[],3,FALSE) -> 0 | R299: =VLOOKUP(O299,Stock[],4,FALSE) -> 0 | V299: =+DailySales!$T299*DailySales!$R299 -> 0 | W299: =+DailySales!$V299*DailySales!$Q299 -> 0 | X299: =VLOOKUP(O299,Stock[],6,FALSE) -> 0 | Y299: =+DailySales!$V299*DailySales!$X299 -> 0 | Z299: 1915200 | AH299: 46034 | AI299: 1915200 | AN299: =Table85[[#This Row],[သင့်ငွေ]]+Table85[[#This Row],[စာရင်းဖွင့်]]-Table85[[#This Row],[ဈေးဟောင်းလျှော့]]-Table85[[#This Row],[‌ကော်မရှင်]]-Table85[[#This Row],[‌ဈေးလျှော့]]-Table85[[#This Row],[ကားခလျှော့]]+Table85[[#This Row],[ကားခ+]]-Table85[[#This Row],[ကြွေးရငွေ2]]-Table85[[#This Row],[ကြွေးရငွေ3]]-Table85[[#This Row],[ကြွေးရငွေ4]]-Table85[[#This Row],[ကြွေးရငွေ]] -> 0
A300: =YEAR(C300) -> 2025 | B300: =MONTH(C300) -> 12 | C300: 46004 | D300: =TODAY() -> 46097 | E300: =DATEDIF(C300,D300,"M")&"-Months" -> 3-Months | F300: =VLOOKUP(O300,Stock[],5,FALSE) -> BE | G300: 12584 | I300: SM(KK) | J300: =VLOOKUP(I300,Customers[],2,FALSE) -> ရွှေမြင်း(ကျော်ကြား) | K300: =VLOOKUP(I300,Customers[],4,FALSE) -> Mahlaing | L300: =VLOOKUP(Table85[[#This Row],[CustomerID]],Table!H:K,3,0) -> မလှိုင် | M300: =VLOOKUP(I300,Customers[],5,FALSE) -> WholeSales/Contract | N300: ကုန်ရောင်း(အကြွေး) | O300: BE Debtors | P300: =VLOOKUP(O300,Stock[],2,FALSE) -> BE Debtors Opening | Q300: =VLOOKUP(O300,Stock[],3,FALSE) -> 0 | R300: =VLOOKUP(O300,Stock[],4,FALSE) -> 0 | V300: =+DailySales!$T300*DailySales!$R300 -> 0 | W300: =+DailySales!$V300*DailySales!$Q300 -> 0 | X300: =VLOOKUP(O300,Stock[],6,FALSE) -> 0 | Y300: =+DailySales!$V300*DailySales!$X300 -> 0 | Z300: 966000 | AH300: 46034 | AI300: 966000 | AN300: =Table85[[#This Row],[သင့်ငွေ]]+Table85[[#This Row],[စာရင်းဖွင့်]]-Table85[[#This Row],[ဈေးဟောင်းလျှော့]]-Table85[[#This Row],[‌ကော်မရှင်]]-Table85[[#This Row],[‌ဈေးလျှော့]]-Table85[[#This Row],[ကားခလျှော့]]+Table85[[#This Row],[ကားခ+]]-Table85[[#This Row],[ကြွေးရငွေ2]]-Table85[[#This Row],[ကြွေးရငွေ3]]-Table85[[#This Row],[ကြွေးရငွေ4]]-Table85[[#This Row],[ကြွေးရငွေ]] -> 0
A301: =YEAR(C301) -> 2025 | B301: =MONTH(C301) -> 12 | C301: 46004 | D301: =TODAY() -> 46097 | E301: =DATEDIF(C301,D301,"M")&"-Months" -> 3-Months | F301: =VLOOKUP(O301,Stock[],5,FALSE) -> BE | G301: 12586 | I301: SM | J301: =VLOOKUP(I301,Customers[],2,FALSE) -> ရွှေမြင်း | K301: =VLOOKUP(I301,Customers[],4,FALSE) -> Meiktila | L301: =VLOOKUP(Table85[[#This Row],[CustomerID]],Table!H:K,3,0) -> မိတ္ထီလာ | M301: =VLOOKUP(I301,Customers[],5,FALSE) -> WholeSales/Contract | N301: ကုန်ရောင်း(အကြွေး) | O301: BE Debtors | P301: =VLOOKUP(O301,Stock[],2,FALSE) -> BE Debtors Opening | Q301: =VLOOKUP(O301,Stock[],3,FALSE) -> 0 | R301: =VLOOKUP(O301,Stock[],4,FALSE) -> 0 | V301: =+DailySales!$T301*DailySales!$R301 -> 0 | W301: =+DailySales!$V301*DailySales!$Q301 -> 0 | X301: =VLOOKUP(O301,Stock[],6,FALSE) -> 0 | Y301: =+DailySales!$V301*DailySales!$X301 -> 0 | Z301: 1918000 | AH301: 46034 | AI301: 1918000 | AN301: =Table85[[#This Row],[သင့်ငွေ]]+Table85[[#This Row],[စာရင်းဖွင့်]]-Table85[[#This Row],[ဈေးဟောင်းလျှော့]]-Table85[[#This Row],[‌ကော်မရှင်]]-Table85[[#This Row],[‌ဈေးလျှော့]]-Table85[[#This Row],[ကားခလျှော့]]+Table85[[#This Row],[ကားခ+]]-Table85[[#This Row],[ကြွေးရငွေ2]]-Table85[[#This Row],[ကြွေးရငွေ3]]-Table85[[#This Row],[ကြွေးရငွေ4]]-Table85[[#This Row],[ကြွေးရငွေ]] -> 0
A302: =YEAR(C302) -> 2025 | B302: =MONTH(C302) -> 12 | C302: 46004 | D302: =TODAY() -> 46097 | E302: =DATEDIF(C302,D302,"M")&"-Months" -> 3-Months | F302: =VLOOKUP(O302,Stock[],5,FALSE) -> BE | G302: 12586 | I302: SM | J302: =VLOOKUP(I302,Customers[],2,FALSE) -> ရွှေမြင်း | K302: =VLOOKUP(I302,Customers[],4,FALSE) -> Meiktila | L302: =VLOOKUP(Table85[[#This Row],[CustomerID]],Table!H:K,3,0) -> မိတ္ထီလာ | M302: =VLOOKUP(I302,Customers[],5,FALSE) -> WholeSales/Contract | N302: ကုန်ရောင်း(အကြွေး) | O302: BE Debtors | P302: =VLOOKUP(O302,Stock[],2,FALSE) -> BE Debtors Opening | Q302: =VLOOKUP(O302,Stock[],3,FALSE) -> 0 | R302: =VLOOKUP(O302,Stock[],4,FALSE) -> 0 | V302: =+DailySales!$T302*DailySales!$R302 -> 0 | W302: =+DailySales!$V302*DailySales!$Q302 -> 0 | X302: =VLOOKUP(O302,Stock[],6,FALSE) -> 0 | Y302: =+DailySales!$V302*DailySales!$X302 -> 0 | Z302: 957600 | AH302: 46034 | AI302: 957600 | AN302: =Table85[[#This Row],[သင့်ငွေ]]+Table85[[#This Row],[စာရင်းဖွင့်]]-Table85[[#This Row],[ဈေးဟောင်းလျှော့]]-Table85[[#This Row],[‌ကော်မရှင်]]-Table85[[#This Row],[‌ဈေးလျှော့]]-Table85[[#This Row],[ကားခလျှော့]]+Table85[[#This Row],[ကားခ+]]-Table85[[#This Row],[ကြွေးရငွေ2]]-Table85[[#This Row],[ကြွေးရငွေ3]]-Table85[[#This Row],[ကြွေးရငွေ4]]-Table85[[#This Row],[ကြွေးရငွေ]] -> 0
A303: =YEAR(C303) -> 2025 | B303: =MONTH(C303) -> 12 | C303: 46004 | D303: =TODAY() -> 46097 | E303: =DATEDIF(C303,D303,"M")&"-Months" -> 3-Months | F303: =VLOOKUP(O303,Stock[],5,FALSE) -> BE | G303: 12586 | I303: SM | J303: =VLOOKUP(I303,Customers[],2,FALSE) -> ရွှေမြင်း | K303: =VLOOKUP(I303,Customers[],4,FALSE) -> Meiktila | L303: =VLOOKUP(Table85[[#This Row],[CustomerID]],Table!H:K,3,0) -> မိတ္ထီလာ | M303: =VLOOKUP(I303,Customers[],5,FALSE) -> WholeSales/Contract | N303: ကုန်ရောင်း(အကြွေး) | O303: BE Debtors | P303: =VLOOKUP(O303,Stock[],2,FALSE) -> BE Debtors Opening | Q303: =VLOOKUP(O303,Stock[],3,FALSE) -> 0 | R303: =VLOOKUP(O303,Stock[],4,FALSE) -> 0 | V303: =+DailySales!$T303*DailySales!$R303 -> 0 | W303: =+DailySales!$V303*DailySales!$Q303 -> 0 | X303: =VLOOKUP(O303,Stock[],6,FALSE) -> 0 | Y303: =+DailySales!$V303*DailySales!$X303 -> 0 | Z303: 159600 | AH303: 46034 | AI303: 159600 | AN303: =Table85[[#This Row],[သင့်ငွေ]]+Table85[[#This Row],[စာရင်းဖွင့်]]-Table85[[#This Row],[ဈေးဟောင်းလျှော့]]-Table85[[#This Row],[‌ကော်မရှင်]]-Table85[[#This Row],[‌ဈေးလျှော့]]-Table85[[#This Row],[ကားခလျှော့]]+Table85[[#This Row],[ကားခ+]]-Table85[[#This Row],[ကြွေးရငွေ2]]-Table85[[#This Row],[ကြွေးရငွေ3]]-Table85[[#This Row],[ကြွေးရငွေ4]]-Table85[[#This Row],[ကြွေးရငွေ]] -> 0
A304: =YEAR(C304) -> 2025 | B304: =MONTH(C304) -> 12 | C304: 46004 | D304: =TODAY() -> 46097 | E304: =DATEDIF(C304,D304,"M")&"-Months" -> 3-Months | F304: =VLOOKUP(O304,Stock[],5,FALSE) -> BE | G304: 12586 | I304: SM | J304: =VLOOKUP(I304,Customers[],2,FALSE) -> ရွှေမြင်း | K304: =VLOOKUP(I304,Customers[],4,FALSE) -> Meiktila | L304: =VLOOKUP(Table85[[#This Row],[CustomerID]],Table!H:K,3,0) -> မိတ္ထီလာ | M304: =VLOOKUP(I304,Customers[],5,FALSE) -> WholeSales/Contract | N304: ကုန်ရောင်း(အကြွေး) | O304: BE Debtors | P304: =VLOOKUP(O304,Stock[],2,FALSE) -> BE Debtors Opening | Q304: =VLOOKUP(O304,Stock[],3,FALSE) -> 0 | R304: =VLOOKUP(O304,Stock[],4,FALSE) -> 0 | V304: =+DailySales!$T304*DailySales!$R304 -> 0 | W304: =+DailySales!$V304*DailySales!$Q304 -> 0 | X304: =VLOOKUP(O304,Stock[],6,FALSE) -> 0 | Y304: =+DailySales!$V304*DailySales!$X304 -> 0 | Z304: 558600 | AH304: 46034 | AI304: 558600 | AN304: =Table85[[#This Row],[သင့်ငွေ]]+Table85[[#This Row],[စာရင်းဖွင့်]]-Table85[[#This Row],[ဈေးဟောင်းလျှော့]]-Table85[[#This Row],[‌ကော်မရှင်]]-Table85[[#This Row],[‌ဈေးလျှော့]]-Table85[[#This Row],[ကားခလျှော့]]+Table85[[#This Row],[ကားခ+]]-Table85[[#This Row],[ကြွေးရငွေ2]]-Table85[[#This Row],[ကြွေးရငွေ3]]-Table85[[#This Row],[ကြွေးရငွေ4]]-Table85[[#This Row],[ကြွေးရငွေ]] -> 0
A305: =YEAR(C305) -> 2025 | B305: =MONTH(C305) -> 12 | C305: 46004 | D305: =TODAY() -> 46097 | E305: =DATEDIF(C305,D305,"M")&"-Months" -> 3-Months | F305: =VLOOKUP(O305,Stock[],5,FALSE) -> BE | G305: 12586 | I305: SM | J305: =VLOOKUP(I305,Customers[],2,FALSE) -> ရွှေမြင်း | K305: =VLOOKUP(I305,Customers[],4,FALSE) -> Meiktila | L305: =VLOOKUP(Table85[[#This Row],[CustomerID]],Table!H:K,3,0) -> မိတ္ထီလာ | M305: =VLOOKUP(I305,Customers[],5,FALSE) -> WholeSales/Contract | N305: ကုန်ရောင်း(အကြွေး) | O305: BE Debtors | P305: =VLOOKUP(O305,Stock[],2,FALSE) -> BE Debtors Opening | Q305: =VLOOKUP(O305,Stock[],3,FALSE) -> 0 | R305: =VLOOKUP(O305,Stock[],4,FALSE) -> 0 | V305: =+DailySales!$T305*DailySales!$R305 -> 0 | W305: =+DailySales!$V305*DailySales!$Q305 -> 0 | X305: =VLOOKUP(O305,Stock[],6,FALSE) -> 0 | Y305: =+DailySales!$V305*DailySales!$X305 -> 0 | Z305: 734400 | AH305: 46034 | AI305: 734400 | AN305: =Table85[[#This Row],[သင့်ငွေ]]+Table85[[#This Row],[စာရင်းဖွင့်]]-Table85[[#This Row],[ဈေးဟောင်းလျှော့]]-Table85[[#This Row],[‌ကော်မရှင်]]-Table85[[#This Row],[‌ဈေးလျှော့]]-Table85[[#This Row],[ကားခလျှော့]]+Table85[[#This Row],[ကားခ+]]-Table85[[#This Row],[ကြွေးရငွေ2]]-Table85[[#This Row],[ကြွေးရငွေ3]]-Table85[[#This Row],[ကြွေးရငွေ4]]-Table85[[#This Row],[ကြွေးရငွေ]] -> 0
A306: =YEAR(C306) -> 2025 | B306: =MONTH(C306) -> 12 | C306: 46004 | D306: =TODAY() -> 46097 | E306: =DATEDIF(C306,D306,"M")&"-Months" -> 3-Months | F306: =VLOOKUP(O306,Stock[],5,FALSE) -> BE | G306: 12588 | I306: SM(SCT) | J306: =VLOOKUP(I306,Customers[],2,FALSE) -> ရွှေမြင်း(ရွှေခြင်္သေ့) | K306: =VLOOKUP(I306,Customers[],4,FALSE) -> Meiktila | L306: =VLOOKUP(Table85[[#This Row],[CustomerID]],Table!H:K,3,0) -> မိတ္ထီလာ | M306: =VLOOKUP(I306,Customers[],5,FALSE) -> WholeSales/Contract | N306: ကုန်ရောင်း(အကြွေး) | O306: BE Debtors | P306: =VLOOKUP(O306,Stock[],2,FALSE) -> BE Debtors Opening | Q306: =VLOOKUP(O306,Stock[],3,FALSE) -> 0 | R306: =VLOOKUP(O306,Stock[],4,FALSE) -> 0 | V306: =+DailySales!$T306*DailySales!$R306 -> 0 | W306: =+DailySales!$V306*DailySales!$Q306 -> 0 | X306: =VLOOKUP(O306,Stock[],6,FALSE) -> 0 | Y306: =+DailySales!$V306*DailySales!$X306 -> 0 | Z306: 186200 | AH306: 46034 | AI306: 186200 | AN306: =Table85[[#This Row],[သင့်ငွေ]]+Table85[[#This Row],[စာရင်းဖွင့်]]-Table85[[#This Row],[ဈေးဟောင်းလျှော့]]-Table85[[#This Row],[‌ကော်မရှင်]]-Table85[[#This Row],[‌ဈေးလျှော့]]-Table85[[#This Row],[ကားခလျှော့]]+Table85[[#This Row],[ကားခ+]]-Table85[[#This Row],[ကြွေးရငွေ2]]-Table85[[#This Row],[ကြွေးရငွေ3]]-Table85[[#This Row],[ကြွေးရငွေ4]]-Table85[[#This Row],[ကြွေးရငွေ]] -> 0
A307: =YEAR(C307) -> 2025 | B307: =MONTH(C307) -> 12 | C307: 46004 | D307: =TODAY() -> 46097 | E307: =DATEDIF(C307,D307,"M")&"-Months" -> 3-Months | F307: =VLOOKUP(O307,Stock[],5,FALSE) -> BE | G307: 12588 | I307: SM(SCT) | J307: =VLOOKUP(I307,Customers[],2,FALSE) -> ရွှေမြင်း(ရွှေခြင်္သေ့) | K307: =VLOOKUP(I307,Customers[],4,FALSE) -> Meiktila | L307: =VLOOKUP(Table85[[#This Row],[CustomerID]],Table!H:K,3,0) -> မိတ္ထီလာ | M307: =VLOOKUP(I307,Customers[],5,FALSE) -> WholeSales/Contract | N307: ကုန်ရောင်း(အကြွေး) | O307: BE Debtors | P307: =VLOOKUP(O307,Stock[],2,FALSE) -> BE Debtors Opening | Q307: =VLOOKUP(O307,Stock[],3,FALSE) -> 0 | R307: =VLOOKUP(O307,Stock[],4,FALSE) -> 0 | V307: =+DailySales!$T307*DailySales!$R307 -> 0 | W307: =+DailySales!$V307*DailySales!$Q307 -> 0 | X307: =VLOOKUP(O307,Stock[],6,FALSE) -> 0 | Y307: =+DailySales!$V307*DailySales!$X307 -> 0 | Z307: 287700 | AH307: 46034 | AI307: 287700 | AN307: =Table85[[#This Row],[သင့်ငွေ]]+Table85[[#This Row],[စာရင်းဖွင့်]]-Table85[[#This Row],[ဈေးဟောင်းလျှော့]]-Table85[[#This Row],[‌ကော်မရှင်]]-Table85[[#This Row],[‌ဈေးလျှော့]]-Table85[[#This Row],[ကားခလျှော့]]+Table85[[#This Row],[ကားခ+]]-Table85[[#This Row],[ကြွေးရငွေ2]]-Table85[[#This Row],[ကြွေးရငွေ3]]-Table85[[#This Row],[ကြွေးရငွေ4]]-Table85[[#This Row],[ကြွေးရငွေ]] -> 0
A308: =YEAR(C308) -> 2025 | B308: =MONTH(C308) -> 12 | C308: 46004 | D308: =TODAY() -> 46097 | E308: =DATEDIF(C308,D308,"M")&"-Months" -> 3-Months | F308: =VLOOKUP(O308,Stock[],5,FALSE) -> BE | G308: 12588 | I308: SM(SCT) | J308: =VLOOKUP(I308,Customers[],2,FALSE) -> ရွှေမြင်း(ရွှေခြင်္သေ့) | K308: =VLOOKUP(I308,Customers[],4,FALSE) -> Meiktila | L308: =VLOOKUP(Table85[[#This Row],[CustomerID]],Table!H:K,3,0) -> မိတ္ထီလာ | M308: =VLOOKUP(I308,Customers[],5,FALSE) -> WholeSales/Contract | N308: ကုန်ရောင်း(အကြွေး) | O308: BE Debtors | P308: =VLOOKUP(O308,Stock[],2,FALSE) -> BE Debtors Opening | Q308: =VLOOKUP(O308,Stock[],3,FALSE) -> 0 | R308: =VLOOKUP(O308,Stock[],4,FALSE) -> 0 | V308: =+DailySales!$T308*DailySales!$R308 -> 0 | W308: =+DailySales!$V308*DailySales!$Q308 -> 0 | X308: =VLOOKUP(O308,Stock[],6,FALSE) -> 0 | Y308: =+DailySales!$V308*DailySales!$X308 -> 0 | Z308: 478800 | AH308: 46034 | AI308: 478800 | AN308: =Table85[[#This Row],[သင့်ငွေ]]+Table85[[#This Row],[စာရင်းဖွင့်]]-Table85[[#This Row],[ဈေးဟောင်းလျှော့]]-Table85[[#This Row],[‌ကော်မရှင်]]-Table85[[#This Row],[‌ဈေးလျှော့]]-Table85[[#This Row],[ကားခလျှော့]]+Table85[[#This Row],[ကားခ+]]-Table85[[#This Row],[ကြွေးရငွေ2]]-Table85[[#This Row],[ကြွေးရငွေ3]]-Table85[[#This Row],[ကြွေးရငွေ4]]-Table85[[#This Row],[ကြွေးရငွေ]] -> 0
A309: =YEAR(C309) -> 2025 | B309: =MONTH(C309) -> 12 | C309: 46004 | D309: =TODAY() -> 46097 | E309: =DATEDIF(C309,D309,"M")&"-Months" -> 3-Months | F309: =VLOOKUP(O309,Stock[],5,FALSE) -> BE | G309: 12588 | I309: SM(SCT) | J309: =VLOOKUP(I309,Customers[],2,FALSE) -> ရွှေမြင်း(ရွှေခြင်္သေ့) | K309: =VLOOKUP(I309,Customers[],4,FALSE) -> Meiktila | L309: =VLOOKUP(Table85[[#This Row],[CustomerID]],Table!H:K,3,0) -> မိတ္ထီလာ | M309: =VLOOKUP(I309,Customers[],5,FALSE) -> WholeSales/Contract | N309: ကုန်ရောင်း(အကြွေး) | O309: BE Debtors | P309: =VLOOKUP(O309,Stock[],2,FALSE) -> BE Debtors Opening | Q309: =VLOOKUP(O309,Stock[],3,FALSE) -> 0 | R309: =VLOOKUP(O309,Stock[],4,FALSE) -> 0 | V309: =+DailySales!$T309*DailySales!$R309 -> 0 | W309: =+DailySales!$V309*DailySales!$Q309 -> 0 | X309: =VLOOKUP(O309,Stock[],6,FALSE) -> 0 | Y309: =+DailySales!$V309*DailySales!$X309 -> 0 | Z309: 386400 | AH309: 46034 | AI309: 386400 | AN309: =Table85[[#This Row],[သင့်ငွေ]]+Table85[[#This Row],[စာရင်းဖွင့်]]-Table85[[#This Row],[ဈေးဟောင်းလျှော့]]-Table85[[#This Row],[‌ကော်မရှင်]]-Table85[[#This Row],[‌ဈေးလျှော့]]-Table85[[#This Row],[ကားခလျှော့]]+Table85[[#This Row],[ကားခ+]]-Table85[[#This Row],[ကြွေးရငွေ2]]-Table85[[#This Row],[ကြွေးရငွေ3]]-Table85[[#This Row],[ကြွေးရငွေ4]]-Table85[[#This Row],[ကြွေးရငွေ]] -> 0
... A329: =YEAR(C329) -> 2025 | B329: =MONTH(C329) -> 12 | C329: 46006 | D329: =TODAY() -> 46097 | E329: =DATEDIF(C329,D329,"M")&"-Months" -> 3-Months | F329: =VLOOKUP(O329,Stock[],5,FALSE) -> BE | G329: 12593 | I329: SM(SCT) | J329: =VLOOKUP(I329,Customers[],2,FALSE) -> ရွှေမြင်း(ရွှေခြင်္သေ့) | K329: =VLOOKUP(I329,Customers[],4,FALSE) -> Meiktila | L329: =VLOOKUP(Table85[[#This Row],[CustomerID]],Table!H:K,3,0) -> မိတ္ထီလာ | M329: =VLOOKUP(I329,Customers[],5,FALSE) -> WholeSales/Contract | N329: ကုန်ရောင်း(အကြွေး) | O329: BE Debtors | P329: =VLOOKUP(O329,Stock[],2,FALSE) -> BE Debtors Opening | Q329: =VLOOKUP(O329,Stock[],3,FALSE) -> 0 | R329: =VLOOKUP(O329,Stock[],4,FALSE) -> 0 | V329: =+DailySales!$T329*DailySales!$R329 -> 0 | W329: =+DailySales!$V329*DailySales!$Q329 -> 0 | X329: =VLOOKUP(O329,Stock[],6,FALSE) -> 0 | Y329: =+DailySales!$V329*DailySales!$X329 -> 0 | Z329: 91800 | AH329: 46034 | AI329: 91800 | AN329: =Table85[[#This Row],[သင့်ငွေ]]+Table85[[#This Row],[စာရင်းဖွင့်]]-Table85[[#This Row],[ဈေးဟောင်းလျှော့]]-Table85[[#This Row],[‌ကော်မရှင်]]-Table85[[#This Row],[‌ဈေးလျှော့]]-Table85[[#This Row],[ကားခလျှော့]]+Table85[[#This Row],[ကားခ+]]-Table85[[#This Row],[ကြွေးရငွေ2]]-Table85[[#This Row],[ကြွေးရငွေ3]]-Table85[[#This Row],[ကြွေးရငွေ4]]-Table85[[#This Row],[ကြွေးရငွေ]] -> 0
A330: =YEAR(C330) -> 2025 | B330: =MONTH(C330) -> 12 | C330: 46006 | D330: =TODAY() -> 46097 | E330: =DATEDIF(C330,D330,"M")&"-Months" -> 3-Months | F330: =VLOOKUP(O330,Stock[],5,FALSE) -> BE | G330: 12595 | I330: USW | J330: =VLOOKUP(I330,Customers[],2,FALSE) -> ဦးစိုးဝင်း | K330: =VLOOKUP(I330,Customers[],4,FALSE) -> Kyukpadaung | L330: =VLOOKUP(Table85[[#This Row],[CustomerID]],Table!H:K,3,0) -> ကျောက်ပန်းတောင်း | M330: =VLOOKUP(I330,Customers[],5,FALSE) -> WholeSales/Contract | N330: ကုန်ရောင်း(အကြွေး) | O330: BE Debtors | P330: =VLOOKUP(O330,Stock[],2,FALSE) -> BE Debtors Opening | Q330: =VLOOKUP(O330,Stock[],3,FALSE) -> 0 | R330: =VLOOKUP(O330,Stock[],4,FALSE) -> 0 | V330: =+DailySales!$T330*DailySales!$R330 -> 0 | W330: =+DailySales!$V330*DailySales!$Q330 -> 0 | X330: =VLOOKUP(O330,Stock[],6,FALSE) -> 0 | Y330: =+DailySales!$V330*DailySales!$X330 -> 0 | Z330: 4917500 | AH330: 46043 | AI330: 290740 | AJ330: 46046 | AK330: 4626760 | AN330: =Table85[[#This Row],[သင့်ငွေ]]+Table85[[#This Row],[စာရင်းဖွင့်]]-Table85[[#This Row],[ဈေးဟောင်းလျှော့]]-Table85[[#This Row],[‌ကော်မရှင်]]-Table85[[#This Row],[‌ဈေးလျှော့]]-Table85[[#This Row],[ကားခလျှော့]]+Table85[[#This Row],[ကားခ+]]-Table85[[#This Row],[ကြွေးရငွေ2]]-Table85[[#This Row],[ကြွေးရငွေ3]]-Table85[[#This Row],[ကြွေးရငွေ4]]-Table85[[#This Row],[ကြွေးရငွေ]] -> 0
A331: =YEAR(C331) -> 2025 | B331: =MONTH(C331) -> 12 | C331: 46006 | D331: =TODAY() -> 46097 | E331: =DATEDIF(C331,D331,"M")&"-Months" -> 3-Months | F331: =VLOOKUP(O331,Stock[],5,FALSE) -> BE | G331: 12595 | I331: USW | J331: =VLOOKUP(I331,Customers[],2,FALSE) -> ဦးစိုးဝင်း | K331: =VLOOKUP(I331,Customers[],4,FALSE) -> Kyukpadaung | L331: =VLOOKUP(Table85[[#This Row],[CustomerID]],Table!H:K,3,0) -> ကျောက်ပန်းတောင်း | M331: =VLOOKUP(I331,Customers[],5,FALSE) -> WholeSales/Contract | N331: ကုန်ရောင်း(အကြွေး) | O331: BE Debtors | P331: =VLOOKUP(O331,Stock[],2,FALSE) -> BE Debtors Opening | Q331: =VLOOKUP(O331,Stock[],3,FALSE) -> 0 | R331: =VLOOKUP(O331,Stock[],4,FALSE) -> 0 | V331: =+DailySales!$T331*DailySales!$R331 -> 0 | W331: =+DailySales!$V331*DailySales!$Q331 -> 0 | X331: =VLOOKUP(O331,Stock[],6,FALSE) -> 0 | Y331: =+DailySales!$V331*DailySales!$X331 -> 0 | Z331: 12600000 | AH331: 46048 | AI331: 638760 | AJ331: 46046 | AK331: 11961240 | AN331: =Table85[[#This Row],[သင့်ငွေ]]+Table85[[#This Row],[စာရင်းဖွင့်]]-Table85[[#This Row],[ဈေးဟောင်းလျှော့]]-Table85[[#This Row],[‌ကော်မရှင်]]-Table85[[#This Row],[‌ဈေးလျှော့]]-Table85[[#This Row],[ကားခလျှော့]]+Table85[[#This Row],[ကားခ+]]-Table85[[#This Row],[ကြွေးရငွေ2]]-Table85[[#This Row],[ကြွေးရငွေ3]]-Table85[[#This Row],[ကြွေးရငွေ4]]-Table85[[#This Row],[ကြွေးရငွေ]] -> 0
A332: =YEAR(C332) -> 2025 | B332: =MONTH(C332) -> 12 | C332: 46006 | D332: =TODAY() -> 46097 | E332: =DATEDIF(C332,D332,"M")&"-Months" -> 3-Months | F332: =VLOOKUP(O332,Stock[],5,FALSE) -> BE | G332: 12597 | I332: SM | J332: =VLOOKUP(I332,Customers[],2,FALSE) -> ရွှေမြင်း | K332: =VLOOKUP(I332,Customers[],4,FALSE) -> Meiktila | L332: =VLOOKUP(Table85[[#This Row],[CustomerID]],Table!H:K,3,0) -> မိတ္ထီလာ | M332: =VLOOKUP(I332,Customers[],5,FALSE) -> WholeSales/Contract | N332: ကုန်ရောင်း(အကြွေး) | O332: BE Debtors | P332: =VLOOKUP(O332,Stock[],2,FALSE) -> BE Debtors Opening | Q332: =VLOOKUP(O332,Stock[],3,FALSE) -> 0 | R332: =VLOOKUP(O332,Stock[],4,FALSE) -> 0 | V332: =+DailySales!$T332*DailySales!$R332 -> 0 | W332: =+DailySales!$V332*DailySales!$Q332 -> 0 | X332: =VLOOKUP(O332,Stock[],6,FALSE) -> 0 | Y332: =+DailySales!$V332*DailySales!$X332 -> 0 | Z332: 1436400 | AH332: 46034 | AI332: 1436400 | AN332: =Table85[[#This Row],[သင့်ငွေ]]+Table85[[#This Row],[စာရင်းဖွင့်]]-Table85[[#This Row],[ဈေးဟောင်းလျှော့]]-Table85[[#This Row],[‌ကော်မရှင်]]-Table85[[#This Row],[‌ဈေးလျှော့]]-Table85[[#This Row],[ကားခလျှော့]]+Table85[[#This Row],[ကားခ+]]-Table85[[#This Row],[ကြွေးရငွေ2]]-Table85[[#This Row],[ကြွေးရငွေ3]]-Table85[[#This Row],[ကြွေးရငွေ4]]-Table85[[#This Row],[ကြွေးရငွေ]] -> 0
A333: =YEAR(C333) -> 2025 | B333: =MONTH(C333) -> 12 | C333: 46006 | D333: =TODAY() -> 46097 | E333: =DATEDIF(C333,D333,"M")&"-Months" -> 3-Months | F333: =VLOOKUP(O333,Stock[],5,FALSE) -> BE | G333: 12651 | I333: UKH | J333: =VLOOKUP(I333,Customers[],2,FALSE) -> ဦးကျော်လှ | K333: =VLOOKUP(I333,Customers[],4,FALSE) -> Tharzi | L333: =VLOOKUP(Table85[[#This Row],[CustomerID]],Table!H:K,3,0) -> သာစည် | M333: =VLOOKUP(I333,Customers[],5,FALSE) -> WholeSales | N333: ကုန်ရောင်း(အကြွေး) | O333: BE Debtors | P333: =VLOOKUP(O333,Stock[],2,FALSE) -> BE Debtors Opening | Q333: =VLOOKUP(O333,Stock[],3,FALSE) -> 0 | R333: =VLOOKUP(O333,Stock[],4,FALSE) -> 0 | V333: =+DailySales!$T333*DailySales!$R333 -> 0 | W333: =+DailySales!$V333*DailySales!$Q333 -> 0 | X333: =VLOOKUP(O333,Stock[],6,FALSE) -> 0 | Y333: =+DailySales!$V333*DailySales!$X333 -> 0 | Z333: 66875 | AH333: 46028 | AI333: 66875 | AN333: =Table85[[#This Row],[သင့်ငွေ]]+Table85[[#This Row],[စာရင်းဖွင့်]]-Table85[[#This Row],[ဈေးဟောင်းလျှော့]]-Table85[[#This Row],[‌ကော်မရှင်]]-Table85[[#This Row],[‌ဈေးလျှော့]]-Table85[[#This Row],[ကားခလျှော့]]+Table85[[#This Row],[ကားခ+]]-Table85[[#This Row],[ကြွေးရငွေ2]]-Table85[[#This Row],[ကြွေးရငွေ3]]-Table85[[#This Row],[ကြွေးရငွေ4]]-Table85[[#This Row],[ကြွေးရငွေ]] -> 0
A334: =YEAR(C334) -> 2025 | B334: =MONTH(C334) -> 12 | C334: 46006 | D334: =TODAY() -> 46097 | E334: =DATEDIF(C334,D334,"M")&"-Months" -> 3-Months | F334: =VLOOKUP(O334,Stock[],5,FALSE) -> BE | G334: 12651 | I334: UKH | J334: =VLOOKUP(I334,Customers[],2,FALSE) -> ဦးကျော်လှ | K334: =VLOOKUP(I334,Customers[],4,FALSE) -> Tharzi | L334: =VLOOKUP(Table85[[#This Row],[CustomerID]],Table!H:K,3,0) -> သာစည် | M334: =VLOOKUP(I334,Customers[],5,FALSE) -> WholeSales | N334: ကုန်ရောင်း(အကြွေး) | O334: BE Debtors | P334: =VLOOKUP(O334,Stock[],2,FALSE) -> BE Debtors Opening | Q334: =VLOOKUP(O334,Stock[],3,FALSE) -> 0 | R334: =VLOOKUP(O334,Stock[],4,FALSE) -> 0 | V334: =+DailySales!$T334*DailySales!$R334 -> 0 | W334: =+DailySales!$V334*DailySales!$Q334 -> 0 | X334: =VLOOKUP(O334,Stock[],6,FALSE) -> 0 | Y334: =+DailySales!$V334*DailySales!$X334 -> 0 | Z334: 186200 | AH334: 46028 | AI334: 186200 | AN334: =Table85[[#This Row],[သင့်ငွေ]]+Table85[[#This Row],[စာရင်းဖွင့်]]-Table85[[#This Row],[ဈေးဟောင်းလျှော့]]-Table85[[#This Row],[‌ကော်မရှင်]]-Table85[[#This Row],[‌ဈေးလျှော့]]-Table85[[#This Row],[ကားခလျှော့]]+Table85[[#This Row],[ကားခ+]]-Table85[[#This Row],[ကြွေးရငွေ2]]-Table85[[#This Row],[ကြွေးရငွေ3]]-Table85[[#This Row],[ကြွေးရငွေ4]]-Table85[[#This Row],[ကြွေးရငွေ]] -> 0
A335: =YEAR(C335) -> 2025 | B335: =MONTH(C335) -> 12 | C335: 46006 | D335: =TODAY() -> 46097 | E335: =DATEDIF(C335,D335,"M")&"-Months" -> 3-Months | F335: =VLOOKUP(O335,Stock[],5,FALSE) -> BE | G335: 12651 | I335: UKH | J335: =VLOOKUP(I335,Customers[],2,FALSE) -> ဦးကျော်လှ | K335: =VLOOKUP(I335,Customers[],4,FALSE) -> Tharzi | L335: =VLOOKUP(Table85[[#This Row],[CustomerID]],Table!H:K,3,0) -> သာစည် | M335: =VLOOKUP(I335,Customers[],5,FALSE) -> WholeSales | N335: ကုန်ရောင်း(အကြွေး) | O335: BE Debtors | P335: =VLOOKUP(O335,Stock[],2,FALSE) -> BE Debtors Opening | Q335: =VLOOKUP(O335,Stock[],3,FALSE) -> 0 | R335: =VLOOKUP(O335,Stock[],4,FALSE) -> 0 | V335: =+DailySales!$T335*DailySales!$R335 -> 0 | W335: =+DailySales!$V335*DailySales!$Q335 -> 0 | X335: =VLOOKUP(O335,Stock[],6,FALSE) -> 0 | Y335: =+DailySales!$V335*DailySales!$X335 -> 0 | Z335: 558600 | AH335: 46028 | AI335: 558600 | AN335: =Table85[[#This Row],[သင့်ငွေ]]+Table85[[#This Row],[စာရင်းဖွင့်]]-Table85[[#This Row],[ဈေးဟောင်းလျှော့]]-Table85[[#This Row],[‌ကော်မရှင်]]-Table85[[#This Row],[‌ဈေးလျှော့]]-Table85[[#This Row],[ကားခလျှော့]]+Table85[[#This Row],[ကားခ+]]-Table85[[#This Row],[ကြွေးရငွေ2]]-Table85[[#This Row],[ကြွေးရငွေ3]]-Table85[[#This Row],[ကြွေးရငွေ4]]-Table85[[#This Row],[ကြွေးရငွေ]] -> 0
A336: =YEAR(C336) -> 2025 | B336: =MONTH(C336) -> 12 | C336: 46006 | D336: =TODAY() -> 46097 | E336: =DATEDIF(C336,D336,"M")&"-Months" -> 3-Months | F336: =VLOOKUP(O336,Stock[],5,FALSE) -> BE | G336: 12651 | I336: UKH | J336: =VLOOKUP(I336,Customers[],2,FALSE) -> ဦးကျော်လှ | K336: =VLOOKUP(I336,Customers[],4,FALSE) -> Tharzi | L336: =VLOOKUP(Table85[[#This Row],[CustomerID]],Table!H:K,3,0) -> သာစည် | M336: =VLOOKUP(I336,Customers[],5,FALSE) -> WholeSales | N336: ကုန်ရောင်း(အကြွေး) | O336: BE Debtors | P336: =VLOOKUP(O336,Stock[],2,FALSE) -> BE Debtors Opening | Q336: =VLOOKUP(O336,Stock[],3,FALSE) -> 0 | R336: =VLOOKUP(O336,Stock[],4,FALSE) -> 0 | V336: =+DailySales!$T336*DailySales!$R336 -> 0 | W336: =+DailySales!$V336*DailySales!$Q336 -> 0 | X336: =VLOOKUP(O336,Stock[],6,FALSE) -> 0 | Y336: =+DailySales!$V336*DailySales!$X336 -> 0 | Z336: 315000 | AH336: 46028 | AI336: 315000 | AN336: =Table85[[#This Row],[သင့်ငွေ]]+Table85[[#This Row],[စာရင်းဖွင့်]]-Table85[[#This Row],[ဈေးဟောင်းလျှော့]]-Table85[[#This Row],[‌ကော်မရှင်]]-Table85[[#This Row],[‌ဈေးလျှော့]]-Table85[[#This Row],[ကားခလျှော့]]+Table85[[#This Row],[ကားခ+]]-Table85[[#This Row],[ကြွေးရငွေ2]]-Table85[[#This Row],[ကြွေးရငွေ3]]-Table85[[#This Row],[ကြွေးရငွေ4]]-Table85[[#This Row],[ကြွေးရငွေ]] -> 0
A337: =YEAR(C337) -> 2025 | B337: =MONTH(C337) -> 12 | C337: 46006 | D337: =TODAY() -> 46097 | E337: =DATEDIF(C337,D337,"M")&"-Months" -> 3-Months | F337: =VLOOKUP(O337,Stock[],5,FALSE) -> BE | G337: 12651 | I337: UKH | J337: =VLOOKUP(I337,Customers[],2,FALSE) -> ဦးကျော်လှ | K337: =VLOOKUP(I337,Customers[],4,FALSE) -> Tharzi | L337: =VLOOKUP(Table85[[#This Row],[CustomerID]],Table!H:K,3,0) -> သာစည် | M337: =VLOOKUP(I337,Customers[],5,FALSE) -> WholeSales | N337: ကုန်ရောင်း(အကြွေး) | O337: BE Debtors | P337: =VLOOKUP(O337,Stock[],2,FALSE) -> BE Debtors Opening | Q337: =VLOOKUP(O337,Stock[],3,FALSE) -> 0 | R337: =VLOOKUP(O337,Stock[],4,FALSE) -> 0 | V337: =+DailySales!$T337*DailySales!$R337 -> 0 | W337: =+DailySales!$V337*DailySales!$Q337 -> 0 | X337: =VLOOKUP(O337,Stock[],6,FALSE) -> 0 | Y337: =+DailySales!$V337*DailySales!$X337 -> 0 | Z337: 108000 | AH337: 46028 | AI337: 108000 | AN337: =Table85[[#This Row],[သင့်ငွေ]]+Table85[[#This Row],[စာရင်းဖွင့်]]-Table85[[#This Row],[ဈေးဟောင်းလျှော့]]-Table85[[#This Row],[‌ကော်မရှင်]]-Table85[[#This Row],[‌ဈေးလျှော့]]-Table85[[#This Row],[ကားခလျှော့]]+Table85[[#This Row],[ကားခ+]]-Table85[[#This Row],[ကြွေးရငွေ2]]-Table85[[#This Row],[ကြွေးရငွေ3]]-Table85[[#This Row],[ကြွေးရငွေ4]]-Table85[[#This Row],[ကြွေးရငွေ]] -> 0
A338: =YEAR(C338) -> 2025 | B338: =MONTH(C338) -> 12 | C338: 46006 | D338: =TODAY() -> 46097 | E338: =DATEDIF(C338,D338,"M")&"-Months" -> 3-Months | F338: =VLOOKUP(O338,Stock[],5,FALSE) -> BE | G338: 12651 | I338: UKH | J338: =VLOOKUP(I338,Customers[],2,FALSE) -> ဦးကျော်လှ | K338: =VLOOKUP(I338,Customers[],4,FALSE) -> Tharzi | L338: =VLOOKUP(Table85[[#This Row],[CustomerID]],Table!H:K,3,0) -> သာစည် | M338: =VLOOKUP(I338,Customers[],5,FALSE) -> WholeSales | N338: ကုန်ရောင်း(အကြွေး) | O338: BE Debtors | P338: =VLOOKUP(O338,Stock[],2,FALSE) -> BE Debtors Opening | Q338: =VLOOKUP(O338,Stock[],3,FALSE) -> 0 | R338: =VLOOKUP(O338,Stock[],4,FALSE) -> 0 | V338: =+DailySales!$T338*DailySales!$R338 -> 0 | W338: =+DailySales!$V338*DailySales!$Q338 -> 0 | X338: =VLOOKUP(O338,Stock[],6,FALSE) -> 0 | Y338: =+DailySales!$V338*DailySales!$X338 -> 0 | Z338: 192000 | AH338: 46028 | AI338: 192000 | AN338: =Table85[[#This Row],[သင့်ငွေ]]+Table85[[#This Row],[စာရင်းဖွင့်]]-Table85[[#This Row],[ဈေးဟောင်းလျှော့]]-Table85[[#This Row],[‌ကော်မရှင်]]-Table85[[#This Row],[‌ဈေးလျှော့]]-Table85[[#This Row],[ကားခလျှော့]]+Table85[[#This Row],[ကားခ+]]-Table85[[#This Row],[ကြွေးရငွေ2]]-Table85[[#This Row],[ကြွေးရငွေ3]]-Table85[[#This Row],[ကြွေးရငွေ4]]-Table85[[#This Row],[ကြွေးရငွေ]] -> 0
...

Sheet Sheet1
A2: MHL-2026 March | B2: Bot | E2: Liter
B3: Target | C3: Sale | D3: Ach% | E3: Target | F3: Sale | G3: Ach%
A4: 1 to 14 WS+SWS+Van | B4: 1003247 | C4: 366870 | D4: =C4/B4 -> 0.36568263 | E4: 664538 | F4: 245015.28 | G4: =F4/E4 -> 0.36870018
