Workbook
Name aa: #REF!
Name aa: #REF!
Name aa: #REF!
Name aa: #REF!
Name aa: #REF!
Name aa: #REF!
Name aaa: #REF!
Name aaa: #REF!
Name aaa: #REF!
Name aaaaaaa: #REF!
Name asd: '[1]Market ( Mar) '!#REF!
Name asd: '[1]Market ( Mar) '!#REF!
Name asd: '[1]Market ( Mar) '!#REF!
Name atr: #REF!
Name atr: #REF!
Name atr: #REF!
Name b: #REF!
Name b: #REF!
Name b: #REF!
Name bb: #REF!
Name bb: #REF!
Name bb: #REF!
Name Beg_Bal: #REF!
Name Beg_Bal: #REF!
Name Beg_Bal: #REF!
Name Cash_Cr: #REF!
Name Cash_Cr: #REF!
Name Cash_Cr: #REF!
Name Cash_Dr: #REF!
Name Cash_Dr: #REF!
Name Cash_Dr: #REF!
Name cc: #REF!
Name cc: #REF!
Name cc: #REF!
Name ccc: #REF!
Name ccc: #REF!
Name ccc: #REF!
Name cr: #REF!
Name cr: #REF!
Name cr: #REF!
Name crs: #REF!
Name crs: #REF!
Name crs: #REF!
Name Data: #REF!
Name Data: #REF!
Name Data: #REF!
Name dd: #REF!
Name dd: #REF!
Name dd: #REF!
Name ddd: #REF!
Name ddd: #REF!
Name ddd: #REF!
Name dr: #REF!
Name dr: #REF!
Name dr: #REF!
Name drs: #REF!
Name drs: #REF!
Name drs: #REF!
Name End_Bal: #REF!
Name End_Bal: #REF!

Sheet Table
A1: Stock ID | B1: Particular | C1: ml | D1: Qty | E1: Column1 | F1: Sales Price | I1: No | J1: ကုန်သည် | K1: လိပ်စာ | L1: Township | M1: Sales | O1: Particular | Q1: Car No
A2: Zay Vodka-12 | B2: ဇေ Vodka | C2: 0.7 | D2: 12 | E2: BE | F2: 1870 | I2: Kyaw Star | J2: ကျော်စတား | K2: ရေး | L2: Yay | M2: WholeSales | O2: ကုန်ရောင်း(လက်ငင်း) | Q2: 7F-9918
A3: Zay Vodka-12-(8.2.2025) | B3: ဇေ Vodka | C3: 0.7 | D3: 12 | E3: BE | F3: 2020 | I3: Daw New New Yee | J3: ဒေါ်နွယ်နွယ်ရီ(ရွှေတောင်ကြား) | K3: ရေး | L3: Yay | M3: WholeSales | O3: ကုန်ရောင်း(အကြွေး) | Q3: 6Q-5159
A4: Zay Vodka-14 | B4: ဇေ Vodka | C4: 0.64 | D4: 14 | E4: BE | F4: 1250 | I4: Pyae Hlan | J4: ပြည့်လျှံ | K4: ဈေးကြို | L4: Maw La Myaing | M4: WholeSales | O4: ကုန်ရောင်းပြန်သွင်း | Q4: 6Q-5326 | S4: Van-1
A5: Zay Vodka-1(8.3.2025) | B5: ဇေ Vodka | C5: 0.64 | D5: 14 | E5: BE | F5: 1400 | I5: Ko Myo Aung | J5: ကိုမျိုးအောင် | K5: ဈေးကြို | L5: Maw La Myaing | M5: WholeSales | O5: ဈေးဟောင်းလျှော့ | Q5: 3R-4271
A6: Zay -14-001 | B6: ဇေ အရက်သန့် | C6: 0.64 | D6: 14 | E6: BE | F6: 1150 | I6: Ko Htike Soe | J6: ကိုထိုက်စိုး | K6: အစင် | L6: Yay | M6: WholeSales | O6: ကော်မရှင်
A7: Zay -14 | B7: ဇေ အရက်သန့် | C7: 0.64 | D7: 14 | E7: BE | F7: 1250 | I7: U Min Lwin | J7: ဦးမင်းလွင် | K7: ဈေးကြီး | L7: Maw La Myaing | M7: WholeSales | O7: အရက်ဖာကော်မရှင်
A8: Zay .35li-12 | B8: "ဇေ" ကော်ဘူး (0.35Liter) | C8: 0.35 | D8: 40 | E8: BE | F8: 750 | I8: Ko Htun Naing | J8: ကိုထွန်းနိုင် | K8: ရေး(ကျောင်းရွာ) | L8: Yay | M8: WholeSales | O8: အကွဲ
A9: Zay .35li-12(8.3.2025) | B9: "ဇေ" ကော်ဘူး (0.35Liter) | C9: 0.35 | D9: 40 | E9: BE | F9: 780 | I9: Daw Htun May | J9: ဒေါ်ထွန်းမေ | K9: ဈေးကြို | L9: Maw La Myaing | M9: WholeSales | O9: လက်ဆောင်
A10: Zay .1Li-12-001 | B10: "ဇေ" ကော်ဘူး (1 Liter) | C10: 1 | D10: 12 | E10: BE | F10: 1475 | I10: Ma Wint War Htike | J10: မဝင့်ဝါထိုက်(ရွှေပင်လယ်) | K10: အစင် | L10: Yay | M10: WholeSales | O10: ဖောက်တိုက်
A11: Zay .1Li-12-002 | B11: "ဇေ" ကော်ဘူး (1 Liter) | C11: 1 | D11: 12 | E11: BE | F11: 1575 | I11: Ko Nyi Nyi Swe | J11: ကိုညီညီဆွေ | K11: ဈေးကြို | L11: Maw La Myaing | M11: WholeSales | O11: ကြိုရောင်း
A12: Zay .1Li-12-003(8.3.2025) | B12: "ဇေ" ကော်ဘူး (1 Liter) | C12: 1 | D12: 12 | E12: BE | F12: 1675 | I12: Lin Thit | J12: လင်းသစ် | K12: ရေး | L12: Yay | M12: WholeSales
A13: Zay Red 1Li-001 | B13: ဇေယျဝတီ Red (1 Liter) 30% | C13: 1 | D13: 12 | E13: BE | F13: 1510 | I13: Ko Mg+Ma Thu Zar | J13: ကိုမောင်+မသူဇာ | K13: လမိုင်း | L13: Yay | M13: WholeSales
A14: Zay Red 1Li-002 | B14: ဇေယျဝတီ Red (1 Liter) 30% | C14: 1 | D14: 12 | E14: BE | F14: 1610 | I14: Moe San Char Li | J14: မိုးဆန်းချာလီ | K14: သိမ်ဇရပ် | L14: Thein Zayet | M14: WholeSales
A15: Zay Red 1Li-003(8.3.2025) | B15: ဇေယျဝတီ Red (1 Liter) 30% | C15: 1 | D15: 12 | E15: BE | F15: 1710 | I15: Ko Mya Khat | J15: ကိုမြခက် | K15: ရေး(ကျောင်းရွာ) | L15: Yay | M15: WholeSales
A16: Zay 0.6Li | B16: ဇေသန့် 0.6Li | C16: 0.6 | D16: 12 | E16: BE | F16: 1100 | I16: Win Aung Shwe | J16: ၀င်းအောင်ရွှေ | K16: ဇာသပြင် | L16: Hpa-an | M16: SemiWholeSales
A17: DGN 1Li-12 | B17: ဒဂုံမန်ကျည်း ကော်ဘူး (1 Liter) | C17: 1 | D17: 12 | E17: BE | F17: 1500 | I17: U Aye Myint | J17: ဦးအေးမြင့် | K17: သိမ်ဇရပ် | L17: Thein Zayet | M17: SemiWholeSales
A18: DGN 1Li-12(8.3.2025) | B18: ဒဂုံမန်ကျည်း ကော်ဘူး (1 Liter) | C18: 1 | D18: 12 | E18: BE | F18: 1600 | I18: Ko Mon Lay | J18: ကိုမွန်လေး | K18: ရေး | L18: Yay | M18: SemiWholeSales
A19: Zay Red-14 | B19: ဇေယျဝတီ Red | C19: 0.64 | D19: 14 | E19: BE | F19: 1250 | I19: Ko Kyaw Shwe | J19: ကိုကျော်ရွှေ | K19: မုဒုံ | L19: Mudon | M19: SemiWholeSales
A20: Zay Red-14-1 | B20: ဇေယျဝတီ Red-1 | C20: 0.64 | D20: 14 | E20: BE | F20: 1270 | I20: Ko Kyaw Naing Soe | J20: ကိုကျော်နိုင်စိုး | K20: ဇီးဖြူသောင် | L20: Yay | M20: SemiWholeSales
A21: Zay Red-14-001 | B21: ဇေယျဝတီ Red | C21: 0.64 | D21: 14 | E21: BE | F21: 1150 | I21: Ko Bar Buu | J21: ကိုဘာဘူ | K21: ဇာသပြင် | L21: Hpa-an | M21: SemiWholeSales
A22: Zay Red-14-004 | B22: ဇေယျဝတီ Red | C22: 0.64 | D22: 14 | E22: BE | F22: 1080 | I22: Taw Win | J22: တော်၀င် | K22: တောင်စွန်း | L22: Belin | M22: SemiWholeSales
A23: Zay Red-14-003 | B23: ဇေယျဝတီ Red | C23: 0.64 | D23: 14 | E23: BE | F23: 1270 | I23: Ma Maw | J23: မမော် | K23: စစ်မှုထမ်းဟောင်း | L23: Hpa-an | M23: SemiWholeSales
... A41: Shwe man | B41: ရွှေမန်း | C41: 0.64 | D41: 14 | E41: BE | F41: 1500 | I41: U Hla Win | J41: ဦးလှ၀င်း | K41: စစ်မှုထမ်းဟောင်း | L41: Hpa-an | M41: Mini Whole Sales
A42: Shwe man-1Li | B42: ရွှေမန်း | C42: 1 | D42: 12 | E42: BE | I42: Mon Lay | J42: မွန်လေး | K42: မြိုင်သာယာ | L42: Maw La Myaing | M42: Mini Whole Sales
A43: DG-24-003(8.3.2025) | B43: ဒဂုံအရက်သန့် | C43: 0.64 | D43: 24 | E43: BE | F43: 1350 | I43: War Eain | J43: ဝါးအိမ် | K43: သိမ်ဇရပ်(၀ါးဒတ်ကွင်း) | L43: Thein Zayet | M43: Mini Whole Sales
A44: Mone Nae Kon Ki | B44: မိုးနဲကွန်ကီ | C44: 0.64 | D44: 14 | E44: BE | F44: 1500 | I44: Say Thitsar | J44: ဆေးသစ္စာ | K44: ဒေါင်းဇရပ် | L44: Maw La Myaing | M44: Mini Whole Sales
A45: Mone Nae Kon Ki-1 | B45: မိုးနဲကွန်ကီ | C45: 0.64 | D45: 14 | E45: BE | F45: 1700 | I45: Ye Nyunt Aung | J45: ရဲညွှန့်အောင် | K45: ကျိုက်ထို | L45: Kyaikto | M45: Mini Whole Sales
A46: Zay Red High-14-001 | B46: ဇေယျဝတီ High 43% | C46: 0.64 | D46: 14 | E46: BE | F46: 1250 | I46: La Pyae | J46: လပြည့် | K46: ဒုံ၀န်း | L46: ThaHtone | M46: Mini Whole Sales
A47: Zay Red High-14-002 | B47: ဇေယျဝတီ High 43% | C47: 0.64 | D47: 14 | E47: BE | F47: 1400 | I47: Ko Kyaw Soe | J47: ကိုကျော်စိုး (နံ့သာ) | K47: သထုံ | L47: ThaHtone | M47: Mini Whole Sales
A48: Zay Red High-14-003 | B48: ဇေယျဝတီ High 43% | C48: 0.64 | D48: 14 | E48: BE | F48: 1420 | I48: One Dollar | J48: ၀မ်းဒေါ်လာ | K48: မုဒုံ | L48: Mudon | M48: Mini Whole Sales
A49: Zay Red High-14-004(8.3.2025) | B49: ဇေယျဝတီ High 43% | C49: 0.64 | D49: 14 | E49: BE | F49: 1500 | I49: Ko Maung Oo | J49: ကိုမောင်ဦး | K49: တောင်၀ိုင်း(နတ်စင်ရှေ့) | L49: Maw La Myaing | M49: Mini Whole Sales
A50: Zay Red High-14-005 | B50: ဇေယျဝတီ High 43% | C50: 0.64 | D50: 14 | E50: BE | F50: 1550 | I50: Daw Sein Yone | J50: ဒေါ်စိန်ယုံ | K50: မုဒုံ | L50: Mudon | M50: Mini Whole Sales
A51: FR-700-12 | B51: Formula Rum 700ml | C51: 0.7 | D51: 12 | E51: Formula | F51: 3600 | I51: Nan Tha Zin | J51: နန်းသဇင် | K51: ဈေးကြို | L51: Maw La Myaing | M51: Mini Whole Sales
A52: Col-700 | B52: Col-700ml | C52: 0.7 | D52: 12 | E52: Whisky | F52: 5200 | I52: A Nae Gyi | J52: အနဲကြီး | K52: မြိုင်သာယာ | L52: Maw La Myaing | M52: Mini Whole Sales
A53: Col-700-1 | B53: Col-700ml-1 | C53: 0.7 | D53: 12 | E53: Whisky | F53: 4000 | I53: Ko Soe Naing | J53: ကိုစိုးနိုင် | K53: ကြခတ်ငူ | L53: Paung | M53: Van Sales
A54: Col-700-2 | B54: Col-700ml-2 | C54: 0.7 | D54: 12 | E54: Whisky | F54: 4500 | I54: Min Min Htun | J54: မင်းမင်းထွန်း | K54: မုတ္တမ | L54: Paung | M54: Van Sales
... A63: FR-350-24 | B63: Formula Rum 350ml | C63: 0.35 | D63: 24 | E63: Formula | F63: 1500 | I63: Daw Mya Sein | J63: ဒေါ်မြစိန် | K63: ဘုရားသုံးဆူ | L63: Bagoda-3 | M63: Van Sales
A64: FR-350-24-1 | B64: Formula Rum 350ml | C64: 0.35 | D64: 24 | E64: Formula | F64: 2100 | I64: 745 | J64: 745 | K64: မုဒုံ | L64: Mudon | M64: Van Sales
A65: BE Debtors Opening | B65: BE | E65: BE | I65: A Maung | J65: အမောင် | K65: မုဒုံ | L65: Mudon | M65: Van Sales
A66: Whisky Debtors Opening | B66: Whisky | E66: Whisky | I66: Daw Mi Mi Naing | J66: ဒေါ်မိမိနိုင် | K66: မုဒုံ | L66: Mudon | M66: Van Sales
A67: Formula Debtors Opening | B67: Formula | E67: Formula | I67: Ma Zar Zar | J67: မဇာဇာ | K67: မြိုင်သာယာ | L67: Maw La Myaing | M67: Van Sales
A68: OP Debtors Opening | B68: OP | E68: OP | I68: Phyo Wai San | J68: ဖြိုး‌‌ေစံ | K68: ဒေါင်းဇရပ်မီးပွုင့် | L68: Maw La Myaing | M68: Van Sales
A69: kk-1Li(40%) | B69: ကောင်းကြည်-1Li | C69: 1 | D69: 12 | E69: BE | F69: 1500 | I69: A Mi Yin Khwin | J69: အမိရင်ခွင် | K69: မုဒွန်း | L69: Chang Sone | M69: Van Sales
I70: Sein Lae Kan Thar | J70: စိမ်းလဲ့ကန်သာ | K70: ကလော့ | L70: Chang Sone | M70: Van Sales
I71: Daw Moe Moe Myint | J71: ဒေါ်မိုးမိုးမြင့် | K71: မုဒုံ | L71: Mudon | M71: Van Sales
I72: Ko Pain | J72: ကိုပိန် | K72: မြိုင်သာယာ | L72: Maw La Myaing | M72: Van Sales
I73: Ma Sandar Moe | J73: မစန္ဒာမိုး | K73: ဘီးလင်း | L73: Belin | M73: Van Sales
I74: My-2 | J74: My-2 | K74: ဒိုက်၀န်ကွင်း | L74: Maw La Myaing | M74: Van Sales
I75: Yadanar Pone | J75: ရတနာပုံ | K75: သထုံ | L75: ThaHtone | M75: Van Sales
I76: Bhone Myat Hlan | J76: ဘုန်းမြတ်လျှံ | K76: ပန်းဘဲတန်း | L76: Maw La Myaing | M76: Van Sales
I77: Daw Htay | J77: ဒေါ်ဌေး | K77: သိမ်ဇရမ် | L77: Thein Zayet | M77: Van Sales
I78: U Soe Win | J78: ဦးစိုး၀င်း | K78: တောင်စွန်း | L78: Belin | M78: Van Sales
I79: Hay Won Nan | J79: ဟေ၀န်နန်း | K79: ဈေးကြို | L79: Maw La Myaing | M79: Van Sales
I80: Hay Mar Pyae Wa | J80: ဟေမာြပည့်၀ | K80: ဘန့်ဘွေးကုန်း | L80: Paung | M80: Van Sales
I81: M-City | J81: M-City | K81: နတ်ကြီးချောင် | L81: Paung | M81: Van Sales
... I110: Sone See Yar | J110: ဆုံဆည်းရာ | K110: အုတ်ဖို | L110: Maw La Myaing | M110: Van Sales
I111: 155 | J111: 155 | K111: မောင်ငံ | L111: Maw La Myaing | M111: Van Sales
I112: 1948 | J112: 1948 | K112: ဒိုက်၀န်ကွင်း | L112: Maw La Myaing | M112: Van Sales
I113: Wa Than Hnin | J113: ၀ဿာန်နှင်း | K113: ကျိုက်မရော | L113: Maw La Myaing | M113: Van Sales
I114: Feeling Store | J114: Feeling Store | K114: မောင်ငံ | L114: Maw La Myaing | M114: Van Sales
I115: Firday Mon | J115: Firday Mon | K115: မြိုင်သာယာ | L115: Maw La Myaing | M115: Van Sales
I116: Outlet | J116: Outlet | K116: မော်လမြိုင် | L116: Maw La Myaing | M116: Van Sales
I117: XOX | J117: XOX | K117: လမုတန်း | L117: Maw La Myaing | M117: Van Sales
I118: Kyin Thin | J118: ကျင်းသန်း(သင်း) | K118: ပိုင်ကျုံ | L118: Hpa-an | M118: Van Sales
I119: Ko Win Khaing | J119: ကို၀င်းခိုင် | K119: ကရုပ္ပိ | L119: Than Phyu ZaYat | M119: Van Sales
I120: Ko Wanna | J120: ကို၀ဏ္ဏ | K120: လမုတန်း | L120: Maw La Myaing | M120: Van Sales
I121: Ko Wa Toke | J121: ကို၀တုတ် | K121: စစ်မှုထမ်းဟောင်း | L121: Hpa-an | M121: Van Sales
I122: Ko Kyaw Min Htun | J122: ကိုကျော်မင်းထွန်း | K122: စက်မှုဇုန် | L122: Maw La Myaing | M122: Van Sales
I123: Ko Kyaw Myint | J123: ကိုကျော်မြင့် | K123: မောင်ငံ | L123: Maw La Myaing | M123: Van Sales
I124: Ko Kyaw Oo | J124: ကိုကျော်ဦး | K124: နဘူး | L124: KawKareik | M124: Van Sales
... I257: U Saw Maung | J257: ဦးစောမောင် | K257: မြိုင်သာယာ | L257: Maw La Myaing | M257: Van Sales
I258: Phaung Taine | J258: ဖောင်တိန် | L258: Mudon | M258: Van Sales
I259: Ma Zar Zar Oo | J259: မဇာဇာဦး | L259: Yay | M259: Van Sales
I260: Phyo Wai Oo | J260: ဖြိူးဝေဦး | K260: သီရိမြိုင် | L260: Maw La Myaing | M260: Van Sales
I261: Moe Hti Aung | J261: မိုးထိအောင် | K261: သီရိမြိုင် | L261: Maw La Myaing | M261: Van Sales
I262: Daily One | J262: Daily One | K262: သီရိမြိုင် | L262: Maw La Myaing | M262: Van Sales
I263: Shwe Kyoekyar | J263: ရွှေကြိုးကြာ | K263: သီရိမြိုင် | L263: Maw La Myaing | M263: Van Sales
I264: Phyo Wai Win | J264: ဖြိုးဝေဝင်း | K264: တောင်ဝိုင်း | L264: Maw La Myaing | M264: Van Sales
I265: Ko san | J265: ကိုစံ | K265: ဈေးကြီး | L265: Maw La Myaing | M265: Van Sales
I266: Nyi Nyi | J266: ညီညီ | K266: ကမ်းနားလမ်း | L266: Maw La Myaing | M266: Van Sales
I267: Lucky | J267: Lucky | K267: မုပွန် | L267: Maw La Myaing | M267: Van Sales
I268: Thar Gyi | J268: သားကြီး | K268: ရွေ ပြည်အေး | L268: Maw La Myaing | M268: Van Sales
I269: Sa Aung San | J269: စအောင်စန်း | K269: ထီးလုံ၀င်းသာယာ(ဇာသပြင်) | L269: Hpa-an | M269: Van Sales
I270: Comment | J270: Comment | K270: မြိုင်သာယာ | L270: Maw La Myaing | M270: Van Sales
I271: Hein | J271: ဟိန်း | K271: မြိုင်သာယာ | L271: Maw La Myaing | M271: Van Sales
... I309: Hinn Thar Myaing | J309: ဟင်္သာမြိုင် | K309: သီရိမြိုင် | L309: Maw La Myaing | M309: Van Sales
I310: Kyaw Gyi | J310: ကျော်ကြီး | K310: သီရိမြိုင် | L310: Maw La Myaing

Sheet DailySales
A1: Year | B1: Month | C1: Date | D1: Today | E1: Period | F1: Column1 | G1: VoucherNo | H1: CarNo | I1: CustomerID | J1: ကုန်သည်အမည် | K1: Township | L1: WholeSales | M1: Particular | N1: StockID | O1: StockName | P1: ML | Q1: ပါဝင်မှု | R1: Bottle | S1: Parking | T1: SalesPK | U1: SalesBot | V1: Liter | W1: နှုံး | X1: သင့်ငွေ | Y1: စာရင်းဖွင့် | Z1: ဈေးဟောင်းလျှော့ | AA1: ‌ကော်မရှင် | AB1: ငွေရသည့်နေ့ | AC1: ကြွေးရငွေ | AD1: ငွေရသည့်နေ့(၂) | AE1: ကြွေးရငွေ2 | AF1: အကြွေးကျန်2 | AH1: Date | AI1: Month | AJ1: Year | AK1: Customer Name | AL1: Township | AM1: Team | AN1: Particular | AO1: Stock Name | AP1: Sales Ctns | AQ1: Sales Bot; | AR1: Sales Liter
A2: =YEAR(C2) -> 2026 | B2: =MONTH(C2) -> 1 | C2: 46023 | D2: =TODAY() -> 46097 | E2: =DATEDIF(C2,D2,"M")&"-Months" -> 2-Months | F2: =VLOOKUP(N2,Stock[#Data],5,FALSE) -> BE | I2: Daw Htun May | J2: =VLOOKUP(I2,Customers[#Data],2,FALSE) -> ဒေါ်ထွန်းမေ | K2: =VLOOKUP(I2,Customers[#Data],4,FALSE) -> Maw La Myaing | L2: =VLOOKUP(I2,Customers[#Data],5,FALSE) -> WholeSales | M2: ကုန်ရောင်း(အကြွေး) | N2: BE Debtors Opening | O2: =VLOOKUP(N2,Stock[#Data],2,FALSE) -> BE | P2: =VLOOKUP(N2,Stock[#Data],3,FALSE) -> 0 | Q2: =VLOOKUP(N2,Stock[#Data],4,FALSE) -> 0 | S2: =IFERROR(Table4[[#This Row],[Bottle]]/Table4[[#This Row],[ပါဝင်မှု]]+Table4[[#This Row],[SalesPK]],0) -> 0 | U2: =Table4[[#This Row],[ပါဝင်မှု]]*Table4[[#This Row],[SalesPK]]+Table4[[#This Row],[Bottle]] -> 0 | V2: =Table4[[#This Row],[SalesBot]]*Table4[[#This Row],[ML]] -> 0 | W2: =VLOOKUP(N2,Stock[#Data],6,FALSE) -> 0 | X2: =+Table4[[#This Row],[SalesBot]]*Table4[[#This Row],[နှုံး]] -> 0 | Y2: 1944000 | AB2: 46024 | AC2: 1944000 | AF2: =Table4[[#This Row],[စာရင်းဖွင့်]]+Table4[[#This Row],[သင့်ငွေ]]-Table4[[#This Row],[ဈေးဟောင်းလျှော့]]-Table4[[#This Row],[‌ကော်မရှင်]]-Table4[[#This Row],[ကြွေးရငွေ]]-Table4[[#This Row],[ကြွေးရငွေ2]] -> 0 | AH2: =Table4[[#This Row],[Date]] -> 46023 | AI2: =TEXT(AH2,"mmm") -> Jan | AJ2: =TEXT(AH2,"yyyy") -> 2026 | AK2: =Table4[[#This Row],[ကုန်သည်အမည်]] -> ဒေါ်ထွန်းမေ | AL2: =Table4[[#This Row],[Township]] -> Maw La Myaing | AM2: =Table4[[#This Row],[WholeSales]] -> WholeSales | AN2: =Table4[[#This Row],[Particular]] -> ကုန်ရောင်း(အကြွေး) | AO2: =Table4[[#This Row],[StockName]] -> BE | AP2: =Table4[[#This Row],[Parking]] -> 0 | AQ2: =Table4[[#This Row],[SalesBot]] -> 0 | AR2: =Table4[[#This Row],[Liter]] -> 0
A3: =YEAR(C3) -> 2026 | B3: =MONTH(C3) -> 1 | C3: 46023 | D3: =TODAY() -> 46097 | E3: =DATEDIF(C3,D3,"M")&"-Months" -> 2-Months | F3: =VLOOKUP(N3,Stock[#Data],5,FALSE) -> BE | I3: Daw New New Yee | J3: =VLOOKUP(I3,Customers[#Data],2,FALSE) -> ဒေါ်နွယ်နွယ်ရီ(ရွှေတောင်ကြား) | K3: =VLOOKUP(I3,Customers[#Data],4,FALSE) -> Yay | L3: =VLOOKUP(I3,Customers[#Data],5,FALSE) -> WholeSales | M3: ကုန်ရောင်း(အကြွေး) | N3: BE Debtors Opening | O3: =VLOOKUP(N3,Stock[#Data],2,FALSE) -> BE | P3: =VLOOKUP(N3,Stock[#Data],3,FALSE) -> 0 | Q3: =VLOOKUP(N3,Stock[#Data],4,FALSE) -> 0 | S3: =IFERROR(Table4[[#This Row],[Bottle]]/Table4[[#This Row],[ပါဝင်မှု]]+Table4[[#This Row],[SalesPK]],0) -> 0 | U3: =Table4[[#This Row],[ပါဝင်မှု]]*Table4[[#This Row],[SalesPK]]+Table4[[#This Row],[Bottle]] -> 0 | V3: =Table4[[#This Row],[SalesBot]]*Table4[[#This Row],[ML]] -> 0 | W3: =VLOOKUP(N3,Stock[#Data],6,FALSE) -> 0 | X3: =+Table4[[#This Row],[SalesBot]]*Table4[[#This Row],[နှုံး]] -> 0 | Y3: 9450000 | AB3: 46028 | AC3: 2052000 | AD3: 46031 | AE3: =5752000+1646000 -> 7398000 | AF3: =Table4[[#This Row],[စာရင်းဖွင့်]]+Table4[[#This Row],[သင့်ငွေ]]-Table4[[#This Row],[ဈေးဟောင်းလျှော့]]-Table4[[#This Row],[‌ကော်မရှင်]]-Table4[[#This Row],[ကြွေးရငွေ]]-Table4[[#This Row],[ကြွေးရငွေ2]] -> 0 | AH3: =Table4[[#This Row],[Date]] -> 46023 | AI3: =TEXT(AH3,"mmm") -> Jan | AJ3: =TEXT(AH3,"yyyy") -> 2026 | AK3: =Table4[[#This Row],[ကုန်သည်အမည်]] -> ဒေါ်နွယ်နွယ်ရီ(ရွှေတောင်ကြား) | AL3: =Table4[[#This Row],[Township]] -> Yay | AM3: =Table4[[#This Row],[WholeSales]] -> WholeSales | AN3: =Table4[[#This Row],[Particular]] -> ကုန်ရောင်း(အကြွေး) | AO3: =Table4[[#This Row],[StockName]] -> BE | AP3: =Table4[[#This Row],[Parking]] -> 0 | AQ3: =Table4[[#This Row],[SalesBot]] -> 0 | AR3: =Table4[[#This Row],[Liter]] -> 0
A4: =YEAR(C4) -> 2026 | B4: =MONTH(C4) -> 1 | C4: 46023 | D4: =TODAY() -> 46097 | E4: =DATEDIF(C4,D4,"M")&"-Months" -> 2-Months | F4: =VLOOKUP(N4,Stock[#Data],5,FALSE) -> BE | I4: Daw New New Yee | J4: =VLOOKUP(I4,Customers[#Data],2,FALSE) -> ဒေါ်နွယ်နွယ်ရီ(ရွှေတောင်ကြား) | K4: =VLOOKUP(I4,Customers[#Data],4,FALSE) -> Yay | L4: =VLOOKUP(I4,Customers[#Data],5,FALSE) -> WholeSales | M4: ကုန်ရောင်း(အကြွေး) | N4: BE Debtors Opening | O4: =VLOOKUP(N4,Stock[#Data],2,FALSE) -> BE | P4: =VLOOKUP(N4,Stock[#Data],3,FALSE) -> 0 | Q4: =VLOOKUP(N4,Stock[#Data],4,FALSE) -> 0 | S4: =IFERROR(Table4[[#This Row],[Bottle]]/Table4[[#This Row],[ပါဝင်မှု]]+Table4[[#This Row],[SalesPK]],0) -> 0 | U4: =Table4[[#This Row],[ပါဝင်မှု]]*Table4[[#This Row],[SalesPK]]+Table4[[#This Row],[Bottle]] -> 0 | V4: =Table4[[#This Row],[SalesBot]]*Table4[[#This Row],[ML]] -> 0 | W4: =VLOOKUP(N4,Stock[#Data],6,FALSE) -> 0 | X4: =+Table4[[#This Row],[SalesBot]]*Table4[[#This Row],[နှုံး]] -> 0 | Y4: 9450000 | AB4: 46034 | AC4: 6156000 | AD4: 46037 | AE4: =2052000+1242000 -> 3294000 | AF4: =Table4[[#This Row],[စာရင်းဖွင့်]]+Table4[[#This Row],[သင့်ငွေ]]-Table4[[#This Row],[ဈေးဟောင်းလျှော့]]-Table4[[#This Row],[‌ကော်မရှင်]]-Table4[[#This Row],[ကြွေးရငွေ]]-Table4[[#This Row],[ကြွေးရငွေ2]] -> 0 | AH4: =Table4[[#This Row],[Date]] -> 46023 | AI4: =TEXT(AH4,"mmm") -> Jan | AJ4: =TEXT(AH4,"yyyy") -> 2026 | AK4: =Table4[[#This Row],[ကုန်သည်အမည်]] -> ဒေါ်နွယ်နွယ်ရီ(ရွှေတောင်ကြား) | AL4: =Table4[[#This Row],[Township]] -> Yay | AM4: =Table4[[#This Row],[WholeSales]] -> WholeSales | AN4: =Table4[[#This Row],[Particular]] -> ကုန်ရောင်း(အကြွေး) | AO4: =Table4[[#This Row],[StockName]] -> BE | AP4: =Table4[[#This Row],[Parking]] -> 0 | AQ4: =Table4[[#This Row],[SalesBot]] -> 0 | AR4: =Table4[[#This Row],[Liter]] -> 0
A5: =YEAR(C5) -> 2026 | B5: =MONTH(C5) -> 1 | C5: 46023 | D5: =TODAY() -> 46097 | E5: =DATEDIF(C5,D5,"M")&"-Months" -> 2-Months | F5: =VLOOKUP(N5,Stock[#Data],5,FALSE) -> BE | I5: Daw New New Yee | J5: =VLOOKUP(I5,Customers[#Data],2,FALSE) -> ဒေါ်နွယ်နွယ်ရီ(ရွှေတောင်ကြား) | K5: =VLOOKUP(I5,Customers[#Data],4,FALSE) -> Yay | L5: =VLOOKUP(I5,Customers[#Data],5,FALSE) -> WholeSales | M5: ကုန်ရောင်း(အကြွေး) | N5: BE Debtors Opening | O5: =VLOOKUP(N5,Stock[#Data],2,FALSE) -> BE | P5: =VLOOKUP(N5,Stock[#Data],3,FALSE) -> 0 | Q5: =VLOOKUP(N5,Stock[#Data],4,FALSE) -> 0 | S5: =IFERROR(Table4[[#This Row],[Bottle]]/Table4[[#This Row],[ပါဝင်မှု]]+Table4[[#This Row],[SalesPK]],0) -> 0 | U5: =Table4[[#This Row],[ပါဝင်မှု]]*Table4[[#This Row],[SalesPK]]+Table4[[#This Row],[Bottle]] -> 0 | V5: =Table4[[#This Row],[SalesBot]]*Table4[[#This Row],[ML]] -> 0 | W5: =VLOOKUP(N5,Stock[#Data],6,FALSE) -> 0 | X5: =+Table4[[#This Row],[SalesBot]]*Table4[[#This Row],[နှုံး]] -> 0 | Y5: 1890000 | AB5: 46039 | AC5: 1890000 | AF5: =Table4[[#This Row],[စာရင်းဖွင့်]]+Table4[[#This Row],[သင့်ငွေ]]-Table4[[#This Row],[ဈေးဟောင်းလျှော့]]-Table4[[#This Row],[‌ကော်မရှင်]]-Table4[[#This Row],[ကြွေးရငွေ]]-Table4[[#This Row],[ကြွေးရငွေ2]] -> 0 | AH5: =Table4[[#This Row],[Date]] -> 46023 | AI5: =TEXT(AH5,"mmm") -> Jan | AJ5: =TEXT(AH5,"yyyy") -> 2026 | AK5: =Table4[[#This Row],[ကုန်သည်အမည်]] -> ဒေါ်နွယ်နွယ်ရီ(ရွှေတောင်ကြား) | AL5: =Table4[[#This Row],[Township]] -> Yay | AM5: =Table4[[#This Row],[WholeSales]] -> WholeSales | AN5: =Table4[[#This Row],[Particular]] -> ကုန်ရောင်း(အကြွေး) | AO5: =Table4[[#This Row],[StockName]] -> BE | AP5: =Table4[[#This Row],[Parking]] -> 0 | AQ5: =Table4[[#This Row],[SalesBot]] -> 0 | AR5: =Table4[[#This Row],[Liter]] -> 0
A6: =YEAR(C6) -> 2026 | B6: =MONTH(C6) -> 1 | C6: 46023 | D6: =TODAY() -> 46097 | E6: =DATEDIF(C6,D6,"M")&"-Months" -> 2-Months | F6: =VLOOKUP(N6,Stock[#Data],5,FALSE) -> BE | I6: Daw New New Yee | J6: =VLOOKUP(I6,Customers[#Data],2,FALSE) -> ဒေါ်နွယ်နွယ်ရီ(ရွှေတောင်ကြား) | K6: =VLOOKUP(I6,Customers[#Data],4,FALSE) -> Yay | L6: =VLOOKUP(I6,Customers[#Data],5,FALSE) -> WholeSales | M6: ကုန်ရောင်း(အကြွေး) | N6: BE Debtors Opening | O6: =VLOOKUP(N6,Stock[#Data],2,FALSE) -> BE | P6: =VLOOKUP(N6,Stock[#Data],3,FALSE) -> 0 | Q6: =VLOOKUP(N6,Stock[#Data],4,FALSE) -> 0 | S6: =IFERROR(Table4[[#This Row],[Bottle]]/Table4[[#This Row],[ပါဝင်မှု]]+Table4[[#This Row],[SalesPK]],0) -> 0 | U6: =Table4[[#This Row],[ပါဝင်မှု]]*Table4[[#This Row],[SalesPK]]+Table4[[#This Row],[Bottle]] -> 0 | V6: =Table4[[#This Row],[SalesBot]]*Table4[[#This Row],[ML]] -> 0 | W6: =VLOOKUP(N6,Stock[#Data],6,FALSE) -> 0 | X6: =+Table4[[#This Row],[SalesBot]]*Table4[[#This Row],[နှုံး]] -> 0 | Y6: 7560000 | AB6: 46039 | AC6: 7560000 | AF6: =Table4[[#This Row],[စာရင်းဖွင့်]]+Table4[[#This Row],[သင့်ငွေ]]-Table4[[#This Row],[ဈေးဟောင်းလျှော့]]-Table4[[#This Row],[‌ကော်မရှင်]]-Table4[[#This Row],[ကြွေးရငွေ]]-Table4[[#This Row],[ကြွေးရငွေ2]] -> 0 | AH6: =Table4[[#This Row],[Date]] -> 46023 | AI6: =TEXT(AH6,"mmm") -> Jan | AJ6: =TEXT(AH6,"yyyy") -> 2026 | AK6: =Table4[[#This Row],[ကုန်သည်အမည်]] -> ဒေါ်နွယ်နွယ်ရီ(ရွှေတောင်ကြား) | AL6: =Table4[[#This Row],[Township]] -> Yay | AM6: =Table4[[#This Row],[WholeSales]] -> WholeSales | AN6: =Table4[[#This Row],[Particular]] -> ကုန်ရောင်း(အကြွေး) | AO6: =Table4[[#This Row],[StockName]] -> BE | AP6: =Table4[[#This Row],[Parking]] -> 0 | AQ6: =Table4[[#This Row],[SalesBot]] -> 0 | AR6: =Table4[[#This Row],[Liter]] -> 0
A7: =YEAR(C7) -> 2026 | B7: =MONTH(C7) -> 1 | C7: 46023 | D7: =TODAY() -> 46097 | E7: =DATEDIF(C7,D7,"M")&"-Months" -> 2-Months | F7: =VLOOKUP(N7,Stock[#Data],5,FALSE) -> BE | I7: Daw New New Yee | J7: =VLOOKUP(I7,Customers[#Data],2,FALSE) -> ဒေါ်နွယ်နွယ်ရီ(ရွှေတောင်ကြား) | K7: =VLOOKUP(I7,Customers[#Data],4,FALSE) -> Yay | L7: =VLOOKUP(I7,Customers[#Data],5,FALSE) -> WholeSales | M7: ကုန်ရောင်း(အကြွေး) | N7: BE Debtors Opening | O7: =VLOOKUP(N7,Stock[#Data],2,FALSE) -> BE | P7: =VLOOKUP(N7,Stock[#Data],3,FALSE) -> 0 | Q7: =VLOOKUP(N7,Stock[#Data],4,FALSE) -> 0 | S7: =IFERROR(Table4[[#This Row],[Bottle]]/Table4[[#This Row],[ပါဝင်မှု]]+Table4[[#This Row],[SalesPK]],0) -> 0 | U7: =Table4[[#This Row],[ပါဝင်မှု]]*Table4[[#This Row],[SalesPK]]+Table4[[#This Row],[Bottle]] -> 0 | V7: =Table4[[#This Row],[SalesBot]]*Table4[[#This Row],[ML]] -> 0 | W7: =VLOOKUP(N7,Stock[#Data],6,FALSE) -> 0 | X7: =+Table4[[#This Row],[SalesBot]]*Table4[[#This Row],[နှုံး]] -> 0 | Y7: 9450000 | AB7: 46039 | AC7: 810000 | AD7: 46043 | AE7: 3740000 | AF7: =Table4[[#This Row],[စာရင်းဖွင့်]]+Table4[[#This Row],[သင့်ငွေ]]-Table4[[#This Row],[ဈေးဟောင်းလျှော့]]-Table4[[#This Row],[‌ကော်မရှင်]]-Table4[[#This Row],[ကြွေးရငွေ]]-Table4[[#This Row],[ကြွေးရငွေ2]] -> 4900000 | AH7: =Table4[[#This Row],[Date]] -> 46023 | AI7: =TEXT(AH7,"mmm") -> Jan | AJ7: =TEXT(AH7,"yyyy") -> 2026 | AK7: =Table4[[#This Row],[ကုန်သည်အမည်]] -> ဒေါ်နွယ်နွယ်ရီ(ရွှေတောင်ကြား) | AL7: =Table4[[#This Row],[Township]] -> Yay | AM7: =Table4[[#This Row],[WholeSales]] -> WholeSales | AN7: =Table4[[#This Row],[Particular]] -> ကုန်ရောင်း(အကြွေး) | AO7: =Table4[[#This Row],[StockName]] -> BE | AP7: =Table4[[#This Row],[Parking]] -> 0 | AQ7: =Table4[[#This Row],[SalesBot]] -> 0 | AR7: =Table4[[#This Row],[Liter]] -> 0
A8: =YEAR(C8) -> 2026 | B8: =MONTH(C8) -> 1 | C8: 46023 | D8: =TODAY() -> 46097 | E8: =DATEDIF(C8,D8,"M")&"-Months" -> 2-Months | F8: =VLOOKUP(N8,Stock[#Data],5,FALSE) -> BE | I8: Daw New New Yee | J8: =VLOOKUP(I8,Customers[#Data],2,FALSE) -> ဒေါ်နွယ်နွယ်ရီ(ရွှေတောင်ကြား) | K8: =VLOOKUP(I8,Customers[#Data],4,FALSE) -> Yay | L8: =VLOOKUP(I8,Customers[#Data],5,FALSE) -> WholeSales | M8: ကုန်ရောင်း(အကြွေး) | N8: BE Debtors Opening | O8: =VLOOKUP(N8,Stock[#Data],2,FALSE) -> BE | P8: =VLOOKUP(N8,Stock[#Data],3,FALSE) -> 0 | Q8: =VLOOKUP(N8,Stock[#Data],4,FALSE) -> 0 | S8: =IFERROR(Table4[[#This Row],[Bottle]]/Table4[[#This Row],[ပါဝင်မှု]]+Table4[[#This Row],[SalesPK]],0) -> 0 | U8: =Table4[[#This Row],[ပါဝင်မှု]]*Table4[[#This Row],[SalesPK]]+Table4[[#This Row],[Bottle]] -> 0 | V8: =Table4[[#This Row],[SalesBot]]*Table4[[#This Row],[ML]] -> 0 | W8: =VLOOKUP(N8,Stock[#Data],6,FALSE) -> 0 | X8: =+Table4[[#This Row],[SalesBot]]*Table4[[#This Row],[နှုံး]] -> 0 | Y8: 2052000 | AB8: 46043 | AC8: 2052000 | AF8: =Table4[[#This Row],[စာရင်းဖွင့်]]+Table4[[#This Row],[သင့်ငွေ]]-Table4[[#This Row],[ဈေးဟောင်းလျှော့]]-Table4[[#This Row],[‌ကော်မရှင်]]-Table4[[#This Row],[ကြွေးရငွေ]]-Table4[[#This Row],[ကြွေးရငွေ2]] -> 0 | AH8: =Table4[[#This Row],[Date]] -> 46023 | AI8: =TEXT(AH8,"mmm") -> Jan | AJ8: =TEXT(AH8,"yyyy") -> 2026 | AK8: =Table4[[#This Row],[ကုန်သည်အမည်]] -> ဒေါ်နွယ်နွယ်ရီ(ရွှေတောင်ကြား) | AL8: =Table4[[#This Row],[Township]] -> Yay | AM8: =Table4[[#This Row],[WholeSales]] -> WholeSales | AN8: =Table4[[#This Row],[Particular]] -> ကုန်ရောင်း(အကြွေး) | AO8: =Table4[[#This Row],[StockName]] -> BE | AP8: =Table4[[#This Row],[Parking]] -> 0 | AQ8: =Table4[[#This Row],[SalesBot]] -> 0 | AR8: =Table4[[#This Row],[Liter]] -> 0
A9: =YEAR(C9) -> 2026 | B9: =MONTH(C9) -> 1 | C9: 46023 | D9: =TODAY() -> 46097 | E9: =DATEDIF(C9,D9,"M")&"-Months" -> 2-Months | F9: =VLOOKUP(N9,Stock[#Data],5,FALSE) -> BE | I9: Ko Htun Naing | J9: =VLOOKUP(I9,Customers[#Data],2,FALSE) -> ကိုထွန်းနိုင် | K9: =VLOOKUP(I9,Customers[#Data],4,FALSE) -> Yay | L9: =VLOOKUP(I9,Customers[#Data],5,FALSE) -> WholeSales | M9: ကုန်ရောင်း(အကြွေး) | N9: BE Debtors Opening | O9: =VLOOKUP(N9,Stock[#Data],2,FALSE) -> BE | P9: =VLOOKUP(N9,Stock[#Data],3,FALSE) -> 0 | Q9: =VLOOKUP(N9,Stock[#Data],4,FALSE) -> 0 | S9: =IFERROR(Table4[[#This Row],[Bottle]]/Table4[[#This Row],[ပါဝင်မှု]]+Table4[[#This Row],[SalesPK]],0) -> 0 | U9: =Table4[[#This Row],[ပါဝင်မှု]]*Table4[[#This Row],[SalesPK]]+Table4[[#This Row],[Bottle]] -> 0 | V9: =Table4[[#This Row],[SalesBot]]*Table4[[#This Row],[ML]] -> 0 | W9: =VLOOKUP(N9,Stock[#Data],6,FALSE) -> 0 | X9: =+Table4[[#This Row],[SalesBot]]*Table4[[#This Row],[နှုံး]] -> 0 | Y9: 3861000 | AB9: 46028 | AC9: 3861000 | AF9: =Table4[[#This Row],[စာရင်းဖွင့်]]+Table4[[#This Row],[သင့်ငွေ]]-Table4[[#This Row],[ဈေးဟောင်းလျှော့]]-Table4[[#This Row],[‌ကော်မရှင်]]-Table4[[#This Row],[ကြွေးရငွေ]]-Table4[[#This Row],[ကြွေးရငွေ2]] -> 0 | AH9: =Table4[[#This Row],[Date]] -> 46023 | AI9: =TEXT(AH9,"mmm") -> Jan | AJ9: =TEXT(AH9,"yyyy") -> 2026 | AK9: =Table4[[#This Row],[ကုန်သည်အမည်]] -> ကိုထွန်းနိုင် | AL9: =Table4[[#This Row],[Township]] -> Yay | AM9: =Table4[[#This Row],[WholeSales]] -> WholeSales | AN9: =Table4[[#This Row],[Particular]] -> ကုန်ရောင်း(အကြွေး) | AO9: =Table4[[#This Row],[StockName]] -> BE | AP9: =Table4[[#This Row],[Parking]] -> 0 | AQ9: =Table4[[#This Row],[SalesBot]] -> 0 | AR9: =Table4[[#This Row],[Liter]] -> 0
A10: =YEAR(C10) -> 2026 | B10: =MONTH(C10) -> 1 | C10: 46023 | D10: =TODAY() -> 46097 | E10: =DATEDIF(C10,D10,"M")&"-Months" -> 2-Months | F10: =VLOOKUP(N10,Stock[#Data],5,FALSE) -> BE | I10: Kyaw Star | J10: =VLOOKUP(I10,Customers[#Data],2,FALSE) -> ကျော်စတား | K10: =VLOOKUP(I10,Customers[#Data],4,FALSE) -> Yay | L10: =VLOOKUP(I10,Customers[#Data],5,FALSE) -> WholeSales | M10: ကုန်ရောင်း(အကြွေး) | N10: BE Debtors Opening | O10: =VLOOKUP(N10,Stock[#Data],2,FALSE) -> BE | P10: =VLOOKUP(N10,Stock[#Data],3,FALSE) -> 0 | Q10: =VLOOKUP(N10,Stock[#Data],4,FALSE) -> 0 | S10: =IFERROR(Table4[[#This Row],[Bottle]]/Table4[[#This Row],[ပါဝင်မှု]]+Table4[[#This Row],[SalesPK]],0) -> 0 | U10: =Table4[[#This Row],[ပါဝင်မှု]]*Table4[[#This Row],[SalesPK]]+Table4[[#This Row],[Bottle]] -> 0 | V10: =Table4[[#This Row],[SalesBot]]*Table4[[#This Row],[ML]] -> 0 | W10: =VLOOKUP(N10,Stock[#Data],6,FALSE) -> 0 | X10: =+Table4[[#This Row],[SalesBot]]*Table4[[#This Row],[နှုံး]] -> 0 | Y10: 4509000 | AB10: 46025 | AC10: 4509000 | AF10: =Table4[[#This Row],[စာရင်းဖွင့်]]+Table4[[#This Row],[သင့်ငွေ]]-Table4[[#This Row],[ဈေးဟောင်းလျှော့]]-Table4[[#This Row],[‌ကော်မရှင်]]-Table4[[#This Row],[ကြွေးရငွေ]]-Table4[[#This Row],[ကြွေးရငွေ2]] -> 0 | AH10: =Table4[[#This Row],[Date]] -> 46023 | AI10: =TEXT(AH10,"mmm") -> Jan | AJ10: =TEXT(AH10,"yyyy") -> 2026 | AK10: =Table4[[#This Row],[ကုန်သည်အမည်]] -> ကျော်စတား | AL10: =Table4[[#This Row],[Township]] -> Yay | AM10: =Table4[[#This Row],[WholeSales]] -> WholeSales | AN10: =Table4[[#This Row],[Particular]] -> ကုန်ရောင်း(အကြွေး) | AO10: =Table4[[#This Row],[StockName]] -> BE | AP10: =Table4[[#This Row],[Parking]] -> 0 | AQ10: =Table4[[#This Row],[SalesBot]] -> 0 | AR10: =Table4[[#This Row],[Liter]] -> 0
A11: =YEAR(C11) -> 2026 | B11: =MONTH(C11) -> 1 | C11: 46023 | D11: =TODAY() -> 46097 | E11: =DATEDIF(C11,D11,"M")&"-Months" -> 2-Months | F11: =VLOOKUP(N11,Stock[#Data],5,FALSE) -> BE | I11: Kyaw Star | J11: =VLOOKUP(I11,Customers[#Data],2,FALSE) -> ကျော်စတား | K11: =VLOOKUP(I11,Customers[#Data],4,FALSE) -> Yay | L11: =VLOOKUP(I11,Customers[#Data],5,FALSE) -> WholeSales | M11: ကုန်ရောင်း(အကြွေး) | N11: BE Debtors Opening | O11: =VLOOKUP(N11,Stock[#Data],2,FALSE) -> BE | P11: =VLOOKUP(N11,Stock[#Data],3,FALSE) -> 0 | Q11: =VLOOKUP(N11,Stock[#Data],4,FALSE) -> 0 | S11: =IFERROR(Table4[[#This Row],[Bottle]]/Table4[[#This Row],[ပါဝင်မှု]]+Table4[[#This Row],[SalesPK]],0) -> 0 | U11: =Table4[[#This Row],[ပါဝင်မှု]]*Table4[[#This Row],[SalesPK]]+Table4[[#This Row],[Bottle]] -> 0 | V11: =Table4[[#This Row],[SalesBot]]*Table4[[#This Row],[ML]] -> 0 | W11: =VLOOKUP(N11,Stock[#Data],6,FALSE) -> 0 | X11: =+Table4[[#This Row],[SalesBot]]*Table4[[#This Row],[နှုံး]] -> 0 | Y11: 5076000 | AB11: 46025 | AC11: 5076000 | AF11: =Table4[[#This Row],[စာရင်းဖွင့်]]+Table4[[#This Row],[သင့်ငွေ]]-Table4[[#This Row],[ဈေးဟောင်းလျှော့]]-Table4[[#This Row],[‌ကော်မရှင်]]-Table4[[#This Row],[ကြွေးရငွေ]]-Table4[[#This Row],[ကြွေးရငွေ2]] -> 0 | AH11: =Table4[[#This Row],[Date]] -> 46023 | AI11: =TEXT(AH11,"mmm") -> Jan | AJ11: =TEXT(AH11,"yyyy") -> 2026 | AK11: =Table4[[#This Row],[ကုန်သည်အမည်]] -> ကျော်စတား | AL11: =Table4[[#This Row],[Township]] -> Yay | AM11: =Table4[[#This Row],[WholeSales]] -> WholeSales | AN11: =Table4[[#This Row],[Particular]] -> ကုန်ရောင်း(အကြွေး) | AO11: =Table4[[#This Row],[StockName]] -> BE | AP11: =Table4[[#This Row],[Parking]] -> 0 | AQ11: =Table4[[#This Row],[SalesBot]] -> 0 | AR11: =Table4[[#This Row],[Liter]] -> 0
A12: =YEAR(C12) -> 2026 | B12: =MONTH(C12) -> 1 | C12: 46023 | D12: =TODAY() -> 46097 | E12: =DATEDIF(C12,D12,"M")&"-Months" -> 2-Months | F12: =VLOOKUP(N12,Stock[#Data],5,FALSE) -> BE | I12: Kyaw Star | J12: =VLOOKUP(I12,Customers[#Data],2,FALSE) -> ကျော်စတား | K12: =VLOOKUP(I12,Customers[#Data],4,FALSE) -> Yay | L12: =VLOOKUP(I12,Customers[#Data],5,FALSE) -> WholeSales | M12: ကုန်ရောင်း(အကြွေး) | N12: BE Debtors Opening | O12: =VLOOKUP(N12,Stock[#Data],2,FALSE) -> BE | P12: =VLOOKUP(N12,Stock[#Data],3,FALSE) -> 0 | Q12: =VLOOKUP(N12,Stock[#Data],4,FALSE) -> 0 | S12: =IFERROR(Table4[[#This Row],[Bottle]]/Table4[[#This Row],[ပါဝင်မှု]]+Table4[[#This Row],[SalesPK]],0) -> 0 | U12: =Table4[[#This Row],[ပါဝင်မှု]]*Table4[[#This Row],[SalesPK]]+Table4[[#This Row],[Bottle]] -> 0 | V12: =Table4[[#This Row],[SalesBot]]*Table4[[#This Row],[ML]] -> 0 | W12: =VLOOKUP(N12,Stock[#Data],6,FALSE) -> 0 | X12: =+Table4[[#This Row],[SalesBot]]*Table4[[#This Row],[နှုံး]] -> 0 | Y12: 3942000 | AB12: 46028 | AC12: 3942000 | AF12: =Table4[[#This Row],[စာရင်းဖွင့်]]+Table4[[#This Row],[သင့်ငွေ]]-Table4[[#This Row],[ဈေးဟောင်းလျှော့]]-Table4[[#This Row],[‌ကော်မရှင်]]-Table4[[#This Row],[ကြွေးရငွေ]]-Table4[[#This Row],[ကြွေးရငွေ2]] -> 0 | AH12: =Table4[[#This Row],[Date]] -> 46023 | AI12: =TEXT(AH12,"mmm") -> Jan | AJ12: =TEXT(AH12,"yyyy") -> 2026 | AK12: =Table4[[#This Row],[ကုန်သည်အမည်]] -> ကျော်စတား | AL12: =Table4[[#This Row],[Township]] -> Yay | AM12: =Table4[[#This Row],[WholeSales]] -> WholeSales | AN12: =Table4[[#This Row],[Particular]] -> ကုန်ရောင်း(အကြွေး) | AO12: =Table4[[#This Row],[StockName]] -> BE | AP12: =Table4[[#This Row],[Parking]] -> 0 | AQ12: =Table4[[#This Row],[SalesBot]] -> 0 | AR12: =Table4[[#This Row],[Liter]] -> 0
A13: =YEAR(C13) -> 2026 | B13: =MONTH(C13) -> 1 | C13: 46023 | D13: =TODAY() -> 46097 | E13: =DATEDIF(C13,D13,"M")&"-Months" -> 2-Months | F13: =VLOOKUP(N13,Stock[#Data],5,FALSE) -> BE | I13: Kyaw Star | J13: =VLOOKUP(I13,Customers[#Data],2,FALSE) -> ကျော်စတား | K13: =VLOOKUP(I13,Customers[#Data],4,FALSE) -> Yay | L13: =VLOOKUP(I13,Customers[#Data],5,FALSE) -> WholeSales | M13: ကုန်ရောင်း(အကြွေး) | N13: BE Debtors Opening | O13: =VLOOKUP(N13,Stock[#Data],2,FALSE) -> BE | P13: =VLOOKUP(N13,Stock[#Data],3,FALSE) -> 0 | Q13: =VLOOKUP(N13,Stock[#Data],4,FALSE) -> 0 | S13: =IFERROR(Table4[[#This Row],[Bottle]]/Table4[[#This Row],[ပါဝင်မှု]]+Table4[[#This Row],[SalesPK]],0) -> 0 | U13: =Table4[[#This Row],[ပါဝင်မှု]]*Table4[[#This Row],[SalesPK]]+Table4[[#This Row],[Bottle]] -> 0 | V13: =Table4[[#This Row],[SalesBot]]*Table4[[#This Row],[ML]] -> 0 | W13: =VLOOKUP(N13,Stock[#Data],6,FALSE) -> 0 | X13: =+Table4[[#This Row],[SalesBot]]*Table4[[#This Row],[နှုံး]] -> 0 | Y13: 6763500 | AB13: 46028 | AC13: 6763500 | AF13: =Table4[[#This Row],[စာရင်းဖွင့်]]+Table4[[#This Row],[သင့်ငွေ]]-Table4[[#This Row],[ဈေးဟောင်းလျှော့]]-Table4[[#This Row],[‌ကော်မရှင်]]-Table4[[#This Row],[ကြွေးရငွေ]]-Table4[[#This Row],[ကြွေးရငွေ2]] -> 0 | AH13: =Table4[[#This Row],[Date]] -> 46023 | AI13: =TEXT(AH13,"mmm") -> Jan | AJ13: =TEXT(AH13,"yyyy") -> 2026 | AK13: =Table4[[#This Row],[ကုန်သည်အမည်]] -> ကျော်စတား | AL13: =Table4[[#This Row],[Township]] -> Yay | AM13: =Table4[[#This Row],[WholeSales]] -> WholeSales | AN13: =Table4[[#This Row],[Particular]] -> ကုန်ရောင်း(အကြွေး) | AO13: =Table4[[#This Row],[StockName]] -> BE | AP13: =Table4[[#This Row],[Parking]] -> 0 | AQ13: =Table4[[#This Row],[SalesBot]] -> 0 | AR13: =Table4[[#This Row],[Liter]] -> 0
A14: =YEAR(C14) -> 2026 | B14: =MONTH(C14) -> 1 | C14: 46023 | D14: =TODAY() -> 46097 | E14: =DATEDIF(C14,D14,"M")&"-Months" -> 2-Months | F14: =VLOOKUP(N14,Stock[#Data],5,FALSE) -> BE | I14: Kyaw Star | J14: =VLOOKUP(I14,Customers[#Data],2,FALSE) -> ကျော်စတား | K14: =VLOOKUP(I14,Customers[#Data],4,FALSE) -> Yay | L14: =VLOOKUP(I14,Customers[#Data],5,FALSE) -> WholeSales | M14: ကုန်ရောင်း(အကြွေး) | N14: BE Debtors Opening | O14: =VLOOKUP(N14,Stock[#Data],2,FALSE) -> BE | P14: =VLOOKUP(N14,Stock[#Data],3,FALSE) -> 0 | Q14: =VLOOKUP(N14,Stock[#Data],4,FALSE) -> 0 | S14: =IFERROR(Table4[[#This Row],[Bottle]]/Table4[[#This Row],[ပါဝင်မှု]]+Table4[[#This Row],[SalesPK]],0) -> 0 | U14: =Table4[[#This Row],[ပါဝင်မှု]]*Table4[[#This Row],[SalesPK]]+Table4[[#This Row],[Bottle]] -> 0 | V14: =Table4[[#This Row],[SalesBot]]*Table4[[#This Row],[ML]] -> 0 | W14: =VLOOKUP(N14,Stock[#Data],6,FALSE) -> 0 | X14: =+Table4[[#This Row],[SalesBot]]*Table4[[#This Row],[နှုံး]] -> 0 | Y14: 4225500 | AB14: 46030 | AC14: 4225500 | AF14: =Table4[[#This Row],[စာရင်းဖွင့်]]+Table4[[#This Row],[သင့်ငွေ]]-Table4[[#This Row],[ဈေးဟောင်းလျှော့]]-Table4[[#This Row],[‌ကော်မရှင်]]-Table4[[#This Row],[ကြွေးရငွေ]]-Table4[[#This Row],[ကြွေးရငွေ2]] -> 0 | AH14: =Table4[[#This Row],[Date]] -> 46023 | AI14: =TEXT(AH14,"mmm") -> Jan | AJ14: =TEXT(AH14,"yyyy") -> 2026 | AK14: =Table4[[#This Row],[ကုန်သည်အမည်]] -> ကျော်စတား | AL14: =Table4[[#This Row],[Township]] -> Yay | AM14: =Table4[[#This Row],[WholeSales]] -> WholeSales | AN14: =Table4[[#This Row],[Particular]] -> ကုန်ရောင်း(အကြွေး) | AO14: =Table4[[#This Row],[StockName]] -> BE | AP14: =Table4[[#This Row],[Parking]] -> 0 | AQ14: =Table4[[#This Row],[SalesBot]] -> 0 | AR14: =Table4[[#This Row],[Liter]] -> 0
A15: =YEAR(C15) -> 2026 | B15: =MONTH(C15) -> 1 | C15: 46023 | D15: =TODAY() -> 46097 | E15: =DATEDIF(C15,D15,"M")&"-Months" -> 2-Months | F15: =VLOOKUP(N15,Stock[#Data],5,FALSE) -> BE | I15: Kyaw Star | J15: =VLOOKUP(I15,Customers[#Data],2,FALSE) -> ကျော်စတား | K15: =VLOOKUP(I15,Customers[#Data],4,FALSE) -> Yay | L15: =VLOOKUP(I15,Customers[#Data],5,FALSE) -> WholeSales | M15: ကုန်ရောင်း(အကြွေး) | N15: BE Debtors Opening | O15: =VLOOKUP(N15,Stock[#Data],2,FALSE) -> BE | P15: =VLOOKUP(N15,Stock[#Data],3,FALSE) -> 0 | Q15: =VLOOKUP(N15,Stock[#Data],4,FALSE) -> 0 | S15: =IFERROR(Table4[[#This Row],[Bottle]]/Table4[[#This Row],[ပါဝင်မှု]]+Table4[[#This Row],[SalesPK]],0) -> 0 | U15: =Table4[[#This Row],[ပါဝင်မှု]]*Table4[[#This Row],[SalesPK]]+Table4[[#This Row],[Bottle]] -> 0 | V15: =Table4[[#This Row],[SalesBot]]*Table4[[#This Row],[ML]] -> 0 | W15: =VLOOKUP(N15,Stock[#Data],6,FALSE) -> 0 | X15: =+Table4[[#This Row],[SalesBot]]*Table4[[#This Row],[နှုံး]] -> 0 | Y15: 2835000 | AB15: 46030 | AC15: 2835000 | AF15: =Table4[[#This Row],[စာရင်းဖွင့်]]+Table4[[#This Row],[သင့်ငွေ]]-Table4[[#This Row],[ဈေးဟောင်းလျှော့]]-Table4[[#This Row],[‌ကော်မရှင်]]-Table4[[#This Row],[ကြွေးရငွေ]]-Table4[[#This Row],[ကြွေးရငွေ2]] -> 0 | AH15: =Table4[[#This Row],[Date]] -> 46023 | AI15: =TEXT(AH15,"mmm") -> Jan | AJ15: =TEXT(AH15,"yyyy") -> 2026 | AK15: =Table4[[#This Row],[ကုန်သည်အမည်]] -> ကျော်စတား | AL15: =Table4[[#This Row],[Township]] -> Yay | AM15: =Table4[[#This Row],[WholeSales]] -> WholeSales | AN15: =Table4[[#This Row],[Particular]] -> ကုန်ရောင်း(အကြွေး) | AO15: =Table4[[#This Row],[StockName]] -> BE | AP15: =Table4[[#This Row],[Parking]] -> 0 | AQ15: =Table4[[#This Row],[SalesBot]] -> 0 | AR15: =Table4[[#This Row],[Liter]] -> 0
A16: =YEAR(C16) -> 2026 | B16: =MONTH(C16) -> 1 | C16: 46023 | D16: =TODAY() -> 46097 | E16: =DATEDIF(C16,D16,"M")&"-Months" -> 2-Months | F16: =VLOOKUP(N16,Stock[#Data],5,FALSE) -> BE | I16: Kyaw Star | J16: =VLOOKUP(I16,Customers[#Data],2,FALSE) -> ကျော်စတား | K16: =VLOOKUP(I16,Customers[#Data],4,FALSE) -> Yay | L16: =VLOOKUP(I16,Customers[#Data],5,FALSE) -> WholeSales | M16: ကုန်ရောင်း(အကြွေး) | N16: BE Debtors Opening | O16: =VLOOKUP(N16,Stock[#Data],2,FALSE) -> BE | P16: =VLOOKUP(N16,Stock[#Data],3,FALSE) -> 0 | Q16: =VLOOKUP(N16,Stock[#Data],4,FALSE) -> 0 | S16: =IFERROR(Table4[[#This Row],[Bottle]]/Table4[[#This Row],[ပါဝင်မှု]]+Table4[[#This Row],[SalesPK]],0) -> 0 | U16: =Table4[[#This Row],[ပါဝင်မှု]]*Table4[[#This Row],[SalesPK]]+Table4[[#This Row],[Bottle]] -> 0 | V16: =Table4[[#This Row],[SalesBot]]*Table4[[#This Row],[ML]] -> 0 | W16: =VLOOKUP(N16,Stock[#Data],6,FALSE) -> 0 | X16: =+Table4[[#This Row],[SalesBot]]*Table4[[#This Row],[နှုံး]] -> 0 | Y16: 3942000 | AB16: 46034 | AC16: 3942000 | AF16: =Table4[[#This Row],[စာရင်းဖွင့်]]+Table4[[#This Row],[သင့်ငွေ]]-Table4[[#This Row],[ဈေးဟောင်းလျှော့]]-Table4[[#This Row],[‌ကော်မရှင်]]-Table4[[#This Row],[ကြွေးရငွေ]]-Table4[[#This Row],[ကြွေးရငွေ2]] -> 0 | AH16: =Table4[[#This Row],[Date]] -> 46023 | AI16: =TEXT(AH16,"mmm") -> Jan | AJ16: =TEXT(AH16,"yyyy") -> 2026 | AK16: =Table4[[#This Row],[ကုန်သည်အမည်]] -> ကျော်စတား | AL16: =Table4[[#This Row],[Township]] -> Yay | AM16: =Table4[[#This Row],[WholeSales]] -> WholeSales | AN16: =Table4[[#This Row],[Particular]] -> ကုန်ရောင်း(အကြွေး) | AO16: =Table4[[#This Row],[StockName]] -> BE | AP16: =Table4[[#This Row],[Parking]] -> 0 | AQ16: =Table4[[#This Row],[SalesBot]] -> 0 | AR16: =Table4[[#This Row],[Liter]] -> 0
A17: =YEAR(C17) -> 2026 | B17: =MONTH(C17) -> 1 | C17: 46023 | D17: =TODAY() -> 46097 | E17: =DATEDIF(C17,D17,"M")&"-Months" -> 2-Months | F17: =VLOOKUP(N17,Stock[#Data],5,FALSE) -> BE | I17: Kyaw Star | J17: =VLOOKUP(I17,Customers[#Data],2,FALSE) -> ကျော်စတား | K17: =VLOOKUP(I17,Customers[#Data],4,FALSE) -> Yay | L17: =VLOOKUP(I17,Customers[#Data],5,FALSE) -> WholeSales | M17: ကုန်ရောင်း(အကြွေး) | N17: BE Debtors Opening | O17: =VLOOKUP(N17,Stock[#Data],2,FALSE) -> BE | P17: =VLOOKUP(N17,Stock[#Data],3,FALSE) -> 0 | Q17: =VLOOKUP(N17,Stock[#Data],4,FALSE) -> 0 | S17: =IFERROR(Table4[[#This Row],[Bottle]]/Table4[[#This Row],[ပါဝင်မှု]]+Table4[[#This Row],[SalesPK]],0) -> 0 | U17: =Table4[[#This Row],[ပါဝင်မှု]]*Table4[[#This Row],[SalesPK]]+Table4[[#This Row],[Bottle]] -> 0 | V17: =Table4[[#This Row],[SalesBot]]*Table4[[#This Row],[ML]] -> 0 | W17: =VLOOKUP(N17,Stock[#Data],6,FALSE) -> 0 | X17: =+Table4[[#This Row],[SalesBot]]*Table4[[#This Row],[နှုံး]] -> 0 | Y17: 3564000 | AB17: 46034 | AC17: 3564000 | AF17: =Table4[[#This Row],[စာရင်းဖွင့်]]+Table4[[#This Row],[သင့်ငွေ]]-Table4[[#This Row],[ဈေးဟောင်းလျှော့]]-Table4[[#This Row],[‌ကော်မရှင်]]-Table4[[#This Row],[ကြွေးရငွေ]]-Table4[[#This Row],[ကြွေးရငွေ2]] -> 0 | AH17: =Table4[[#This Row],[Date]] -> 46023 | AI17: =TEXT(AH17,"mmm") -> Jan | AJ17: =TEXT(AH17,"yyyy") -> 2026 | AK17: =Table4[[#This Row],[ကုန်သည်အမည်]] -> ကျော်စတား | AL17: =Table4[[#This Row],[Township]] -> Yay | AM17: =Table4[[#This Row],[WholeSales]] -> WholeSales | AN17: =Table4[[#This Row],[Particular]] -> ကုန်ရောင်း(အကြွေး) | AO17: =Table4[[#This Row],[StockName]] -> BE | AP17: =Table4[[#This Row],[Parking]] -> 0 | AQ17: =Table4[[#This Row],[SalesBot]] -> 0 | AR17: =Table4[[#This Row],[Liter]] -> 0
A18: =YEAR(C18) -> 2026 | B18: =MONTH(C18) -> 1 | C18: 46023 | D18: =TODAY() -> 46097 | E18: =DATEDIF(C18,D18,"M")&"-Months" -> 2-Months | F18: =VLOOKUP(N18,Stock[#Data],5,FALSE) -> BE | I18: Kyaw Star | J18: =VLOOKUP(I18,Customers[#Data],2,FALSE) -> ကျော်စတား | K18: =VLOOKUP(I18,Customers[#Data],4,FALSE) -> Yay | L18: =VLOOKUP(I18,Customers[#Data],5,FALSE) -> WholeSales | M18: ကုန်ရောင်း(အကြွေး) | N18: BE Debtors Opening | O18: =VLOOKUP(N18,Stock[#Data],2,FALSE) -> BE | P18: =VLOOKUP(N18,Stock[#Data],3,FALSE) -> 0 | Q18: =VLOOKUP(N18,Stock[#Data],4,FALSE) -> 0 | S18: =IFERROR(Table4[[#This Row],[Bottle]]/Table4[[#This Row],[ပါဝင်မှု]]+Table4[[#This Row],[SalesPK]],0) -> 0 | U18: =Table4[[#This Row],[ပါဝင်မှု]]*Table4[[#This Row],[SalesPK]]+Table4[[#This Row],[Bottle]] -> 0 | V18: =Table4[[#This Row],[SalesBot]]*Table4[[#This Row],[ML]] -> 0 | W18: =VLOOKUP(N18,Stock[#Data],6,FALSE) -> 0 | X18: =+Table4[[#This Row],[SalesBot]]*Table4[[#This Row],[နှုံး]] -> 0 | Y18: 1890000 | AB18: 46035 | AC18: 1890000 | AF18: =Table4[[#This Row],[စာရင်းဖွင့်]]+Table4[[#This Row],[သင့်ငွေ]]-Table4[[#This Row],[ဈေးဟောင်းလျှော့]]-Table4[[#This Row],[‌ကော်မရှင်]]-Table4[[#This Row],[ကြွေးရငွေ]]-Table4[[#This Row],[ကြွေးရငွေ2]] -> 0 | AH18: =Table4[[#This Row],[Date]] -> 46023 | AI18: =TEXT(AH18,"mmm") -> Jan | AJ18: =TEXT(AH18,"yyyy") -> 2026 | AK18: =Table4[[#This Row],[ကုန်သည်အမည်]] -> ကျော်စတား | AL18: =Table4[[#This Row],[Township]] -> Yay | AM18: =Table4[[#This Row],[WholeSales]] -> WholeSales | AN18: =Table4[[#This Row],[Particular]] -> ကုန်ရောင်း(အကြွေး) | AO18: =Table4[[#This Row],[StockName]] -> BE | AP18: =Table4[[#This Row],[Parking]] -> 0 | AQ18: =Table4[[#This Row],[SalesBot]] -> 0 | AR18: =Table4[[#This Row],[Liter]] -> 0
A19: =YEAR(C19) -> 2026 | B19: =MONTH(C19) -> 1 | C19: 46023 | D19: =TODAY() -> 46097 | E19: =DATEDIF(C19,D19,"M")&"-Months" -> 2-Months | F19: =VLOOKUP(N19,Stock[#Data],5,FALSE) -> BE | I19: Kyaw Star | J19: =VLOOKUP(I19,Customers[#Data],2,FALSE) -> ကျော်စတား | K19: =VLOOKUP(I19,Customers[#Data],4,FALSE) -> Yay | L19: =VLOOKUP(I19,Customers[#Data],5,FALSE) -> WholeSales | M19: ကုန်ရောင်း(အကြွေး) | N19: BE Debtors Opening | O19: =VLOOKUP(N19,Stock[#Data],2,FALSE) -> BE | P19: =VLOOKUP(N19,Stock[#Data],3,FALSE) -> 0 | Q19: =VLOOKUP(N19,Stock[#Data],4,FALSE) -> 0 | S19: =IFERROR(Table4[[#This Row],[Bottle]]/Table4[[#This Row],[ပါဝင်မှု]]+Table4[[#This Row],[SalesPK]],0) -> 0 | U19: =Table4[[#This Row],[ပါဝင်မှု]]*Table4[[#This Row],[SalesPK]]+Table4[[#This Row],[Bottle]] -> 0 | V19: =Table4[[#This Row],[SalesBot]]*Table4[[#This Row],[ML]] -> 0 | W19: =VLOOKUP(N19,Stock[#Data],6,FALSE) -> 0 | X19: =+Table4[[#This Row],[SalesBot]]*Table4[[#This Row],[နှုံး]] -> 0 | Y19: 4806000 | AB19: 46035 | AC19: 4806000 | AF19: =Table4[[#This Row],[စာရင်းဖွင့်]]+Table4[[#This Row],[သင့်ငွေ]]-Table4[[#This Row],[ဈေးဟောင်းလျှော့]]-Table4[[#This Row],[‌ကော်မရှင်]]-Table4[[#This Row],[ကြွေးရငွေ]]-Table4[[#This Row],[ကြွေးရငွေ2]] -> 0 | AH19: =Table4[[#This Row],[Date]] -> 46023 | AI19: =TEXT(AH19,"mmm") -> Jan | AJ19: =TEXT(AH19,"yyyy") -> 2026 | AK19: =Table4[[#This Row],[ကုန်သည်အမည်]] -> ကျော်စတား | AL19: =Table4[[#This Row],[Township]] -> Yay | AM19: =Table4[[#This Row],[WholeSales]] -> WholeSales | AN19: =Table4[[#This Row],[Particular]] -> ကုန်ရောင်း(အကြွေး) | AO19: =Table4[[#This Row],[StockName]] -> BE | AP19: =Table4[[#This Row],[Parking]] -> 0 | AQ19: =Table4[[#This Row],[SalesBot]] -> 0 | AR19: =Table4[[#This Row],[Liter]] -> 0
A20: =YEAR(C20) -> 2026 | B20: =MONTH(C20) -> 1 | C20: 46023 | D20: =TODAY() -> 46097 | E20: =DATEDIF(C20,D20,"M")&"-Months" -> 2-Months | F20: =VLOOKUP(N20,Stock[#Data],5,FALSE) -> BE | I20: Ko Htike Soe | J20: =VLOOKUP(I20,Customers[#Data],2,FALSE) -> ကိုထိုက်စိုး | K20: =VLOOKUP(I20,Customers[#Data],4,FALSE) -> Yay | L20: =VLOOKUP(I20,Customers[#Data],5,FALSE) -> WholeSales | M20: ကုန်ရောင်း(အကြွေး) | N20: BE Debtors Opening | O20: =VLOOKUP(N20,Stock[#Data],2,FALSE) -> BE | P20: =VLOOKUP(N20,Stock[#Data],3,FALSE) -> 0 | Q20: =VLOOKUP(N20,Stock[#Data],4,FALSE) -> 0 | S20: =IFERROR(Table4[[#This Row],[Bottle]]/Table4[[#This Row],[ပါဝင်မှု]]+Table4[[#This Row],[SalesPK]],0) -> 0 | U20: =Table4[[#This Row],[ပါဝင်မှု]]*Table4[[#This Row],[SalesPK]]+Table4[[#This Row],[Bottle]] -> 0 | V20: =Table4[[#This Row],[SalesBot]]*Table4[[#This Row],[ML]] -> 0 | W20: =VLOOKUP(N20,Stock[#Data],6,FALSE) -> 0 | X20: =+Table4[[#This Row],[SalesBot]]*Table4[[#This Row],[နှုံး]] -> 0 | Y20: 9936000 | AF20: =Table4[[#This Row],[စာရင်းဖွင့်]]+Table4[[#This Row],[သင့်ငွေ]]-Table4[[#This Row],[ဈေးဟောင်းလျှော့]]-Table4[[#This Row],[‌ကော်မရှင်]]-Table4[[#This Row],[ကြွေးရငွေ]]-Table4[[#This Row],[ကြွေးရငွေ2]] -> 9936000 | AH20: =Table4[[#This Row],[Date]] -> 46023 | AI20: =TEXT(AH20,"mmm") -> Jan | AJ20: =TEXT(AH20,"yyyy") -> 2026 | AK20: =Table4[[#This Row],[ကုန်သည်အမည်]] -> ကိုထိုက်စိုး | AL20: =Table4[[#This Row],[Township]] -> Yay | AM20: =Table4[[#This Row],[WholeSales]] -> WholeSales | AN20: =Table4[[#This Row],[Particular]] -> ကုန်ရောင်း(အကြွေး) | AO20: =Table4[[#This Row],[StockName]] -> BE | AP20: =Table4[[#This Row],[Parking]] -> 0 | AQ20: =Table4[[#This Row],[SalesBot]] -> 0 | AR20: =Table4[[#This Row],[Liter]] -> 0
A21: =YEAR(C21) -> 2026 | B21: =MONTH(C21) -> 1 | C21: 46023 | D21: =TODAY() -> 46097 | E21: =DATEDIF(C21,D21,"M")&"-Months" -> 2-Months | F21: =VLOOKUP(N21,Stock[#Data],5,FALSE) -> BE | I21: Ko Mg+Ma Thu Zar | J21: =VLOOKUP(I21,Customers[#Data],2,FALSE) -> ကိုမောင်+မသူဇာ | K21: =VLOOKUP(I21,Customers[#Data],4,FALSE) -> Yay | L21: =VLOOKUP(I21,Customers[#Data],5,FALSE) -> WholeSales | M21: ကုန်ရောင်း(အကြွေး) | N21: BE Debtors Opening | O21: =VLOOKUP(N21,Stock[#Data],2,FALSE) -> BE | P21: =VLOOKUP(N21,Stock[#Data],3,FALSE) -> 0 | Q21: =VLOOKUP(N21,Stock[#Data],4,FALSE) -> 0 | S21: =IFERROR(Table4[[#This Row],[Bottle]]/Table4[[#This Row],[ပါဝင်မှု]]+Table4[[#This Row],[SalesPK]],0) -> 0 | U21: =Table4[[#This Row],[ပါဝင်မှု]]*Table4[[#This Row],[SalesPK]]+Table4[[#This Row],[Bottle]] -> 0 | V21: =Table4[[#This Row],[SalesBot]]*Table4[[#This Row],[ML]] -> 0 | W21: =VLOOKUP(N21,Stock[#Data],6,FALSE) -> 0 | X21: =+Table4[[#This Row],[SalesBot]]*Table4[[#This Row],[နှုံး]] -> 0 | Y21: 2052000 | AB21: 46034 | AC21: 2052000 | AF21: =Table4[[#This Row],[စာရင်းဖွင့်]]+Table4[[#This Row],[သင့်ငွေ]]-Table4[[#This Row],[ဈေးဟောင်းလျှော့]]-Table4[[#This Row],[‌ကော်မရှင်]]-Table4[[#This Row],[ကြွေးရငွေ]]-Table4[[#This Row],[ကြွေးရငွေ2]] -> 0 | AH21: =Table4[[#This Row],[Date]] -> 46023 | AI21: =TEXT(AH21,"mmm") -> Jan | AJ21: =TEXT(AH21,"yyyy") -> 2026 | AK21: =Table4[[#This Row],[ကုန်သည်အမည်]] -> ကိုမောင်+မသူဇာ | AL21: =Table4[[#This Row],[Township]] -> Yay | AM21: =Table4[[#This Row],[WholeSales]] -> WholeSales | AN21: =Table4[[#This Row],[Particular]] -> ကုန်ရောင်း(အကြွေး) | AO21: =Table4[[#This Row],[StockName]] -> BE | AP21: =Table4[[#This Row],[Parking]] -> 0 | AQ21: =Table4[[#This Row],[SalesBot]] -> 0 | AR21: =Table4[[#This Row],[Liter]] -> 0
A22: =YEAR(C22) -> 2026 | B22: =MONTH(C22) -> 1 | C22: 46023 | D22: =TODAY() -> 46097 | E22: =DATEDIF(C22,D22,"M")&"-Months" -> 2-Months | F22: =VLOOKUP(N22,Stock[#Data],5,FALSE) -> BE | I22: Ko Mg+Ma Thu Zar | J22: =VLOOKUP(I22,Customers[#Data],2,FALSE) -> ကိုမောင်+မသူဇာ | K22: =VLOOKUP(I22,Customers[#Data],4,FALSE) -> Yay | L22: =VLOOKUP(I22,Customers[#Data],5,FALSE) -> WholeSales | M22: ကုန်ရောင်း(အကြွေး) | N22: BE Debtors Opening | O22: =VLOOKUP(N22,Stock[#Data],2,FALSE) -> BE | P22: =VLOOKUP(N22,Stock[#Data],3,FALSE) -> 0 | Q22: =VLOOKUP(N22,Stock[#Data],4,FALSE) -> 0 | S22: =IFERROR(Table4[[#This Row],[Bottle]]/Table4[[#This Row],[ပါဝင်မှု]]+Table4[[#This Row],[SalesPK]],0) -> 0 | U22: =Table4[[#This Row],[ပါဝင်မှု]]*Table4[[#This Row],[SalesPK]]+Table4[[#This Row],[Bottle]] -> 0 | V22: =Table4[[#This Row],[SalesBot]]*Table4[[#This Row],[ML]] -> 0 | W22: =VLOOKUP(N22,Stock[#Data],6,FALSE) -> 0 | X22: =+Table4[[#This Row],[SalesBot]]*Table4[[#This Row],[နှုံး]] -> 0 | Y22: 2052000 | AB22: 46034 | AC22: 2052000 | AF22: =Table4[[#This Row],[စာရင်းဖွင့်]]+Table4[[#This Row],[သင့်ငွေ]]-Table4[[#This Row],[ဈေးဟောင်းလျှော့]]-Table4[[#This Row],[‌ကော်မရှင်]]-Table4[[#This Row],[ကြွေးရငွေ]]-Table4[[#This Row],[ကြွေးရငွေ2]] -> 0 | AH22: =Table4[[#This Row],[Date]] -> 46023 | AI22: =TEXT(AH22,"mmm") -> Jan | AJ22: =TEXT(AH22,"yyyy") -> 2026 | AK22: =Table4[[#This Row],[ကုန်သည်အမည်]] -> ကိုမောင်+မသူဇာ | AL22: =Table4[[#This Row],[Township]] -> Yay | AM22: =Table4[[#This Row],[WholeSales]] -> WholeSales | AN22: =Table4[[#This Row],[Particular]] -> ကုန်ရောင်း(အကြွေး) | AO22: =Table4[[#This Row],[StockName]] -> BE | AP22: =Table4[[#This Row],[Parking]] -> 0 | AQ22: =Table4[[#This Row],[SalesBot]] -> 0 | AR22: =Table4[[#This Row],[Liter]] -> 0
A23: =YEAR(C23) -> 2026 | B23: =MONTH(C23) -> 1 | C23: 46023 | D23: =TODAY() -> 46097 | E23: =DATEDIF(C23,D23,"M")&"-Months" -> 2-Months | F23: =VLOOKUP(N23,Stock[#Data],5,FALSE) -> BE | I23: Ko Mg+Ma Thu Zar | J23: =VLOOKUP(I23,Customers[#Data],2,FALSE) -> ကိုမောင်+မသူဇာ | K23: =VLOOKUP(I23,Customers[#Data],4,FALSE) -> Yay | L23: =VLOOKUP(I23,Customers[#Data],5,FALSE) -> WholeSales | M23: ကုန်ရောင်း(အကြွေး) | N23: BE Debtors Opening | O23: =VLOOKUP(N23,Stock[#Data],2,FALSE) -> BE | P23: =VLOOKUP(N23,Stock[#Data],3,FALSE) -> 0 | Q23: =VLOOKUP(N23,Stock[#Data],4,FALSE) -> 0 | S23: =IFERROR(Table4[[#This Row],[Bottle]]/Table4[[#This Row],[ပါဝင်မှု]]+Table4[[#This Row],[SalesPK]],0) -> 0 | U23: =Table4[[#This Row],[ပါဝင်မှု]]*Table4[[#This Row],[SalesPK]]+Table4[[#This Row],[Bottle]] -> 0 | V23: =Table4[[#This Row],[SalesBot]]*Table4[[#This Row],[ML]] -> 0 | W23: =VLOOKUP(N23,Stock[#Data],6,FALSE) -> 0 | X23: =+Table4[[#This Row],[SalesBot]]*Table4[[#This Row],[နှုံး]] -> 0 | Y23: 1026000 | AB23: 46024 | AC23: 1026000 | AF23: =Table4[[#This Row],[စာရင်းဖွင့်]]+Table4[[#This Row],[သင့်ငွေ]]-Table4[[#This Row],[ဈေးဟောင်းလျှော့]]-Table4[[#This Row],[‌ကော်မရှင်]]-Table4[[#This Row],[ကြွေးရငွေ]]-Table4[[#This Row],[ကြွေးရငွေ2]] -> 0 | AH23: =Table4[[#This Row],[Date]] -> 46023 | AI23: =TEXT(AH23,"mmm") -> Jan | AJ23: =TEXT(AH23,"yyyy") -> 2026 | AK23: =Table4[[#This Row],[ကုန်သည်အမည်]] -> ကိုမောင်+မသူဇာ | AL23: =Table4[[#This Row],[Township]] -> Yay | AM23: =Table4[[#This Row],[WholeSales]] -> WholeSales | AN23: =Table4[[#This Row],[Particular]] -> ကုန်ရောင်း(အကြွေး) | AO23: =Table4[[#This Row],[StockName]] -> BE | AP23: =Table4[[#This Row],[Parking]] -> 0 | AQ23: =Table4[[#This Row],[SalesBot]] -> 0 | AR23: =Table4[[#This Row],[Liter]] -> 0
A24: =YEAR(C24) -> 2026 | B24: =MONTH(C24) -> 1 | C24: 46023 | D24: =TODAY() -> 46097 | E24: =DATEDIF(C24,D24,"M")&"-Months" -> 2-Months | F24: =VLOOKUP(N24,Stock[#Data],5,FALSE) -> BE | I24: Ko Mg+Ma Thu Zar | J24: =VLOOKUP(I24,Customers[#Data],2,FALSE) -> ကိုမောင်+မသူဇာ | K24: =VLOOKUP(I24,Customers[#Data],4,FALSE) -> Yay | L24: =VLOOKUP(I24,Customers[#Data],5,FALSE) -> WholeSales | M24: ကုန်ရောင်း(အကြွေး) | N24: BE Debtors Opening | O24: =VLOOKUP(N24,Stock[#Data],2,FALSE) -> BE | P24: =VLOOKUP(N24,Stock[#Data],3,FALSE) -> 0 | Q24: =VLOOKUP(N24,Stock[#Data],4,FALSE) -> 0 | S24: =IFERROR(Table4[[#This Row],[Bottle]]/Table4[[#This Row],[ပါဝင်မှု]]+Table4[[#This Row],[SalesPK]],0) -> 0 | U24: =Table4[[#This Row],[ပါဝင်မှု]]*Table4[[#This Row],[SalesPK]]+Table4[[#This Row],[Bottle]] -> 0 | V24: =Table4[[#This Row],[SalesBot]]*Table4[[#This Row],[ML]] -> 0 | W24: =VLOOKUP(N24,Stock[#Data],6,FALSE) -> 0 | X24: =+Table4[[#This Row],[SalesBot]]*Table4[[#This Row],[နှုံး]] -> 0 | Y24: 615600 | AB24: 46024 | AC24: 615600 | AF24: =Table4[[#This Row],[စာရင်းဖွင့်]]+Table4[[#This Row],[သင့်ငွေ]]-Table4[[#This Row],[ဈေးဟောင်းလျှော့]]-Table4[[#This Row],[‌ကော်မရှင်]]-Table4[[#This Row],[ကြွေးရငွေ]]-Table4[[#This Row],[ကြွေးရငွေ2]] -> 0 | AH24: =Table4[[#This Row],[Date]] -> 46023 | AI24: =TEXT(AH24,"mmm") -> Jan | AJ24: =TEXT(AH24,"yyyy") -> 2026 | AK24: =Table4[[#This Row],[ကုန်သည်အမည်]] -> ကိုမောင်+မသူဇာ | AL24: =Table4[[#This Row],[Township]] -> Yay | AM24: =Table4[[#This Row],[WholeSales]] -> WholeSales | AN24: =Table4[[#This Row],[Particular]] -> ကုန်ရောင်း(အကြွေး) | AO24: =Table4[[#This Row],[StockName]] -> BE | AP24: =Table4[[#This Row],[Parking]] -> 0 | AQ24: =Table4[[#This Row],[SalesBot]] -> 0 | AR24: =Table4[[#This Row],[Liter]] -> 0
A25: =YEAR(C25) -> 2026 | B25: =MONTH(C25) -> 1 | C25: 46023 | D25: =TODAY() -> 46097 | E25: =DATEDIF(C25,D25,"M")&"-Months" -> 2-Months | F25: =VLOOKUP(N25,Stock[#Data],5,FALSE) -> BE | I25: Ko Mg+Ma Thu Zar | J25: =VLOOKUP(I25,Customers[#Data],2,FALSE) -> ကိုမောင်+မသူဇာ | K25: =VLOOKUP(I25,Customers[#Data],4,FALSE) -> Yay | L25: =VLOOKUP(I25,Customers[#Data],5,FALSE) -> WholeSales | M25: ကုန်ရောင်း(အကြွေး) | N25: BE Debtors Opening | O25: =VLOOKUP(N25,Stock[#Data],2,FALSE) -> BE | P25: =VLOOKUP(N25,Stock[#Data],3,FALSE) -> 0 | Q25: =VLOOKUP(N25,Stock[#Data],4,FALSE) -> 0 | S25: =IFERROR(Table4[[#This Row],[Bottle]]/Table4[[#This Row],[ပါဝင်မှု]]+Table4[[#This Row],[SalesPK]],0) -> 0 | U25: =Table4[[#This Row],[ပါဝင်မှု]]*Table4[[#This Row],[SalesPK]]+Table4[[#This Row],[Bottle]] -> 0 | V25: =Table4[[#This Row],[SalesBot]]*Table4[[#This Row],[ML]] -> 0 | W25: =VLOOKUP(N25,Stock[#Data],6,FALSE) -> 0 | X25: =+Table4[[#This Row],[SalesBot]]*Table4[[#This Row],[နှုံး]] -> 0 | Y25: 410400 | AB25: 46024 | AC25: 410400 | AF25: =Table4[[#This Row],[စာရင်းဖွင့်]]+Table4[[#This Row],[သင့်ငွေ]]-Table4[[#This Row],[ဈေးဟောင်းလျှော့]]-Table4[[#This Row],[‌ကော်မရှင်]]-Table4[[#This Row],[ကြွေးရငွေ]]-Table4[[#This Row],[ကြွေးရငွေ2]] -> 0 | AH25: =Table4[[#This Row],[Date]] -> 46023 | AI25: =TEXT(AH25,"mmm") -> Jan | AJ25: =TEXT(AH25,"yyyy") -> 2026 | AK25: =Table4[[#This Row],[ကုန်သည်အမည်]] -> ကိုမောင်+မသူဇာ | AL25: =Table4[[#This Row],[Township]] -> Yay | AM25: =Table4[[#This Row],[WholeSales]] -> WholeSales | AN25: =Table4[[#This Row],[Particular]] -> ကုန်ရောင်း(အကြွေး) | AO25: =Table4[[#This Row],[StockName]] -> BE | AP25: =Table4[[#This Row],[Parking]] -> 0 | AQ25: =Table4[[#This Row],[SalesBot]] -> 0 | AR25: =Table4[[#This Row],[Liter]] -> 0
A26: =YEAR(C26) -> 2026 | B26: =MONTH(C26) -> 1 | C26: 46023 | D26: =TODAY() -> 46097 | E26: =DATEDIF(C26,D26,"M")&"-Months" -> 2-Months | F26: =VLOOKUP(N26,Stock[#Data],5,FALSE) -> BE | I26: Ko Mg+Ma Thu Zar | J26: =VLOOKUP(I26,Customers[#Data],2,FALSE) -> ကိုမောင်+မသူဇာ | K26: =VLOOKUP(I26,Customers[#Data],4,FALSE) -> Yay | L26: =VLOOKUP(I26,Customers[#Data],5,FALSE) -> WholeSales | M26: ကုန်ရောင်း(အကြွေး) | N26: BE Debtors Opening | O26: =VLOOKUP(N26,Stock[#Data],2,FALSE) -> BE | P26: =VLOOKUP(N26,Stock[#Data],3,FALSE) -> 0 | Q26: =VLOOKUP(N26,Stock[#Data],4,FALSE) -> 0 | S26: =IFERROR(Table4[[#This Row],[Bottle]]/Table4[[#This Row],[ပါဝင်မှု]]+Table4[[#This Row],[SalesPK]],0) -> 0 | U26: =Table4[[#This Row],[ပါဝင်မှု]]*Table4[[#This Row],[SalesPK]]+Table4[[#This Row],[Bottle]] -> 0 | V26: =Table4[[#This Row],[SalesBot]]*Table4[[#This Row],[ML]] -> 0 | W26: =VLOOKUP(N26,Stock[#Data],6,FALSE) -> 0 | X26: =+Table4[[#This Row],[SalesBot]]*Table4[[#This Row],[နှုံး]] -> 0 | Y26: 1026000 | AB26: 46041 | AC26: 1026000 | AF26: =Table4[[#This Row],[စာရင်းဖွင့်]]+Table4[[#This Row],[သင့်ငွေ]]-Table4[[#This Row],[ဈေးဟောင်းလျှော့]]-Table4[[#This Row],[‌ကော်မရှင်]]-Table4[[#This Row],[ကြွေးရငွေ]]-Table4[[#This Row],[ကြွေးရငွေ2]] -> 0 | AH26: =Table4[[#This Row],[Date]] -> 46023 | AI26: =TEXT(AH26,"mmm") -> Jan | AJ26: =TEXT(AH26,"yyyy") -> 2026 | AK26: =Table4[[#This Row],[ကုန်သည်အမည်]] -> ကိုမောင်+မသူဇာ | AL26: =Table4[[#This Row],[Township]] -> Yay | AM26: =Table4[[#This Row],[WholeSales]] -> WholeSales | AN26: =Table4[[#This Row],[Particular]] -> ကုန်ရောင်း(အကြွေး) | AO26: =Table4[[#This Row],[StockName]] -> BE | AP26: =Table4[[#This Row],[Parking]] -> 0 | AQ26: =Table4[[#This Row],[SalesBot]] -> 0 | AR26: =Table4[[#This Row],[Liter]] -> 0
A27: =YEAR(C27) -> 2026 | B27: =MONTH(C27) -> 1 | C27: 46023 | D27: =TODAY() -> 46097 | E27: =DATEDIF(C27,D27,"M")&"-Months" -> 2-Months | F27: =VLOOKUP(N27,Stock[#Data],5,FALSE) -> BE | I27: Ko Mg+Ma Thu Zar | J27: =VLOOKUP(I27,Customers[#Data],2,FALSE) -> ကိုမောင်+မသူဇာ | K27: =VLOOKUP(I27,Customers[#Data],4,FALSE) -> Yay | L27: =VLOOKUP(I27,Customers[#Data],5,FALSE) -> WholeSales | M27: ကုန်ရောင်း(အကြွေး) | N27: BE Debtors Opening | O27: =VLOOKUP(N27,Stock[#Data],2,FALSE) -> BE | P27: =VLOOKUP(N27,Stock[#Data],3,FALSE) -> 0 | Q27: =VLOOKUP(N27,Stock[#Data],4,FALSE) -> 0 | S27: =IFERROR(Table4[[#This Row],[Bottle]]/Table4[[#This Row],[ပါဝင်မှု]]+Table4[[#This Row],[SalesPK]],0) -> 0 | U27: =Table4[[#This Row],[ပါဝင်မှု]]*Table4[[#This Row],[SalesPK]]+Table4[[#This Row],[Bottle]] -> 0 | V27: =Table4[[#This Row],[SalesBot]]*Table4[[#This Row],[ML]] -> 0 | W27: =VLOOKUP(N27,Stock[#Data],6,FALSE) -> 0 | X27: =+Table4[[#This Row],[SalesBot]]*Table4[[#This Row],[နှုံး]] -> 0 | Y27: 1026000 | AB27: 46041 | AC27: 1026000 | AF27: =Table4[[#This Row],[စာရင်းဖွင့်]]+Table4[[#This Row],[သင့်ငွေ]]-Table4[[#This Row],[ဈေးဟောင်းလျှော့]]-Table4[[#This Row],[‌ကော်မရှင်]]-Table4[[#This Row],[ကြွေးရငွေ]]-Table4[[#This Row],[ကြွေးရငွေ2]] -> 0 | AH27: =Table4[[#This Row],[Date]] -> 46023 | AI27: =TEXT(AH27,"mmm") -> Jan | AJ27: =TEXT(AH27,"yyyy") -> 2026 | AK27: =Table4[[#This Row],[ကုန်သည်အမည်]] -> ကိုမောင်+မသူဇာ | AL27: =Table4[[#This Row],[Township]] -> Yay | AM27: =Table4[[#This Row],[WholeSales]] -> WholeSales | AN27: =Table4[[#This Row],[Particular]] -> ကုန်ရောင်း(အကြွေး) | AO27: =Table4[[#This Row],[StockName]] -> BE | AP27: =Table4[[#This Row],[Parking]] -> 0 | AQ27: =Table4[[#This Row],[SalesBot]] -> 0 | AR27: =Table4[[#This Row],[Liter]] -> 0
A28: =YEAR(C28) -> 2026 | B28: =MONTH(C28) -> 1 | C28: 46023 | D28: =TODAY() -> 46097 | E28: =DATEDIF(C28,D28,"M")&"-Months" -> 2-Months | F28: =VLOOKUP(N28,Stock[#Data],5,FALSE) -> BE | I28: Ko Mg+Ma Thu Zar | J28: =VLOOKUP(I28,Customers[#Data],2,FALSE) -> ကိုမောင်+မသူဇာ | K28: =VLOOKUP(I28,Customers[#Data],4,FALSE) -> Yay | L28: =VLOOKUP(I28,Customers[#Data],5,FALSE) -> WholeSales | M28: ကုန်ရောင်း(အကြွေး) | N28: BE Debtors Opening | O28: =VLOOKUP(N28,Stock[#Data],2,FALSE) -> BE | P28: =VLOOKUP(N28,Stock[#Data],3,FALSE) -> 0 | Q28: =VLOOKUP(N28,Stock[#Data],4,FALSE) -> 0 | S28: =IFERROR(Table4[[#This Row],[Bottle]]/Table4[[#This Row],[ပါဝင်မှု]]+Table4[[#This Row],[SalesPK]],0) -> 0 | U28: =Table4[[#This Row],[ပါဝင်မှု]]*Table4[[#This Row],[SalesPK]]+Table4[[#This Row],[Bottle]] -> 0 | V28: =Table4[[#This Row],[SalesBot]]*Table4[[#This Row],[ML]] -> 0 | W28: =VLOOKUP(N28,Stock[#Data],6,FALSE) -> 0 | X28: =+Table4[[#This Row],[SalesBot]]*Table4[[#This Row],[နှုံး]] -> 0 | Y28: 4104000 | AB28: 46041 | AC28: 4104000 | AF28: =Table4[[#This Row],[စာရင်းဖွင့်]]+Table4[[#This Row],[သင့်ငွေ]]-Table4[[#This Row],[ဈေးဟောင်းလျှော့]]-Table4[[#This Row],[‌ကော်မရှင်]]-Table4[[#This Row],[ကြွေးရငွေ]]-Table4[[#This Row],[ကြွေးရငွေ2]] -> 0 | AH28: =Table4[[#This Row],[Date]] -> 46023 | AI28: =TEXT(AH28,"mmm") -> Jan | AJ28: =TEXT(AH28,"yyyy") -> 2026 | AK28: =Table4[[#This Row],[ကုန်သည်အမည်]] -> ကိုမောင်+မသူဇာ | AL28: =Table4[[#This Row],[Township]] -> Yay | AM28: =Table4[[#This Row],[WholeSales]] -> WholeSales | AN28: =Table4[[#This Row],[Particular]] -> ကုန်ရောင်း(အကြွေး) | AO28: =Table4[[#This Row],[StockName]] -> BE | AP28: =Table4[[#This Row],[Parking]] -> 0 | AQ28: =Table4[[#This Row],[SalesBot]] -> 0 | AR28: =Table4[[#This Row],[Liter]] -> 0
A29: =YEAR(C29) -> 2026 | B29: =MONTH(C29) -> 1 | C29: 46023 | D29: =TODAY() -> 46097 | E29: =DATEDIF(C29,D29,"M")&"-Months" -> 2-Months | F29: =VLOOKUP(N29,Stock[#Data],5,FALSE) -> BE | I29: Ko Mg+Ma Thu Zar | J29: =VLOOKUP(I29,Customers[#Data],2,FALSE) -> ကိုမောင်+မသူဇာ | K29: =VLOOKUP(I29,Customers[#Data],4,FALSE) -> Yay | L29: =VLOOKUP(I29,Customers[#Data],5,FALSE) -> WholeSales | M29: ကုန်ရောင်း(အကြွေး) | N29: BE Debtors Opening | O29: =VLOOKUP(N29,Stock[#Data],2,FALSE) -> BE | P29: =VLOOKUP(N29,Stock[#Data],3,FALSE) -> 0 | Q29: =VLOOKUP(N29,Stock[#Data],4,FALSE) -> 0 | S29: =IFERROR(Table4[[#This Row],[Bottle]]/Table4[[#This Row],[ပါဝင်မှု]]+Table4[[#This Row],[SalesPK]],0) -> 0 | U29: =Table4[[#This Row],[ပါဝင်မှု]]*Table4[[#This Row],[SalesPK]]+Table4[[#This Row],[Bottle]] -> 0 | V29: =Table4[[#This Row],[SalesBot]]*Table4[[#This Row],[ML]] -> 0 | W29: =VLOOKUP(N29,Stock[#Data],6,FALSE) -> 0 | X29: =+Table4[[#This Row],[SalesBot]]*Table4[[#This Row],[နှုံး]] -> 0 | Y29: 1026000 | AB29: 46043 | AC29: 1026000 | AF29: =Table4[[#This Row],[စာရင်းဖွင့်]]+Table4[[#This Row],[သင့်ငွေ]]-Table4[[#This Row],[ဈေးဟောင်းလျှော့]]-Table4[[#This Row],[‌ကော်မရှင်]]-Table4[[#This Row],[ကြွေးရငွေ]]-Table4[[#This Row],[ကြွေးရငွေ2]] -> 0 | AH29: =Table4[[#This Row],[Date]] -> 46023 | AI29: =TEXT(AH29,"mmm") -> Jan | AJ29: =TEXT(AH29,"yyyy") -> 2026 | AK29: =Table4[[#This Row],[ကုန်သည်အမည်]] -> ကိုမောင်+မသူဇာ | AL29: =Table4[[#This Row],[Township]] -> Yay | AM29: =Table4[[#This Row],[WholeSales]] -> WholeSales | AN29: =Table4[[#This Row],[Particular]] -> ကုန်ရောင်း(အကြွေး) | AO29: =Table4[[#This Row],[StockName]] -> BE | AP29: =Table4[[#This Row],[Parking]] -> 0 | AQ29: =Table4[[#This Row],[SalesBot]] -> 0 | AR29: =Table4[[#This Row],[Liter]] -> 0
A30: =YEAR(C30) -> 2026 | B30: =MONTH(C30) -> 1 | C30: 46023 | D30: =TODAY() -> 46097 | E30: =DATEDIF(C30,D30,"M")&"-Months" -> 2-Months | F30: =VLOOKUP(N30,Stock[#Data],5,FALSE) -> BE | I30: Ko Mg+Ma Thu Zar | J30: =VLOOKUP(I30,Customers[#Data],2,FALSE) -> ကိုမောင်+မသူဇာ | K30: =VLOOKUP(I30,Customers[#Data],4,FALSE) -> Yay | L30: =VLOOKUP(I30,Customers[#Data],5,FALSE) -> WholeSales | M30: ကုန်ရောင်း(အကြွေး) | N30: BE Debtors Opening | O30: =VLOOKUP(N30,Stock[#Data],2,FALSE) -> BE | P30: =VLOOKUP(N30,Stock[#Data],3,FALSE) -> 0 | Q30: =VLOOKUP(N30,Stock[#Data],4,FALSE) -> 0 | S30: =IFERROR(Table4[[#This Row],[Bottle]]/Table4[[#This Row],[ပါဝင်မှု]]+Table4[[#This Row],[SalesPK]],0) -> 0 | U30: =Table4[[#This Row],[ပါဝင်မှု]]*Table4[[#This Row],[SalesPK]]+Table4[[#This Row],[Bottle]] -> 0 | V30: =Table4[[#This Row],[SalesBot]]*Table4[[#This Row],[ML]] -> 0 | W30: =VLOOKUP(N30,Stock[#Data],6,FALSE) -> 0 | X30: =+Table4[[#This Row],[SalesBot]]*Table4[[#This Row],[နှုံး]] -> 0 | Y30: 1026000 | AB30: 46043 | AC30: 1026000 | AF30: =Table4[[#This Row],[စာရင်းဖွင့်]]+Table4[[#This Row],[သင့်ငွေ]]-Table4[[#This Row],[ဈေးဟောင်းလျှော့]]-Table4[[#This Row],[‌ကော်မရှင်]]-Table4[[#This Row],[ကြွေးရငွေ]]-Table4[[#This Row],[ကြွေးရငွေ2]] -> 0 | AH30: =Table4[[#This Row],[Date]] -> 46023 | AI30: =TEXT(AH30,"mmm") -> Jan | AJ30: =TEXT(AH30,"yyyy") -> 2026 | AK30: =Table4[[#This Row],[ကုန်သည်အမည်]] -> ကိုမောင်+မသူဇာ | AL30: =Table4[[#This Row],[Township]] -> Yay | AM30: =Table4[[#This Row],[WholeSales]] -> WholeSales | AN30: =Table4[[#This Row],[Particular]] -> ကုန်ရောင်း(အကြွေး) | AO30: =Table4[[#This Row],[StockName]] -> BE | AP30: =Table4[[#This Row],[Parking]] -> 0 | AQ30: =Table4[[#This Row],[SalesBot]] -> 0 | AR30: =Table4[[#This Row],[Liter]] -> 0
A31: =YEAR(C31) -> 2026 | B31: =MONTH(C31) -> 1 | C31: 46023 | D31: =TODAY() -> 46097 | E31: =DATEDIF(C31,D31,"M")&"-Months" -> 2-Months | F31: =VLOOKUP(N31,Stock[#Data],5,FALSE) -> BE | I31: Daw Sein Yone | J31: =VLOOKUP(I31,Customers[#Data],2,FALSE) -> ဒေါ်စိန်ယုံ | K31: =VLOOKUP(I31,Customers[#Data],4,FALSE) -> Mudon | L31: =VLOOKUP(I31,Customers[#Data],5,FALSE) -> Mini Whole Sales | M31: ကုန်ရောင်း(အကြွေး) | N31: BE Debtors Opening | O31: =VLOOKUP(N31,Stock[#Data],2,FALSE) -> BE | P31: =VLOOKUP(N31,Stock[#Data],3,FALSE) -> 0 | Q31: =VLOOKUP(N31,Stock[#Data],4,FALSE) -> 0 | S31: =IFERROR(Table4[[#This Row],[Bottle]]/Table4[[#This Row],[ပါဝင်မှု]]+Table4[[#This Row],[SalesPK]],0) -> 0 | U31: =Table4[[#This Row],[ပါဝင်မှု]]*Table4[[#This Row],[SalesPK]]+Table4[[#This Row],[Bottle]] -> 0 | V31: =Table4[[#This Row],[SalesBot]]*Table4[[#This Row],[ML]] -> 0 | W31: =VLOOKUP(N31,Stock[#Data],6,FALSE) -> 0 | X31: =+Table4[[#This Row],[SalesBot]]*Table4[[#This Row],[နှုံး]] -> 0 | Y31: 756000 | AB31: 46024 | AC31: 756000 | AF31: =Table4[[#This Row],[စာရင်းဖွင့်]]+Table4[[#This Row],[သင့်ငွေ]]-Table4[[#This Row],[ဈေးဟောင်းလျှော့]]-Table4[[#This Row],[‌ကော်မရှင်]]-Table4[[#This Row],[ကြွေးရငွေ]]-Table4[[#This Row],[ကြွေးရငွေ2]] -> 0 | AH31: =Table4[[#This Row],[Date]] -> 46023 | AI31: =TEXT(AH31,"mmm") -> Jan | AJ31: =TEXT(AH31,"yyyy") -> 2026 | AK31: =Table4[[#This Row],[ကုန်သည်အမည်]] -> ဒေါ်စိန်ယုံ | AL31: =Table4[[#This Row],[Township]] -> Mudon | AM31: =Table4[[#This Row],[WholeSales]] -> Mini Whole Sales | AN31: =Table4[[#This Row],[Particular]] -> ကုန်ရောင်း(အကြွေး) | AO31: =Table4[[#This Row],[StockName]] -> BE | AP31: =Table4[[#This Row],[Parking]] -> 0 | AQ31: =Table4[[#This Row],[SalesBot]] -> 0 | AR31: =Table4[[#This Row],[Liter]] -> 0
A32: =YEAR(C32) -> 2026 | B32: =MONTH(C32) -> 1 | C32: 46023 | D32: =TODAY() -> 46097 | E32: =DATEDIF(C32,D32,"M")&"-Months" -> 2-Months | F32: =VLOOKUP(N32,Stock[#Data],5,FALSE) -> BE | I32: Ko Kyaw Naing Soe | J32: =VLOOKUP(I32,Customers[#Data],2,FALSE) -> ကိုကျော်နိုင်စိုး | K32: =VLOOKUP(I32,Customers[#Data],4,FALSE) -> Yay | L32: =VLOOKUP(I32,Customers[#Data],5,FALSE) -> SemiWholeSales | M32: ကုန်ရောင်း(အကြွေး) | N32: BE Debtors Opening | O32: =VLOOKUP(N32,Stock[#Data],2,FALSE) -> BE | P32: =VLOOKUP(N32,Stock[#Data],3,FALSE) -> 0 | Q32: =VLOOKUP(N32,Stock[#Data],4,FALSE) -> 0 | S32: =IFERROR(Table4[[#This Row],[Bottle]]/Table4[[#This Row],[ပါဝင်မှု]]+Table4[[#This Row],[SalesPK]],0) -> 0 | U32: =Table4[[#This Row],[ပါဝင်မှု]]*Table4[[#This Row],[SalesPK]]+Table4[[#This Row],[Bottle]] -> 0 | V32: =Table4[[#This Row],[SalesBot]]*Table4[[#This Row],[ML]] -> 0 | W32: =VLOOKUP(N32,Stock[#Data],6,FALSE) -> 0 | X32: =+Table4[[#This Row],[SalesBot]]*Table4[[#This Row],[နှုံး]] -> 0 | Y32: 4104000 | AB32: 46039 | AC32: 4104000 | AF32: =Table4[[#This Row],[စာရင်းဖွင့်]]+Table4[[#This Row],[သင့်ငွေ]]-Table4[[#This Row],[ဈေးဟောင်းလျှော့]]-Table4[[#This Row],[‌ကော်မရှင်]]-Table4[[#This Row],[ကြွေးရငွေ]]-Table4[[#This Row],[ကြွေးရငွေ2]] -> 0 | AH32: =Table4[[#This Row],[Date]] -> 46023 | AI32: =TEXT(AH32,"mmm") -> Jan | AJ32: =TEXT(AH32,"yyyy") -> 2026 | AK32: =Table4[[#This Row],[ကုန်သည်အမည်]] -> ကိုကျော်နိုင်စိုး | AL32: =Table4[[#This Row],[Township]] -> Yay | AM32: =Table4[[#This Row],[WholeSales]] -> SemiWholeSales | AN32: =Table4[[#This Row],[Particular]] -> ကုန်ရောင်း(အကြွေး) | AO32: =Table4[[#This Row],[StockName]] -> BE | AP32: =Table4[[#This Row],[Parking]] -> 0 | AQ32: =Table4[[#This Row],[SalesBot]] -> 0 | AR32: =Table4[[#This Row],[Liter]] -> 0
A33: =YEAR(C33) -> 2026 | B33: =MONTH(C33) -> 1 | C33: 46023 | D33: =TODAY() -> 46097 | E33: =DATEDIF(C33,D33,"M")&"-Months" -> 2-Months | F33: =VLOOKUP(N33,Stock[#Data],5,FALSE) -> BE | I33: Ma Chaw | J33: =VLOOKUP(I33,Customers[#Data],2,FALSE) -> မ‌ချော | K33: =VLOOKUP(I33,Customers[#Data],4,FALSE) -> Yay | L33: =VLOOKUP(I33,Customers[#Data],5,FALSE) -> SemiWholeSales | M33: ကြိုရောင်း | N33: BE Debtors Opening | O33: =VLOOKUP(N33,Stock[#Data],2,FALSE) -> BE | P33: =VLOOKUP(N33,Stock[#Data],3,FALSE) -> 0 | Q33: =VLOOKUP(N33,Stock[#Data],4,FALSE) -> 0 | S33: =IFERROR(Table4[[#This Row],[Bottle]]/Table4[[#This Row],[ပါဝင်မှု]]+Table4[[#This Row],[SalesPK]],0) -> 0 | U33: =Table4[[#This Row],[ပါဝင်မှု]]*Table4[[#This Row],[SalesPK]]+Table4[[#This Row],[Bottle]] -> 0 | V33: =Table4[[#This Row],[SalesBot]]*Table4[[#This Row],[ML]] -> 0 | W33: =VLOOKUP(N33,Stock[#Data],6,FALSE) -> 0 | X33: =+Table4[[#This Row],[SalesBot]]*Table4[[#This Row],[နှုံး]] -> 0 | Y33: -2058000 | AF33: =Table4[[#This Row],[စာရင်းဖွင့်]]+Table4[[#This Row],[သင့်ငွေ]]-Table4[[#This Row],[ဈေးဟောင်းလျှော့]]-Table4[[#This Row],[‌ကော်မရှင်]]-Table4[[#This Row],[ကြွေးရငွေ]]-Table4[[#This Row],[ကြွေးရငွေ2]] -> -2058000 | AH33: =Table4[[#This Row],[Date]] -> 46023 | AI33: =TEXT(AH33,"mmm") -> Jan | AJ33: =TEXT(AH33,"yyyy") -> 2026 | AK33: =Table4[[#This Row],[ကုန်သည်အမည်]] -> မ‌ချော | AL33: =Table4[[#This Row],[Township]] -> Yay | AM33: =Table4[[#This Row],[WholeSales]] -> SemiWholeSales | AN33: =Table4[[#This Row],[Particular]] -> ကြိုရောင်း | AO33: =Table4[[#This Row],[StockName]] -> BE | AP33: =Table4[[#This Row],[Parking]] -> 0 | AQ33: =Table4[[#This Row],[SalesBot]] -> 0 | AR33: =Table4[[#This Row],[Liter]] -> 0
A34: =YEAR(C34) -> 2026 | B34: =MONTH(C34) -> 1 | C34: 46023 | D34: =TODAY() -> 46097 | E34: =DATEDIF(C34,D34,"M")&"-Months" -> 2-Months | F34: =VLOOKUP(N34,Stock[#Data],5,FALSE) -> BE | I34: Thailand | J34: =VLOOKUP(I34,Customers[#Data],2,FALSE) -> Thailand | K34: =VLOOKUP(I34,Customers[#Data],4,FALSE) -> Mudon | L34: =VLOOKUP(I34,Customers[#Data],5,FALSE) -> SemiWholeSales | M34: ကုန်ရောင်း(အကြွေး) | N34: BE Debtors Opening | O34: =VLOOKUP(N34,Stock[#Data],2,FALSE) -> BE | P34: =VLOOKUP(N34,Stock[#Data],3,FALSE) -> 0 | Q34: =VLOOKUP(N34,Stock[#Data],4,FALSE) -> 0 | S34: =IFERROR(Table4[[#This Row],[Bottle]]/Table4[[#This Row],[ပါဝင်မှု]]+Table4[[#This Row],[SalesPK]],0) -> 0 | U34: =Table4[[#This Row],[ပါဝင်မှု]]*Table4[[#This Row],[SalesPK]]+Table4[[#This Row],[Bottle]] -> 0 | V34: =Table4[[#This Row],[SalesBot]]*Table4[[#This Row],[ML]] -> 0 | W34: =VLOOKUP(N34,Stock[#Data],6,FALSE) -> 0 | X34: =+Table4[[#This Row],[SalesBot]]*Table4[[#This Row],[နှုံး]] -> 0 | Y34: 1260000 | AB34: 46034 | AC34: 1260000 | AF34: =Table4[[#This Row],[စာရင်းဖွင့်]]+Table4[[#This Row],[သင့်ငွေ]]-Table4[[#This Row],[ဈေးဟောင်းလျှော့]]-Table4[[#This Row],[‌ကော်မရှင်]]-Table4[[#This Row],[ကြွေးရငွေ]]-Table4[[#This Row],[ကြွေးရငွေ2]] -> 0 | AH34: =Table4[[#This Row],[Date]] -> 46023 | AI34: =TEXT(AH34,"mmm") -> Jan | AJ34: =TEXT(AH34,"yyyy") -> 2026 | AK34: =Table4[[#This Row],[ကုန်သည်အမည်]] -> Thailand | AL34: =Table4[[#This Row],[Township]] -> Mudon | AM34: =Table4[[#This Row],[WholeSales]] -> SemiWholeSales | AN34: =Table4[[#This Row],[Particular]] -> ကုန်ရောင်း(အကြွေး) | AO34: =Table4[[#This Row],[StockName]] -> BE | AP34: =Table4[[#This Row],[Parking]] -> 0 | AQ34: =Table4[[#This Row],[SalesBot]] -> 0 | AR34: =Table4[[#This Row],[Liter]] -> 0
A35: =YEAR(C35) -> 2026 | B35: =MONTH(C35) -> 1 | C35: 46023 | D35: =TODAY() -> 46097 | E35: =DATEDIF(C35,D35,"M")&"-Months" -> 2-Months | F35: =VLOOKUP(N35,Stock[#Data],5,FALSE) -> BE | I35: Ko Nay Naing | J35: =VLOOKUP(I35,Customers[#Data],2,FALSE) -> ကိုနေနိုင် | K35: =VLOOKUP(I35,Customers[#Data],4,FALSE) -> Paung | L35: =VLOOKUP(I35,Customers[#Data],5,FALSE) -> Van Sales | M35: ကုန်ရောင်း(အကြွေး) | N35: BE Debtors Opening | O35: =VLOOKUP(N35,Stock[#Data],2,FALSE) -> BE | P35: =VLOOKUP(N35,Stock[#Data],3,FALSE) -> 0 | Q35: =VLOOKUP(N35,Stock[#Data],4,FALSE) -> 0 | S35: =IFERROR(Table4[[#This Row],[Bottle]]/Table4[[#This Row],[ပါဝင်မှု]]+Table4[[#This Row],[SalesPK]],0) -> 0 | U35: =Table4[[#This Row],[ပါဝင်မှု]]*Table4[[#This Row],[SalesPK]]+Table4[[#This Row],[Bottle]] -> 0 | V35: =Table4[[#This Row],[SalesBot]]*Table4[[#This Row],[ML]] -> 0 | W35: =VLOOKUP(N35,Stock[#Data],6,FALSE) -> 0 | X35: =+Table4[[#This Row],[SalesBot]]*Table4[[#This Row],[နှုံး]] -> 0 | Y35: 875000 | AB35: 46027 | AC35: 875000 | AF35: =Table4[[#This Row],[စာရင်းဖွင့်]]+Table4[[#This Row],[သင့်ငွေ]]-Table4[[#This Row],[ဈေးဟောင်းလျှော့]]-Table4[[#This Row],[‌ကော်မရှင်]]-Table4[[#This Row],[ကြွေးရငွေ]]-Table4[[#This Row],[ကြွေးရငွေ2]] -> 0 | AH35: =Table4[[#This Row],[Date]] -> 46023 | AI35: =TEXT(AH35,"mmm") -> Jan | AJ35: =TEXT(AH35,"yyyy") -> 2026 | AK35: =Table4[[#This Row],[ကုန်သည်အမည်]] -> ကိုနေနိုင် | AL35: =Table4[[#This Row],[Township]] -> Paung | AM35: =Table4[[#This Row],[WholeSales]] -> Van Sales | AN35: =Table4[[#This Row],[Particular]] -> ကုန်ရောင်း(အကြွေး) | AO35: =Table4[[#This Row],[StockName]] -> BE | AP35: =Table4[[#This Row],[Parking]] -> 0 | AQ35: =Table4[[#This Row],[SalesBot]] -> 0 | AR35: =Table4[[#This Row],[Liter]] -> 0
A36: =YEAR(C36) -> 2026 | B36: =MONTH(C36) -> 1 | C36: 46023 | D36: =TODAY() -> 46097 | E36: =DATEDIF(C36,D36,"M")&"-Months" -> 2-Months | F36: =VLOOKUP(N36,Stock[#Data],5,FALSE) -> BE | I36: Ma Maw | J36: =VLOOKUP(I36,Customers[#Data],2,FALSE) -> မမော် | K36: =VLOOKUP(I36,Customers[#Data],4,FALSE) -> Hpa-an | L36: =VLOOKUP(I36,Customers[#Data],5,FALSE) -> SemiWholeSales | M36: ကုန်ရောင်း(အကြွေး) | N36: BE Debtors Opening | O36: =VLOOKUP(N36,Stock[#Data],2,FALSE) -> BE | P36: =VLOOKUP(N36,Stock[#Data],3,FALSE) -> 0 | Q36: =VLOOKUP(N36,Stock[#Data],4,FALSE) -> 0 | S36: =IFERROR(Table4[[#This Row],[Bottle]]/Table4[[#This Row],[ပါဝင်မှု]]+Table4[[#This Row],[SalesPK]],0) -> 0 | U36: =Table4[[#This Row],[ပါဝင်မှု]]*Table4[[#This Row],[SalesPK]]+Table4[[#This Row],[Bottle]] -> 0 | V36: =Table4[[#This Row],[SalesBot]]*Table4[[#This Row],[ML]] -> 0 | W36: =VLOOKUP(N36,Stock[#Data],6,FALSE) -> 0 | X36: =+Table4[[#This Row],[SalesBot]]*Table4[[#This Row],[နှုံး]] -> 0 | Y36: 4340000 | AF36: =Table4[[#This Row],[စာရင်းဖွင့်]]+Table4[[#This Row],[သင့်ငွေ]]-Table4[[#This Row],[ဈေးဟောင်းလျှော့]]-Table4[[#This Row],[‌ကော်မရှင်]]-Table4[[#This Row],[ကြွေးရငွေ]]-Table4[[#This Row],[ကြွေးရငွေ2]] -> 4340000 | AH36: =Table4[[#This Row],[Date]] -> 46023 | AI36: =TEXT(AH36,"mmm") -> Jan | AJ36: =TEXT(AH36,"yyyy") -> 2026 | AK36: =Table4[[#This Row],[ကုန်သည်အမည်]] -> မမော် | AL36: =Table4[[#This Row],[Township]] -> Hpa-an | AM36: =Table4[[#This Row],[WholeSales]] -> SemiWholeSales | AN36: =Table4[[#This Row],[Particular]] -> ကုန်ရောင်း(အကြွေး) | AO36: =Table4[[#This Row],[StockName]] -> BE | AP36: =Table4[[#This Row],[Parking]] -> 0 | AQ36: =Table4[[#This Row],[SalesBot]] -> 0 | AR36: =Table4[[#This Row],[Liter]] -> 0
A37: =YEAR(C37) -> 2026 | B37: =MONTH(C37) -> 1 | C37: 46023 | D37: =TODAY() -> 46097 | E37: =DATEDIF(C37,D37,"M")&"-Months" -> 2-Months | F37: =VLOOKUP(N37,Stock[#Data],5,FALSE) -> BE | I37: Ko Kyaw Soe | J37: =VLOOKUP(I37,Customers[#Data],2,FALSE) -> ကိုကျော်စိုး (နံ့သာ) | K37: =VLOOKUP(I37,Customers[#Data],4,FALSE) -> ThaHtone | L37: =VLOOKUP(I37,Customers[#Data],5,FALSE) -> Mini Whole Sales | M37: ကုန်ရောင်း(အကြွေး) | N37: BE Debtors Opening | O37: =VLOOKUP(N37,Stock[#Data],2,FALSE) -> BE | P37: =VLOOKUP(N37,Stock[#Data],3,FALSE) -> 0 | Q37: =VLOOKUP(N37,Stock[#Data],4,FALSE) -> 0 | S37: =IFERROR(Table4[[#This Row],[Bottle]]/Table4[[#This Row],[ပါဝင်မှု]]+Table4[[#This Row],[SalesPK]],0) -> 0 | U37: =Table4[[#This Row],[ပါဝင်မှု]]*Table4[[#This Row],[SalesPK]]+Table4[[#This Row],[Bottle]] -> 0 | V37: =Table4[[#This Row],[SalesBot]]*Table4[[#This Row],[ML]] -> 0 | W37: =VLOOKUP(N37,Stock[#Data],6,FALSE) -> 0 | X37: =+Table4[[#This Row],[SalesBot]]*Table4[[#This Row],[နှုံး]] -> 0 | Y37: 1960000 | AB37: 46037 | AC37: 1960000 | AF37: =Table4[[#This Row],[စာရင်းဖွင့်]]+Table4[[#This Row],[သင့်ငွေ]]-Table4[[#This Row],[ဈေးဟောင်းလျှော့]]-Table4[[#This Row],[‌ကော်မရှင်]]-Table4[[#This Row],[ကြွေးရငွေ]]-Table4[[#This Row],[ကြွေးရငွေ2]] -> 0 | AH37: =Table4[[#This Row],[Date]] -> 46023 | AI37: =TEXT(AH37,"mmm") -> Jan | AJ37: =TEXT(AH37,"yyyy") -> 2026 | AK37: =Table4[[#This Row],[ကုန်သည်အမည်]] -> ကိုကျော်စိုး (နံ့သာ) | AL37: =Table4[[#This Row],[Township]] -> ThaHtone | AM37: =Table4[[#This Row],[WholeSales]] -> Mini Whole Sales | AN37: =Table4[[#This Row],[Particular]] -> ကုန်ရောင်း(အကြွေး) | AO37: =Table4[[#This Row],[StockName]] -> BE | AP37: =Table4[[#This Row],[Parking]] -> 0 | AQ37: =Table4[[#This Row],[SalesBot]] -> 0 | AR37: =Table4[[#This Row],[Liter]] -> 0
A38: =YEAR(C38) -> 2026 | B38: =MONTH(C38) -> 1 | C38: 46023 | D38: =TODAY() -> 46097 | E38: =DATEDIF(C38,D38,"M")&"-Months" -> 2-Months | F38: =VLOOKUP(N38,Stock[#Data],5,FALSE) -> BE | I38: La Pyae | J38: =VLOOKUP(I38,Customers[#Data],2,FALSE) -> လပြည့် | K38: =VLOOKUP(I38,Customers[#Data],4,FALSE) -> ThaHtone | L38: =VLOOKUP(I38,Customers[#Data],5,FALSE) -> Mini Whole Sales | M38: ကုန်ရောင်း(အကြွေး) | N38: BE Debtors Opening | O38: =VLOOKUP(N38,Stock[#Data],2,FALSE) -> BE | P38: =VLOOKUP(N38,Stock[#Data],3,FALSE) -> 0 | Q38: =VLOOKUP(N38,Stock[#Data],4,FALSE) -> 0 | S38: =IFERROR(Table4[[#This Row],[Bottle]]/Table4[[#This Row],[ပါဝင်မှု]]+Table4[[#This Row],[SalesPK]],0) -> 0 | U38: =Table4[[#This Row],[ပါဝင်မှု]]*Table4[[#This Row],[SalesPK]]+Table4[[#This Row],[Bottle]] -> 0 | V38: =Table4[[#This Row],[SalesBot]]*Table4[[#This Row],[ML]] -> 0 | W38: =VLOOKUP(N38,Stock[#Data],6,FALSE) -> 0 | X38: =+Table4[[#This Row],[SalesBot]]*Table4[[#This Row],[နှုံး]] -> 0 | Y38: 1750000 | AF38: =Table4[[#This Row],[စာရင်းဖွင့်]]+Table4[[#This Row],[သင့်ငွေ]]-Table4[[#This Row],[ဈေးဟောင်းလျှော့]]-Table4[[#This Row],[‌ကော်မရှင်]]-Table4[[#This Row],[ကြွေးရငွေ]]-Table4[[#This Row],[ကြွေးရငွေ2]] -> 1750000 | AH38: =Table4[[#This Row],[Date]] -> 46023 | AI38: =TEXT(AH38,"mmm") -> Jan | AJ38: =TEXT(AH38,"yyyy") -> 2026 | AK38: =Table4[[#This Row],[ကုန်သည်အမည်]] -> လပြည့် | AL38: =Table4[[#This Row],[Township]] -> ThaHtone | AM38: =Table4[[#This Row],[WholeSales]] -> Mini Whole Sales | AN38: =Table4[[#This Row],[Particular]] -> ကုန်ရောင်း(အကြွေး) | AO38: =Table4[[#This Row],[StockName]] -> BE | AP38: =Table4[[#This Row],[Parking]] -> 0 | AQ38: =Table4[[#This Row],[SalesBot]] -> 0 | AR38: =Table4[[#This Row],[Liter]] -> 0
A39: =YEAR(C39) -> 2026 | B39: =MONTH(C39) -> 1 | C39: 46023 | D39: =TODAY() -> 46097 | E39: =DATEDIF(C39,D39,"M")&"-Months" -> 2-Months | F39: =VLOOKUP(N39,Stock[#Data],5,FALSE) -> BE | I39: Taw Win | J39: =VLOOKUP(I39,Customers[#Data],2,FALSE) -> တော်၀င် | K39: =VLOOKUP(I39,Customers[#Data],4,FALSE) -> Belin | L39: =VLOOKUP(I39,Customers[#Data],5,FALSE) -> SemiWholeSales | M39: ကုန်ရောင်း(အကြွေး) | N39: BE Debtors Opening | O39: =VLOOKUP(N39,Stock[#Data],2,FALSE) -> BE | P39: =VLOOKUP(N39,Stock[#Data],3,FALSE) -> 0 | Q39: =VLOOKUP(N39,Stock[#Data],4,FALSE) -> 0 | S39: =IFERROR(Table4[[#This Row],[Bottle]]/Table4[[#This Row],[ပါဝင်မှု]]+Table4[[#This Row],[SalesPK]],0) -> 0 | U39: =Table4[[#This Row],[ပါဝင်မှု]]*Table4[[#This Row],[SalesPK]]+Table4[[#This Row],[Bottle]] -> 0 | V39: =Table4[[#This Row],[SalesBot]]*Table4[[#This Row],[ML]] -> 0 | W39: =VLOOKUP(N39,Stock[#Data],6,FALSE) -> 0 | X39: =+Table4[[#This Row],[SalesBot]]*Table4[[#This Row],[နှုံး]] -> 0 | Y39: 3920000 | AF39: =Table4[[#This Row],[စာရင်းဖွင့်]]+Table4[[#This Row],[သင့်ငွေ]]-Table4[[#This Row],[ဈေးဟောင်းလျှော့]]-Table4[[#This Row],[‌ကော်မရှင်]]-Table4[[#This Row],[ကြွေးရငွေ]]-Table4[[#This Row],[ကြွေးရငွေ2]] -> 3920000 | AH39: =Table4[[#This Row],[Date]] -> 46023 | AI39: =TEXT(AH39,"mmm") -> Jan | AJ39: =TEXT(AH39,"yyyy") -> 2026 | AK39: =Table4[[#This Row],[ကုန်သည်အမည်]] -> တော်၀င် | AL39: =Table4[[#This Row],[Township]] -> Belin | AM39: =Table4[[#This Row],[WholeSales]] -> SemiWholeSales | AN39: =Table4[[#This Row],[Particular]] -> ကုန်ရောင်း(အကြွေး) | AO39: =Table4[[#This Row],[StockName]] -> BE | AP39: =Table4[[#This Row],[Parking]] -> 0 | AQ39: =Table4[[#This Row],[SalesBot]] -> 0 | AR39: =Table4[[#This Row],[Liter]] -> 0
A40: =YEAR(C40) -> 2026 | B40: =MONTH(C40) -> 1 | C40: 46023 | D40: =TODAY() -> 46097 | E40: =DATEDIF(C40,D40,"M")&"-Months" -> 2-Months | F40: =VLOOKUP(N40,Stock[#Data],5,FALSE) -> BE | I40: U Myint Kyi | J40: =VLOOKUP(I40,Customers[#Data],2,FALSE) -> ဦးမြင့်ကြည် | K40: =VLOOKUP(I40,Customers[#Data],4,FALSE) -> Belin | L40: =VLOOKUP(I40,Customers[#Data],5,FALSE) -> SemiWholeSales | M40: ကုန်ရောင်း(အကြွေး) | N40: BE Debtors Opening | O40: =VLOOKUP(N40,Stock[#Data],2,FALSE) -> BE | P40: =VLOOKUP(N40,Stock[#Data],3,FALSE) -> 0 | Q40: =VLOOKUP(N40,Stock[#Data],4,FALSE) -> 0 | S40: =IFERROR(Table4[[#This Row],[Bottle]]/Table4[[#This Row],[ပါဝင်မှု]]+Table4[[#This Row],[SalesPK]],0) -> 0 | U40: =Table4[[#This Row],[ပါဝင်မှု]]*Table4[[#This Row],[SalesPK]]+Table4[[#This Row],[Bottle]] -> 0 | V40: =Table4[[#This Row],[SalesBot]]*Table4[[#This Row],[ML]] -> 0 | W40: =VLOOKUP(N40,Stock[#Data],6,FALSE) -> 0 | X40: =+Table4[[#This Row],[SalesBot]]*Table4[[#This Row],[နှုံး]] -> 0 | Y40: 1960000 | AB40: 46038 | AC40: 1960000 | AF40: =Table4[[#This Row],[စာရင်းဖွင့်]]+Table4[[#This Row],[သင့်ငွေ]]-Table4[[#This Row],[ဈေးဟောင်းလျှော့]]-Table4[[#This Row],[‌ကော်မရှင်]]-Table4[[#This Row],[ကြွေးရငွေ]]-Table4[[#This Row],[ကြွေးရငွေ2]] -> 0 | AH40: =Table4[[#This Row],[Date]] -> 46023 | AI40: =TEXT(AH40,"mmm") -> Jan | AJ40: =TEXT(AH40,"yyyy") -> 2026 | AK40: =Table4[[#This Row],[ကုန်သည်အမည်]] -> ဦးမြင့်ကြည် | AL40: =Table4[[#This Row],[Township]] -> Belin | AM40: =Table4[[#This Row],[WholeSales]] -> SemiWholeSales | AN40: =Table4[[#This Row],[Particular]] -> ကုန်ရောင်း(အကြွေး) | AO40: =Table4[[#This Row],[StockName]] -> BE | AP40: =Table4[[#This Row],[Parking]] -> 0 | AQ40: =Table4[[#This Row],[SalesBot]] -> 0 | AR40: =Table4[[#This Row],[Liter]] -> 0
A41: =YEAR(C41) -> 2026 | B41: =MONTH(C41) -> 1 | C41: 46023 | D41: =TODAY() -> 46097 | E41: =DATEDIF(C41,D41,"M")&"-Months" -> 2-Months | F41: =VLOOKUP(N41,Stock[#Data],5,FALSE) -> BE | I41: U Soe Win | J41: =VLOOKUP(I41,Customers[#Data],2,FALSE) -> ဦးစိုး၀င်း | K41: =VLOOKUP(I41,Customers[#Data],4,FALSE) -> Belin | L41: =VLOOKUP(I41,Customers[#Data],5,FALSE) -> Van Sales | M41: ကုန်ရောင်း(အကြွေး) | N41: BE Debtors Opening | O41: =VLOOKUP(N41,Stock[#Data],2,FALSE) -> BE | P41: =VLOOKUP(N41,Stock[#Data],3,FALSE) -> 0 | Q41: =VLOOKUP(N41,Stock[#Data],4,FALSE) -> 0 | S41: =IFERROR(Table4[[#This Row],[Bottle]]/Table4[[#This Row],[ပါဝင်မှု]]+Table4[[#This Row],[SalesPK]],0) -> 0 | U41: =Table4[[#This Row],[ပါဝင်မှု]]*Table4[[#This Row],[SalesPK]]+Table4[[#This Row],[Bottle]] -> 0 | V41: =Table4[[#This Row],[SalesBot]]*Table4[[#This Row],[ML]] -> 0 | W41: =VLOOKUP(N41,Stock[#Data],6,FALSE) -> 0 | X41: =+Table4[[#This Row],[SalesBot]]*Table4[[#This Row],[နှုံး]] -> 0 | Y41: 980000 | AF41: =Table4[[#This Row],[စာရင်းဖွင့်]]+Table4[[#This Row],[သင့်ငွေ]]-Table4[[#This Row],[ဈေးဟောင်းလျှော့]]-Table4[[#This Row],[‌ကော်မရှင်]]-Table4[[#This Row],[ကြွေးရငွေ]]-Table4[[#This Row],[ကြွေးရငွေ2]] -> 980000 | AH41: =Table4[[#This Row],[Date]] -> 46023 | AI41: =TEXT(AH41,"mmm") -> Jan | AJ41: =TEXT(AH41,"yyyy") -> 2026 | AK41: =Table4[[#This Row],[ကုန်သည်အမည်]] -> ဦးစိုး၀င်း | AL41: =Table4[[#This Row],[Township]] -> Belin | AM41: =Table4[[#This Row],[WholeSales]] -> Van Sales | AN41: =Table4[[#This Row],[Particular]] -> ကုန်ရောင်း(အကြွေး) | AO41: =Table4[[#This Row],[StockName]] -> BE | AP41: =Table4[[#This Row],[Parking]] -> 0 | AQ41: =Table4[[#This Row],[SalesBot]] -> 0 | AR41: =Table4[[#This Row],[Liter]] -> 0
A42: =YEAR(C42) -> 2026 | B42: =MONTH(C42) -> 1 | C42: 46023 | D42: =TODAY() -> 46097 | E42: =DATEDIF(C42,D42,"M")&"-Months" -> 2-Months | F42: =VLOOKUP(N42,Stock[#Data],5,FALSE) -> BE | I42: Ko Soe Naing | J42: =VLOOKUP(I42,Customers[#Data],2,FALSE) -> ကိုစိုးနိုင် | K42: =VLOOKUP(I42,Customers[#Data],4,FALSE) -> Paung | L42: =VLOOKUP(I42,Customers[#Data],5,FALSE) -> Van Sales | M42: ကုန်ရောင်း(အကြွေး) | N42: BE Debtors Opening | O42: =VLOOKUP(N42,Stock[#Data],2,FALSE) -> BE | P42: =VLOOKUP(N42,Stock[#Data],3,FALSE) -> 0 | Q42: =VLOOKUP(N42,Stock[#Data],4,FALSE) -> 0 | S42: =IFERROR(Table4[[#This Row],[Bottle]]/Table4[[#This Row],[ပါဝင်မှု]]+Table4[[#This Row],[SalesPK]],0) -> 0 | U42: =Table4[[#This Row],[ပါဝင်မှု]]*Table4[[#This Row],[SalesPK]]+Table4[[#This Row],[Bottle]] -> 0 | V42: =Table4[[#This Row],[SalesBot]]*Table4[[#This Row],[ML]] -> 0 | W42: =VLOOKUP(N42,Stock[#Data],6,FALSE) -> 0 | X42: =+Table4[[#This Row],[SalesBot]]*Table4[[#This Row],[နှုံး]] -> 0 | Y42: 912000 | AF42: =Table4[[#This Row],[စာရင်းဖွင့်]]+Table4[[#This Row],[သင့်ငွေ]]-Table4[[#This Row],[ဈေးဟောင်းလျှော့]]-Table4[[#This Row],[‌ကော်မရှင်]]-Table4[[#This Row],[ကြွေးရငွေ]]-Table4[[#This Row],[ကြွေးရငွေ2]] -> 912000 | AH42: =Table4[[#This Row],[Date]] -> 46023 | AI42: =TEXT(AH42,"mmm") -> Jan | AJ42: =TEXT(AH42,"yyyy") -> 2026 | AK42: =Table4[[#This Row],[ကုန်သည်အမည်]] -> ကိုစိုးနိုင် | AL42: =Table4[[#This Row],[Township]] -> Paung | AM42: =Table4[[#This Row],[WholeSales]] -> Van Sales | AN42: =Table4[[#This Row],[Particular]] -> ကုန်ရောင်း(အကြွေး) | AO42: =Table4[[#This Row],[StockName]] -> BE | AP42: =Table4[[#This Row],[Parking]] -> 0 | AQ42: =Table4[[#This Row],[SalesBot]] -> 0 | AR42: =Table4[[#This Row],[Liter]] -> 0
A43: =YEAR(C43) -> 2026 | B43: =MONTH(C43) -> 1 | C43: 46023 | D43: =TODAY() -> 46097 | E43: =DATEDIF(C43,D43,"M")&"-Months" -> 2-Months | F43: =VLOOKUP(N43,Stock[#Data],5,FALSE) -> BE | I43: U Pyi Aye | J43: =VLOOKUP(I43,Customers[#Data],2,FALSE) -> ဦးပြည်အေး | K43: =VLOOKUP(I43,Customers[#Data],4,FALSE) -> Paung | L43: =VLOOKUP(I43,Customers[#Data],5,FALSE) -> SemiWholeSales | M43: ကုန်ရောင်း(အကြွေး) | N43: BE Debtors Opening | O43: =VLOOKUP(N43,Stock[#Data],2,FALSE) -> BE | P43: =VLOOKUP(N43,Stock[#Data],3,FALSE) -> 0 | Q43: =VLOOKUP(N43,Stock[#Data],4,FALSE) -> 0 | S43: =IFERROR(Table4[[#This Row],[Bottle]]/Table4[[#This Row],[ပါဝင်မှု]]+Table4[[#This Row],[SalesPK]],0) -> 0 | U43: =Table4[[#This Row],[ပါဝင်မှု]]*Table4[[#This Row],[SalesPK]]+Table4[[#This Row],[Bottle]] -> 0 | V43: =Table4[[#This Row],[SalesBot]]*Table4[[#This Row],[ML]] -> 0 | W43: =VLOOKUP(N43,Stock[#Data],6,FALSE) -> 0 | X43: =+Table4[[#This Row],[SalesBot]]*Table4[[#This Row],[နှုံး]] -> 0 | Y43: 2600000 | AB43: 46035 | AC43: 2600000 | AF43: =Table4[[#This Row],[စာရင်းဖွင့်]]+Table4[[#This Row],[သင့်ငွေ]]-Table4[[#This Row],[ဈေးဟောင်းလျှော့]]-Table4[[#This Row],[‌ကော်မရှင်]]-Table4[[#This Row],[ကြွေးရငွေ]]-Table4[[#This Row],[ကြွေးရငွေ2]] -> 0 | AH43: =Table4[[#This Row],[Date]] -> 46023 | AI43: =TEXT(AH43,"mmm") -> Jan | AJ43: =TEXT(AH43,"yyyy") -> 2026 | AK43: =Table4[[#This Row],[ကုန်သည်အမည်]] -> ဦးပြည်အေး | AL43: =Table4[[#This Row],[Township]] -> Paung | AM43: =Table4[[#This Row],[WholeSales]] -> SemiWholeSales | AN43: =Table4[[#This Row],[Particular]] -> ကုန်ရောင်း(အကြွေး) | AO43: =Table4[[#This Row],[StockName]] -> BE | AP43: =Table4[[#This Row],[Parking]] -> 0 | AQ43: =Table4[[#This Row],[SalesBot]] -> 0 | AR43: =Table4[[#This Row],[Liter]] -> 0
A44: =YEAR(C44) -> 2026 | B44: =MONTH(C44) -> 1 | C44: 46023 | D44: =TODAY() -> 46097 | E44: =DATEDIF(C44,D44,"M")&"-Months" -> 2-Months | F44: =VLOOKUP(N44,Stock[#Data],5,FALSE) -> BE | I44: Daw Moe Moe Myint | J44: =VLOOKUP(I44,Customers[#Data],2,FALSE) -> ဒေါ်မိုးမိုးမြင့် | K44: =VLOOKUP(I44,Customers[#Data],4,FALSE) -> Mudon | L44: =VLOOKUP(I44,Customers[#Data],5,FALSE) -> Van Sales | M44: ကုန်ရောင်း(အကြွေး) | N44: BE Debtors Opening | O44: =VLOOKUP(N44,Stock[#Data],2,FALSE) -> BE | P44: =VLOOKUP(N44,Stock[#Data],3,FALSE) -> 0 | Q44: =VLOOKUP(N44,Stock[#Data],4,FALSE) -> 0 | S44: =IFERROR(Table4[[#This Row],[Bottle]]/Table4[[#This Row],[ပါဝင်မှု]]+Table4[[#This Row],[SalesPK]],0) -> 0 | U44: =Table4[[#This Row],[ပါဝင်မှု]]*Table4[[#This Row],[SalesPK]]+Table4[[#This Row],[Bottle]] -> 0 | V44: =Table4[[#This Row],[SalesBot]]*Table4[[#This Row],[ML]] -> 0 | W44: =VLOOKUP(N44,Stock[#Data],6,FALSE) -> 0 | X44: =+Table4[[#This Row],[SalesBot]]*Table4[[#This Row],[နှုံး]] -> 0 | Y44: 504000 | AF44: =Table4[[#This Row],[စာရင်းဖွင့်]]+Table4[[#This Row],[သင့်ငွေ]]-Table4[[#This Row],[ဈေးဟောင်းလျှော့]]-Table4[[#This Row],[‌ကော်မရှင်]]-Table4[[#This Row],[ကြွေးရငွေ]]-Table4[[#This Row],[ကြွေးရငွေ2]] -> 504000 | AH44: =Table4[[#This Row],[Date]] -> 46023 | AI44: =TEXT(AH44,"mmm") -> Jan | AJ44: =TEXT(AH44,"yyyy") -> 2026 | AK44: =Table4[[#This Row],[ကုန်သည်အမည်]] -> ဒေါ်မိုးမိုးမြင့် | AL44: =Table4[[#This Row],[Township]] -> Mudon | AM44: =Table4[[#This Row],[WholeSales]] -> Van Sales | AN44: =Table4[[#This Row],[Particular]] -> ကုန်ရောင်း(အကြွေး) | AO44: =Table4[[#This Row],[StockName]] -> BE | AP44: =Table4[[#This Row],[Parking]] -> 0 | AQ44: =Table4[[#This Row],[SalesBot]] -> 0 | AR44: =Table4[[#This Row],[Liter]] -> 0
A45: =YEAR(C45) -> 2026 | B45: =MONTH(C45) -> 1 | C45: 46023 | D45: =TODAY() -> 46097 | E45: =DATEDIF(C45,D45,"M")&"-Months" -> 2-Months | F45: =VLOOKUP(N45,Stock[#Data],5,FALSE) -> BE | I45: Ko Arr Noe | J45: =VLOOKUP(I45,Customers[#Data],2,FALSE) -> ကိုအာနိုး | K45: =VLOOKUP(I45,Customers[#Data],4,FALSE) -> yaY | L45: =VLOOKUP(I45,Customers[#Data],5,FALSE) -> Van Sales | M45: ကုန်ရောင်း(အကြွေး) | N45: BE Debtors Opening | O45: =VLOOKUP(N45,Stock[#Data],2,FALSE) -> BE | P45: =VLOOKUP(N45,Stock[#Data],3,FALSE) -> 0 | Q45: =VLOOKUP(N45,Stock[#Data],4,FALSE) -> 0 | S45: =IFERROR(Table4[[#This Row],[Bottle]]/Table4[[#This Row],[ပါဝင်မှု]]+Table4[[#This Row],[SalesPK]],0) -> 0 | U45: =Table4[[#This Row],[ပါဝင်မှု]]*Table4[[#This Row],[SalesPK]]+Table4[[#This Row],[Bottle]] -> 0 | V45: =Table4[[#This Row],[SalesBot]]*Table4[[#This Row],[ML]] -> 0 | W45: =VLOOKUP(N45,Stock[#Data],6,FALSE) -> 0 | X45: =+Table4[[#This Row],[SalesBot]]*Table4[[#This Row],[နှုံး]] -> 0 | Y45: 615600 | AB45: 46025 | AC45: 615600 | AF45: =Table4[[#This Row],[စာရင်းဖွင့်]]+Table4[[#This Row],[သင့်ငွေ]]-Table4[[#This Row],[ဈေးဟောင်းလျှော့]]-Table4[[#This Row],[‌ကော်မရှင်]]-Table4[[#This Row],[ကြွေးရငွေ]]-Table4[[#This Row],[ကြွေးရငွေ2]] -> 0 | AH45: =Table4[[#This Row],[Date]] -> 46023 | AI45: =TEXT(AH45,"mmm") -> Jan | AJ45: =TEXT(AH45,"yyyy") -> 2026 | AK45: =Table4[[#This Row],[ကုန်သည်အမည်]] -> ကိုအာနိုး | AL45: =Table4[[#This Row],[Township]] -> yaY | AM45: =Table4[[#This Row],[WholeSales]] -> Van Sales | AN45: =Table4[[#This Row],[Particular]] -> ကုန်ရောင်း(အကြွေး) | AO45: =Table4[[#This Row],[StockName]] -> BE | AP45: =Table4[[#This Row],[Parking]] -> 0 | AQ45: =Table4[[#This Row],[SalesBot]] -> 0 | AR45: =Table4[[#This Row],[Liter]] -> 0
A46: =YEAR(C46) -> 2026 | B46: =MONTH(C46) -> 1 | C46: 46024 | D46: =TODAY() -> 46097 | E46: =DATEDIF(C46,D46,"M")&"-Months" -> 2-Months | F46: =VLOOKUP(N46,Stock[#Data],5,FALSE) -> BE | G46: 05146 | I46: Daw Sein Yone | J46: =VLOOKUP(I46,Customers[#Data],2,FALSE) -> ဒေါ်စိန်ယုံ | K46: =VLOOKUP(I46,Customers[#Data],4,FALSE) -> Mudon | L46: =VLOOKUP(I46,Customers[#Data],5,FALSE) -> Mini Whole Sales | M46: ကုန်ရောင်း(အကြွေး) | N46: Zay Red ပု-14-003(8.3.2025) | O46: =VLOOKUP(N46,Stock[#Data],2,FALSE) -> ဇေယျဝတီ Red(ပု) | P46: =VLOOKUP(N46,Stock[#Data],3,FALSE) -> 0.64 | Q46: =VLOOKUP(N46,Stock[#Data],4,FALSE) -> 14 | S46: =IFERROR(Table4[[#This Row],[Bottle]]/Table4[[#This Row],[ပါဝင်မှု]]+Table4[[#This Row],[SalesPK]],0) -> 30 | T46: 30 | U46: =Table4[[#This Row],[ပါဝင်မှု]]*Table4[[#This Row],[SalesPK]]+Table4[[#This Row],[Bottle]] -> 420 | V46: =Table4[[#This Row],[SalesBot]]*Table4[[#This Row],[ML]] -> 268.8 | W46: =VLOOKUP(N46,Stock[#Data],6,FALSE) -> 1800 | X46: =+Table4[[#This Row],[SalesBot]]*Table4[[#This Row],[နှုံး]] -> 756000 | AB46: 46043 | AC46: 756000 | AF46: =Table4[[#This Row],[စာရင်းဖွင့်]]+Table4[[#This Row],[သင့်ငွေ]]-Table4[[#This Row],[ဈေးဟောင်းလျှော့]]-Table4[[#This Row],[‌ကော်မရှင်]]-Table4[[#This Row],[ကြွေးရငွေ]]-Table4[[#This Row],[ကြွေးရငွေ2]] -> 0 | AH46: =Table4[[#This Row],[Date]] -> 46024 | AI46: =TEXT(AH46,"mmm") -> Jan | AJ46: =TEXT(AH46,"yyyy") -> 2026 | AK46: =Table4[[#This Row],[ကုန်သည်အမည်]] -> ဒေါ်စိန်ယုံ | AL46: =Table4[[#This Row],[Township]] -> Mudon | AM46: =Table4[[#This Row],[WholeSales]] -> Mini Whole Sales | AN46: =Table4[[#This Row],[Particular]] -> ကုန်ရောင်း(အကြွေး) | AO46: =Table4[[#This Row],[StockName]] -> ဇေယျဝတီ Red(ပု) | AP46: =Table4[[#This Row],[Parking]] -> 30 | AQ46: =Table4[[#This Row],[SalesBot]] -> 420 | AR46: =Table4[[#This Row],[Liter]] -> 268.8
A47: =YEAR(C47) -> 2026 | B47: =MONTH(C47) -> 1 | C47: 46024 | D47: =TODAY() -> 46097 | E47: =DATEDIF(C47,D47,"M")&"-Months" -> 2-Months | F47: =VLOOKUP(N47,Stock[#Data],5,FALSE) -> BE | G47: 05149 | I47: Daw Htun May | J47: =VLOOKUP(I47,Customers[#Data],2,FALSE) -> ဒေါ်ထွန်းမေ | K47: =VLOOKUP(I47,Customers[#Data],4,FALSE) -> Maw La Myaing | L47: =VLOOKUP(I47,Customers[#Data],5,FALSE) -> WholeSales | M47: ကုန်ရောင်း(အကြွေး) | N47: DG-24-003(8.3.2025) | O47: =VLOOKUP(N47,Stock[#Data],2,FALSE) -> ဒဂုံအရက်သန့် | P47: =VLOOKUP(N47,Stock[#Data],3,FALSE) -> 0.64 | Q47: =VLOOKUP(N47,Stock[#Data],4,FALSE) -> 24 | S47: =IFERROR(Table4[[#This Row],[Bottle]]/Table4[[#This Row],[ပါဝင်မှု]]+Table4[[#This Row],[SalesPK]],0) -> 60 | T47: 60 | U47: =Table4[[#This Row],[ပါဝင်မှု]]*Table4[[#This Row],[SalesPK]]+Table4[[#This Row],[Bottle]] -> 1440 | V47: =Table4[[#This Row],[SalesBot]]*Table4[[#This Row],[ML]] -> 921.6 | W47: =VLOOKUP(N47,Stock[#Data],6,FALSE) -> 1350 | X47: =+Table4[[#This Row],[SalesBot]]*Table4[[#This Row],[နှုံး]] -> 1944000 | AB47: 46028 | AC47: 1944000 | AF47: =Table4[[#This Row],[စာရင်းဖွင့်]]+Table4[[#This Row],[သင့်ငွေ]]-Table4[[#This Row],[ဈေးဟောင်းလျှော့]]-Table4[[#This Row],[‌ကော်မရှင်]]-Table4[[#This Row],[ကြွေးရငွေ]]-Table4[[#This Row],[ကြွေးရငွေ2]] -> 0 | AH47: =Table4[[#This Row],[Date]] -> 46024 | AI47: =TEXT(AH47,"mmm") -> Jan | AJ47: =TEXT(AH47,"yyyy") -> 2026 | AK47: =Table4[[#This Row],[ကုန်သည်အမည်]] -> ဒေါ်ထွန်းမေ | AL47: =Table4[[#This Row],[Township]] -> Maw La Myaing | AM47: =Table4[[#This Row],[WholeSales]] -> WholeSales | AN47: =Table4[[#This Row],[Particular]] -> ကုန်ရောင်း(အကြွေး) | AO47: =Table4[[#This Row],[StockName]] -> ဒဂုံအရက်သန့် | AP47: =Table4[[#This Row],[Parking]] -> 60 | AQ47: =Table4[[#This Row],[SalesBot]] -> 1440 | AR47: =Table4[[#This Row],[Liter]] -> 921.6
A48: =YEAR(C48) -> 2026 | B48: =MONTH(C48) -> 1 | C48: 46024 | D48: =TODAY() -> 46097 | E48: =DATEDIF(C48,D48,"M")&"-Months" -> 2-Months | F48: =VLOOKUP(N48,Stock[#Data],5,FALSE) -> BE | G48: 05203 | I48: Kyaw Star | J48: =VLOOKUP(I48,Customers[#Data],2,FALSE) -> ကျော်စတား | K48: =VLOOKUP(I48,Customers[#Data],4,FALSE) -> Yay | L48: =VLOOKUP(I48,Customers[#Data],5,FALSE) -> WholeSales | M48: ကုန်ရောင်း(အကြွေး) | N48: Zay Red-14-005 | O48: =VLOOKUP(N48,Stock[#Data],2,FALSE) -> ဇေယျဝတီ Red | P48: =VLOOKUP(N48,Stock[#Data],3,FALSE) -> 0.64 | Q48: =VLOOKUP(N48,Stock[#Data],4,FALSE) -> 14 | S48: =IFERROR(Table4[[#This Row],[Bottle]]/Table4[[#This Row],[ပါဝင်မှု]]+Table4[[#This Row],[SalesPK]],0) -> 105 | T48: 105 | U48: =Table4[[#This Row],[ပါဝင်မှု]]*Table4[[#This Row],[SalesPK]]+Table4[[#This Row],[Bottle]] -> 1470 | V48: =Table4[[#This Row],[SalesBot]]*Table4[[#This Row],[ML]] -> 940.8 | W48: =VLOOKUP(N48,Stock[#Data],6,FALSE) -> 1350 | X48: =+Table4[[#This Row],[SalesBot]]*Table4[[#This Row],[နှုံး]] -> 1984500 | AB48: 46036 | AC48: 1984500 | AF48: =Table4[[#This Row],[စာရင်းဖွင့်]]+Table4[[#This Row],[သင့်ငွေ]]-Table4[[#This Row],[ဈေးဟောင်းလျှော့]]-Table4[[#This Row],[‌ကော်မရှင်]]-Table4[[#This Row],[ကြွေးရငွေ]]-Table4[[#This Row],[ကြွေးရငွေ2]] -> 0 | AH48: =Table4[[#This Row],[Date]] -> 46024 | AI48: =TEXT(AH48,"mmm") -> Jan | AJ48: =TEXT(AH48,"yyyy") -> 2026 | AK48: =Table4[[#This Row],[ကုန်သည်အမည်]] -> ကျော်စတား | AL48: =Table4[[#This Row],[Township]] -> Yay | AM48: =Table4[[#This Row],[WholeSales]] -> WholeSales | AN48: =Table4[[#This Row],[Particular]] -> ကုန်ရောင်း(အကြွေး) | AO48: =Table4[[#This Row],[StockName]] -> ဇေယျဝတီ Red | AP48: =Table4[[#This Row],[Parking]] -> 105 | AQ48: =Table4[[#This Row],[SalesBot]] -> 1470 | AR48: =Table4[[#This Row],[Liter]] -> 940.8
A49: =YEAR(C49) -> 2026 | B49: =MONTH(C49) -> 1 | C49: 46024 | D49: =TODAY() -> 46097 | E49: =DATEDIF(C49,D49,"M")&"-Months" -> 2-Months | F49: =VLOOKUP(N49,Stock[#Data],5,FALSE) -> BE | G49: 05203 | I49: Kyaw Star | J49: =VLOOKUP(I49,Customers[#Data],2,FALSE) -> ကျော်စတား | K49: =VLOOKUP(I49,Customers[#Data],4,FALSE) -> Yay | L49: =VLOOKUP(I49,Customers[#Data],5,FALSE) -> WholeSales | M49: ကုန်ရောင်း(အကြွေး) | N49: Zay Red 1Li-003(8.3.2025) | O49: =VLOOKUP(N49,Stock[#Data],2,FALSE) -> ဇေယျဝတီ Red (1 Liter) 30% | P49: =VLOOKUP(N49,Stock[#Data],3,FALSE) -> 1 | Q49: =VLOOKUP(N49,Stock[#Data],4,FALSE) -> 12 | S49: =IFERROR(Table4[[#This Row],[Bottle]]/Table4[[#This Row],[ပါဝင်မှု]]+Table4[[#This Row],[SalesPK]],0) -> 100 | T49: 100 | U49: =Table4[[#This Row],[ပါဝင်မှု]]*Table4[[#This Row],[SalesPK]]+Table4[[#This Row],[Bottle]] -> 1200 | V49: =Table4[[#This Row],[SalesBot]]*Table4[[#This Row],[ML]] -> 1200 | W49: =VLOOKUP(N49,Stock[#Data],6,FALSE) -> 1710 | X49: =+Table4[[#This Row],[SalesBot]]*Table4[[#This Row],[နှုံး]] -> 2052000 | AB49: 46036 | AC49: 2052000 | AF49: =Table4[[#This Row],[စာရင်းဖွင့်]]+Table4[[#This Row],[သင့်ငွေ]]-Table4[[#This Row],[ဈေးဟောင်းလျှော့]]-Table4[[#This Row],[‌ကော်မရှင်]]-Table4[[#This Row],[ကြွေးရငွေ]]-Table4[[#This Row],[ကြွေးရငွေ2]] -> 0 | AH49: =Table4[[#This Row],[Date]] -> 46024 | AI49: =TEXT(AH49,"mmm") -> Jan | AJ49: =TEXT(AH49,"yyyy") -> 2026 | AK49: =Table4[[#This Row],[ကုန်သည်အမည်]] -> ကျော်စတား | AL49: =Table4[[#This Row],[Township]] -> Yay | AM49: =Table4[[#This Row],[WholeSales]] -> WholeSales | AN49: =Table4[[#This Row],[Particular]] -> ကုန်ရောင်း(အကြွေး) | AO49: =Table4[[#This Row],[StockName]] -> ဇေယျဝတီ Red (1 Liter) 30% | AP49: =Table4[[#This Row],[Parking]] -> 100 | AQ49: =Table4[[#This Row],[SalesBot]] -> 1200 | AR49: =Table4[[#This Row],[Liter]] -> 1200
A50: =YEAR(C50) -> 2026 | B50: =MONTH(C50) -> 1 | C50: 46024 | D50: =TODAY() -> 46097 | E50: =DATEDIF(C50,D50,"M")&"-Months" -> 2-Months | F50: =VLOOKUP(N50,Stock[#Data],5,FALSE) -> BE | G50: 05206 | I50: Kyaw Star | J50: =VLOOKUP(I50,Customers[#Data],2,FALSE) -> ကျော်စတား | K50: =VLOOKUP(I50,Customers[#Data],4,FALSE) -> Yay | L50: =VLOOKUP(I50,Customers[#Data],5,FALSE) -> WholeSales | M50: ကုန်ရောင်း(အကြွေး) | N50: Zay Red-14-005 | O50: =VLOOKUP(N50,Stock[#Data],2,FALSE) -> ဇေယျဝတီ Red | P50: =VLOOKUP(N50,Stock[#Data],3,FALSE) -> 0.64 | Q50: =VLOOKUP(N50,Stock[#Data],4,FALSE) -> 14 | S50: =IFERROR(Table4[[#This Row],[Bottle]]/Table4[[#This Row],[ပါဝင်မှု]]+Table4[[#This Row],[SalesPK]],0) -> 100 | T50: 100 | U50: =Table4[[#This Row],[ပါဝင်မှု]]*Table4[[#This Row],[SalesPK]]+Table4[[#This Row],[Bottle]] -> 1400 | V50: =Table4[[#This Row],[SalesBot]]*Table4[[#This Row],[ML]] -> 896 | W50: =VLOOKUP(N50,Stock[#Data],6,FALSE) -> 1350 | X50: =+Table4[[#This Row],[SalesBot]]*Table4[[#This Row],[နှုံး]] -> 1890000 | AB50: 46036 | AC50: 1890000 | AF50: =Table4[[#This Row],[စာရင်းဖွင့်]]+Table4[[#This Row],[သင့်ငွေ]]-Table4[[#This Row],[ဈေးဟောင်းလျှော့]]-Table4[[#This Row],[‌ကော်မရှင်]]-Table4[[#This Row],[ကြွေးရငွေ]]-Table4[[#This Row],[ကြွေးရငွေ2]] -> 0 | AH50: =Table4[[#This Row],[Date]] -> 46024 | AI50: =TEXT(AH50,"mmm") -> Jan | AJ50: =TEXT(AH50,"yyyy") -> 2026 | AK50: =Table4[[#This Row],[ကုန်သည်အမည်]] -> ကျော်စတား | AL50: =Table4[[#This Row],[Township]] -> Yay | AM50: =Table4[[#This Row],[WholeSales]] -> WholeSales | AN50: =Table4[[#This Row],[Particular]] -> ကုန်ရောင်း(အကြွေး) | AO50: =Table4[[#This Row],[StockName]] -> ဇေယျဝတီ Red | AP50: =Table4[[#This Row],[Parking]] -> 100 | AQ50: =Table4[[#This Row],[SalesBot]] -> 1400 | AR50: =Table4[[#This Row],[Liter]] -> 896
A51: =YEAR(C51) -> 2026 | B51: =MONTH(C51) -> 1 | C51: 46024 | D51: =TODAY() -> 46097 | E51: =DATEDIF(C51,D51,"M")&"-Months" -> 2-Months | F51: =VLOOKUP(N51,Stock[#Data],5,FALSE) -> BE | G51: 05157 | I51: Ko Win Htut Aung | J51: =VLOOKUP(I51,Customers[#Data],2,FALSE) -> ကိုဝင်းထွဋ်အောင် | K51: =VLOOKUP(I51,Customers[#Data],4,FALSE) -> Maw La Myaing | L51: =VLOOKUP(I51,Customers[#Data],5,FALSE) -> Van Sales | M51: ကုန်ရောင်း(လက်ငင်း) | N51: Zay Red-14-005 | O51: =VLOOKUP(N51,Stock[#Data],2,FALSE) -> ဇေယျဝတီ Red | P51: =VLOOKUP(N51,Stock[#Data],3,FALSE) -> 0.64 | Q51: =VLOOKUP(N51,Stock[#Data],4,FALSE) -> 14 | S51: =IFERROR(Table4[[#This Row],[Bottle]]/Table4[[#This Row],[ပါဝင်မှု]]+Table4[[#This Row],[SalesPK]],0) -> 5 | T51: 5 | U51: =Table4[[#This Row],[ပါဝင်မှု]]*Table4[[#This Row],[SalesPK]]+Table4[[#This Row],[Bottle]] -> 70 | V51: =Table4[[#This Row],[SalesBot]]*Table4[[#This Row],[ML]] -> 44.8 | W51: =VLOOKUP(N51,Stock[#Data],6,FALSE) -> 1350 | X51: =+Table4[[#This Row],[SalesBot]]*Table4[[#This Row],[နှုံး]] -> 94500 | AC51: 94500 | AF51: =Table4[[#This Row],[စာရင်းဖွင့်]]+Table4[[#This Row],[သင့်ငွေ]]-Table4[[#This Row],[ဈေးဟောင်းလျှော့]]-Table4[[#This Row],[‌ကော်မရှင်]]-Table4[[#This Row],[ကြွေးရငွေ]]-Table4[[#This Row],[ကြွေးရငွေ2]] -> 0 | AH51: =Table4[[#This Row],[Date]] -> 46024 | AI51: =TEXT(AH51,"mmm") -> Jan | AJ51: =TEXT(AH51,"yyyy") -> 2026 | AK51: =Table4[[#This Row],[ကုန်သည်အမည်]] -> ကိုဝင်းထွဋ်အောင် | AL51: =Table4[[#This Row],[Township]] -> Maw La Myaing | AM51: =Table4[[#This Row],[WholeSales]] -> Van Sales | AN51: =Table4[[#This Row],[Particular]] -> ကုန်ရောင်း(လက်ငင်း) | AO51: =Table4[[#This Row],[StockName]] -> ဇေယျဝတီ Red | AP51: =Table4[[#This Row],[Parking]] -> 5 | AQ51: =Table4[[#This Row],[SalesBot]] -> 70 | AR51: =Table4[[#This Row],[Liter]] -> 44.8
A52: =YEAR(C52) -> 2026 | B52: =MONTH(C52) -> 1 | C52: 46024 | D52: =TODAY() -> 46097 | E52: =DATEDIF(C52,D52,"M")&"-Months" -> 2-Months | F52: =VLOOKUP(N52,Stock[#Data],5,FALSE) -> BE | G52: 05157 | I52: Ko Win Htut Aung | J52: =VLOOKUP(I52,Customers[#Data],2,FALSE) -> ကိုဝင်းထွဋ်အောင် | K52: =VLOOKUP(I52,Customers[#Data],4,FALSE) -> Maw La Myaing | L52: =VLOOKUP(I52,Customers[#Data],5,FALSE) -> Van Sales | M52: ကုန်ရောင်း(လက်ငင်း) | N52: Zay Red 1Li-003(8.3.2025) | O52: =VLOOKUP(N52,Stock[#Data],2,FALSE) -> ဇေယျဝတီ Red (1 Liter) 30% | P52: =VLOOKUP(N52,Stock[#Data],3,FALSE) -> 1 | Q52: =VLOOKUP(N52,Stock[#Data],4,FALSE) -> 12 | S52: =IFERROR(Table4[[#This Row],[Bottle]]/Table4[[#This Row],[ပါဝင်မှု]]+Table4[[#This Row],[SalesPK]],0) -> 50 | T52: 50 | U52: =Table4[[#This Row],[ပါဝင်မှု]]*Table4[[#This Row],[SalesPK]]+Table4[[#This Row],[Bottle]] -> 600 | V52: =Table4[[#This Row],[SalesBot]]*Table4[[#This Row],[ML]] -> 600 | W52: =VLOOKUP(N52,Stock[#Data],6,FALSE) -> 1710 | X52: =+Table4[[#This Row],[SalesBot]]*Table4[[#This Row],[နှုံး]] -> 1026000 | AC52: 1026000 | AF52: =Table4[[#This Row],[စာရင်းဖွင့်]]+Table4[[#This Row],[သင့်ငွေ]]-Table4[[#This Row],[ဈေးဟောင်းလျှော့]]-Table4[[#This Row],[‌ကော်မရှင်]]-Table4[[#This Row],[ကြွေးရငွေ]]-Table4[[#This Row],[ကြွေးရငွေ2]] -> 0 | AH52: =Table4[[#This Row],[Date]] -> 46024 | AI52: =TEXT(AH52,"mmm") -> Jan | AJ52: =TEXT(AH52,"yyyy") -> 2026 | AK52: =Table4[[#This Row],[ကုန်သည်အမည်]] -> ကိုဝင်းထွဋ်အောင် | AL52: =Table4[[#This Row],[Township]] -> Maw La Myaing | AM52: =Table4[[#This Row],[WholeSales]] -> Van Sales | AN52: =Table4[[#This Row],[Particular]] -> ကုန်ရောင်း(လက်ငင်း) | AO52: =Table4[[#This Row],[StockName]] -> ဇေယျဝတီ Red (1 Liter) 30% | AP52: =Table4[[#This Row],[Parking]] -> 50 | AQ52: =Table4[[#This Row],[SalesBot]] -> 600 | AR52: =Table4[[#This Row],[Liter]] -> 600
A53: =YEAR(C53) -> 2026 | B53: =MONTH(C53) -> 1 | C53: 46024 | D53: =TODAY() -> 46097 | E53: =DATEDIF(C53,D53,"M")&"-Months" -> 2-Months | F53: =VLOOKUP(N53,Stock[#Data],5,FALSE) -> BE | G53: 05201 | I53: Lin Thit | J53: =VLOOKUP(I53,Customers[#Data],2,FALSE) -> လင်းသစ် | K53: =VLOOKUP(I53,Customers[#Data],4,FALSE) -> Yay | L53: =VLOOKUP(I53,Customers[#Data],5,FALSE) -> WholeSales | M53: ကုန်ရောင်း(လက်ငင်း) | N53: Zay Red-14-005 | O53: =VLOOKUP(N53,Stock[#Data],2,FALSE) -> ဇေယျဝတီ Red | P53: =VLOOKUP(N53,Stock[#Data],3,FALSE) -> 0.64 | Q53: =VLOOKUP(N53,Stock[#Data],4,FALSE) -> 14 | S53: =IFERROR(Table4[[#This Row],[Bottle]]/Table4[[#This Row],[ပါဝင်မှု]]+Table4[[#This Row],[SalesPK]],0) -> 40 | T53: 40 | U53: =Table4[[#This Row],[ပါဝင်မှု]]*Table4[[#This Row],[SalesPK]]+Table4[[#This Row],[Bottle]] -> 560 | V53: =Table4[[#This Row],[SalesBot]]*Table4[[#This Row],[ML]] -> 358.4 | W53: =VLOOKUP(N53,Stock[#Data],6,FALSE) -> 1350 | X53: =+Table4[[#This Row],[SalesBot]]*Table4[[#This Row],[နှုံး]] -> 756000 | AC53: 756000 | AF53: =Table4[[#This Row],[စာရင်းဖွင့်]]+Table4[[#This Row],[သင့်ငွေ]]-Table4[[#This Row],[ဈေးဟောင်းလျှော့]]-Table4[[#This Row],[‌ကော်မရှင်]]-Table4[[#This Row],[ကြွေးရငွေ]]-Table4[[#This Row],[ကြွေးရငွေ2]] -> 0 | AH53: =Table4[[#This Row],[Date]] -> 46024 | AI53: =TEXT(AH53,"mmm") -> Jan | AJ53: =TEXT(AH53,"yyyy") -> 2026 | AK53: =Table4[[#This Row],[ကုန်သည်အမည်]] -> လင်းသစ် | AL53: =Table4[[#This Row],[Township]] -> Yay | AM53: =Table4[[#This Row],[WholeSales]] -> WholeSales | AN53: =Table4[[#This Row],[Particular]] -> ကုန်ရောင်း(လက်ငင်း) | AO53: =Table4[[#This Row],[StockName]] -> ဇေယျဝတီ Red | AP53: =Table4[[#This Row],[Parking]] -> 40 | AQ53: =Table4[[#This Row],[SalesBot]] -> 560 | AR53: =Table4[[#This Row],[Liter]] -> 358.4
A54: =YEAR(C54) -> 2026 | B54: =MONTH(C54) -> 1 | C54: 46024 | D54: =TODAY() -> 46097 | E54: =DATEDIF(C54,D54,"M")&"-Months" -> 2-Months | F54: =VLOOKUP(N54,Stock[#Data],5,FALSE) -> BE | G54: 05201 | I54: Lin Thit | J54: =VLOOKUP(I54,Customers[#Data],2,FALSE) -> လင်းသစ် | K54: =VLOOKUP(I54,Customers[#Data],4,FALSE) -> Yay | L54: =VLOOKUP(I54,Customers[#Data],5,FALSE) -> WholeSales | M54: ကုန်ရောင်း(လက်ငင်း) | N54: Zay Red 1Li-003(8.3.2025) | O54: =VLOOKUP(N54,Stock[#Data],2,FALSE) -> ဇေယျဝတီ Red (1 Liter) 30% | P54: =VLOOKUP(N54,Stock[#Data],3,FALSE) -> 1 | Q54: =VLOOKUP(N54,Stock[#Data],4,FALSE) -> 12 | S54: =IFERROR(Table4[[#This Row],[Bottle]]/Table4[[#This Row],[ပါဝင်မှု]]+Table4[[#This Row],[SalesPK]],0) -> 60 | T54: 60 | U54: =Table4[[#This Row],[ပါဝင်မှု]]*Table4[[#This Row],[SalesPK]]+Table4[[#This Row],[Bottle]] -> 720 | V54: =Table4[[#This Row],[SalesBot]]*Table4[[#This Row],[ML]] -> 720 | W54: =VLOOKUP(N54,Stock[#Data],6,FALSE) -> 1710 | X54: =+Table4[[#This Row],[SalesBot]]*Table4[[#This Row],[နှုံး]] -> 1231200 | AC54: 1231200 | AF54: =Table4[[#This Row],[စာရင်းဖွင့်]]+Table4[[#This Row],[သင့်ငွေ]]-Table4[[#This Row],[ဈေးဟောင်းလျှော့]]-Table4[[#This Row],[‌ကော်မရှင်]]-Table4[[#This Row],[ကြွေးရငွေ]]-Table4[[#This Row],[ကြွေးရငွေ2]] -> 0 | AH54: =Table4[[#This Row],[Date]] -> 46024 | AI54: =TEXT(AH54,"mmm") -> Jan | AJ54: =TEXT(AH54,"yyyy") -> 2026 | AK54: =Table4[[#This Row],[ကုန်သည်အမည်]] -> လင်းသစ် | AL54: =Table4[[#This Row],[Township]] -> Yay | AM54: =Table4[[#This Row],[WholeSales]] -> WholeSales | AN54: =Table4[[#This Row],[Particular]] -> ကုန်ရောင်း(လက်ငင်း) | AO54: =Table4[[#This Row],[StockName]] -> ဇေယျဝတီ Red (1 Liter) 30% | AP54: =Table4[[#This Row],[Parking]] -> 60 | AQ54: =Table4[[#This Row],[SalesBot]] -> 720 | AR54: =Table4[[#This Row],[Liter]] -> 720
A55: =YEAR(C55) -> 2026 | B55: =MONTH(C55) -> 1 | C55: 46024 | D55: =TODAY() -> 46097 | E55: =DATEDIF(C55,D55,"M")&"-Months" -> 2-Months | F55: =VLOOKUP(N55,Stock[#Data],5,FALSE) -> BE | G55: 05144 | I55: A lin Thit | J55: =VLOOKUP(I55,Customers[#Data],2,FALSE) -> အလင်းသစ် | K55: =VLOOKUP(I55,Customers[#Data],4,FALSE) -> Mudon | L55: =VLOOKUP(I55,Customers[#Data],5,FALSE) -> Van Sales | M55: ကုန်ရောင်း(လက်ငင်း) | N55: Zay Red ပု-14-003(8.3.2025) | O55: =VLOOKUP(N55,Stock[#Data],2,FALSE) -> ဇေယျဝတီ Red(ပု) | P55: =VLOOKUP(N55,Stock[#Data],3,FALSE) -> 0.64 | Q55: =VLOOKUP(N55,Stock[#Data],4,FALSE) -> 14 | S55: =IFERROR(Table4[[#This Row],[Bottle]]/Table4[[#This Row],[ပါဝင်မှု]]+Table4[[#This Row],[SalesPK]],0) -> 25 | T55: 25 | U55: =Table4[[#This Row],[ပါဝင်မှု]]*Table4[[#This Row],[SalesPK]]+Table4[[#This Row],[Bottle]] -> 350 | V55: =Table4[[#This Row],[SalesBot]]*Table4[[#This Row],[ML]] -> 224 | W55: =VLOOKUP(N55,Stock[#Data],6,FALSE) -> 1800 | X55: =+Table4[[#This Row],[SalesBot]]*Table4[[#This Row],[နှုံး]] -> 630000 | AC55: 630000 | AF55: =Table4[[#This Row],[စာရင်းဖွင့်]]+Table4[[#This Row],[သင့်ငွေ]]-Table4[[#This Row],[ဈေးဟောင်းလျှော့]]-Table4[[#This Row],[‌ကော်မရှင်]]-Table4[[#This Row],[ကြွေးရငွေ]]-Table4[[#This Row],[ကြွေးရငွေ2]] -> 0 | AH55: =Table4[[#This Row],[Date]] -> 46024 | AI55: =TEXT(AH55,"mmm") -> Jan | AJ55: =TEXT(AH55,"yyyy") -> 2026 | AK55: =Table4[[#This Row],[ကုန်သည်အမည်]] -> အလင်းသစ် | AL55: =Table4[[#This Row],[Township]] -> Mudon | AM55: =Table4[[#This Row],[WholeSales]] -> Van Sales | AN55: =Table4[[#This Row],[Particular]] -> ကုန်ရောင်း(လက်ငင်း) | AO55: =Table4[[#This Row],[StockName]] -> ဇေယျဝတီ Red(ပု) | AP55: =Table4[[#This Row],[Parking]] -> 25 | AQ55: =Table4[[#This Row],[SalesBot]] -> 350 | AR55: =Table4[[#This Row],[Liter]] -> 224
A56: =YEAR(C56) -> 2026 | B56: =MONTH(C56) -> 1 | C56: 46024 | D56: =TODAY() -> 46097 | E56: =DATEDIF(C56,D56,"M")&"-Months" -> 2-Months | F56: =VLOOKUP(N56,Stock[#Data],5,FALSE) -> BE | G56: 05145 | I56: Kabar Kyaw | J56: =VLOOKUP(I56,Customers[#Data],2,FALSE) -> ကမ္ဘာကျော် | K56: =VLOOKUP(I56,Customers[#Data],4,FALSE) -> Mudon | L56: =VLOOKUP(I56,Customers[#Data],5,FALSE) -> Van Sales | M56: ကုန်ရောင်း(လက်ငင်း) | N56: Zay Red ပု-14-003(8.3.2025) | O56: =VLOOKUP(N56,Stock[#Data],2,FALSE) -> ဇေယျဝတီ Red(ပု) | P56: =VLOOKUP(N56,Stock[#Data],3,FALSE) -> 0.64 | Q56: =VLOOKUP(N56,Stock[#Data],4,FALSE) -> 14 | S56: =IFERROR(Table4[[#This Row],[Bottle]]/Table4[[#This Row],[ပါဝင်မှု]]+Table4[[#This Row],[SalesPK]],0) -> 10 | T56: 10 | U56: =Table4[[#This Row],[ပါဝင်မှု]]*Table4[[#This Row],[SalesPK]]+Table4[[#This Row],[Bottle]] -> 140 | V56: =Table4[[#This Row],[SalesBot]]*Table4[[#This Row],[ML]] -> 89.6 | W56: =VLOOKUP(N56,Stock[#Data],6,FALSE) -> 1800 | X56: =+Table4[[#This Row],[SalesBot]]*Table4[[#This Row],[နှုံး]] -> 252000 | AC56: 252000 | AF56: =Table4[[#This Row],[စာရင်းဖွင့်]]+Table4[[#This Row],[သင့်ငွေ]]-Table4[[#This Row],[ဈေးဟောင်းလျှော့]]-Table4[[#This Row],[‌ကော်မရှင်]]-Table4[[#This Row],[ကြွေးရငွေ]]-Table4[[#This Row],[ကြွေးရငွေ2]] -> 0 | AH56: =Table4[[#This Row],[Date]] -> 46024 | AI56: =TEXT(AH56,"mmm") -> Jan | AJ56: =TEXT(AH56,"yyyy") -> 2026 | AK56: =Table4[[#This Row],[ကုန်သည်အမည်]] -> ကမ္ဘာကျော် | AL56: =Table4[[#This Row],[Township]] -> Mudon | AM56: =Table4[[#This Row],[WholeSales]] -> Van Sales | AN56: =Table4[[#This Row],[Particular]] -> ကုန်ရောင်း(လက်ငင်း) | AO56: =Table4[[#This Row],[StockName]] -> ဇေယျဝတီ Red(ပု) | AP56: =Table4[[#This Row],[Parking]] -> 10 | AQ56: =Table4[[#This Row],[SalesBot]] -> 140 | AR56: =Table4[[#This Row],[Liter]] -> 89.6
A57: =YEAR(C57) -> 2026 | B57: =MONTH(C57) -> 1 | C57: 46024 | D57: =TODAY() -> 46097 | E57: =DATEDIF(C57,D57,"M")&"-Months" -> 2-Months | F57: =VLOOKUP(N57,Stock[#Data],5,FALSE) -> BE | G57: 05148 | I57: Ma Thandar | J57: =VLOOKUP(I57,Customers[#Data],2,FALSE) -> မသန္တာ | K57: =VLOOKUP(I57,Customers[#Data],4,FALSE) -> Maw La Myaing | L57: =VLOOKUP(I57,Customers[#Data],5,FALSE) -> Van Sales | M57: ကုန်ရောင်း(လက်ငင်း) | N57: Zay .1Li-12-003(8.3.2025) | O57: =VLOOKUP(N57,Stock[#Data],2,FALSE) -> "ဇေ" ကော်ဘူး (1 Liter) | P57: =VLOOKUP(N57,Stock[#Data],3,FALSE) -> 1 | Q57: =VLOOKUP(N57,Stock[#Data],4,FALSE) -> 12 | S57: =IFERROR(Table4[[#This Row],[Bottle]]/Table4[[#This Row],[ပါဝင်မှု]]+Table4[[#This Row],[SalesPK]],0) -> 5 | T57: 5 | U57: =Table4[[#This Row],[ပါဝင်မှု]]*Table4[[#This Row],[SalesPK]]+Table4[[#This Row],[Bottle]] -> 60 | V57: =Table4[[#This Row],[SalesBot]]*Table4[[#This Row],[ML]] -> 60 | W57: =VLOOKUP(N57,Stock[#Data],6,FALSE) -> 1675 | X57: =+Table4[[#This Row],[SalesBot]]*Table4[[#This Row],[နှုံး]] -> 100500 | AC57: 100500 | AF57: =Table4[[#This Row],[စာရင်းဖွင့်]]+Table4[[#This Row],[သင့်ငွေ]]-Table4[[#This Row],[ဈေးဟောင်းလျှော့]]-Table4[[#This Row],[‌ကော်မရှင်]]-Table4[[#This Row],[ကြွေးရငွေ]]-Table4[[#This Row],[ကြွေးရငွေ2]] -> 0 | AH57: =Table4[[#This Row],[Date]] -> 46024 | AI57: =TEXT(AH57,"mmm") -> Jan | AJ57: =TEXT(AH57,"yyyy") -> 2026 | AK57: =Table4[[#This Row],[ကုန်သည်အမည်]] -> မသန္တာ | AL57: =Table4[[#This Row],[Township]] -> Maw La Myaing | AM57: =Table4[[#This Row],[WholeSales]] -> Van Sales | AN57: =Table4[[#This Row],[Particular]] -> ကုန်ရောင်း(လက်ငင်း) | AO57: =Table4[[#This Row],[StockName]] -> "ဇေ" ကော်ဘူး (1 Liter) | AP57: =Table4[[#This Row],[Parking]] -> 5 | AQ57: =Table4[[#This Row],[SalesBot]] -> 60 | AR57: =Table4[[#This Row],[Liter]] -> 60
A58: =YEAR(C58) -> 2026 | B58: =MONTH(C58) -> 1 | C58: 46025 | D58: =TODAY() -> 46097 | E58: =DATEDIF(C58,D58,"M")&"-Months" -> 2-Months | F58: =VLOOKUP(N58,Stock[#Data],5,FALSE) -> BE | G58: 05209 | I58: Ko Mg+Ma Thu Zar | J58: =VLOOKUP(I58,Customers[#Data],2,FALSE) -> ကိုမောင်+မသူဇာ | K58: =VLOOKUP(I58,Customers[#Data],4,FALSE) -> Yay | L58: =VLOOKUP(I58,Customers[#Data],5,FALSE) -> WholeSales | M58: ကုန်ရောင်း(အကြွေး) | N58: Zay Red 1Li-003(8.3.2025) | O58: =VLOOKUP(N58,Stock[#Data],2,FALSE) -> ဇေယျဝတီ Red (1 Liter) 30% | P58: =VLOOKUP(N58,Stock[#Data],3,FALSE) -> 1 | Q58: =VLOOKUP(N58,Stock[#Data],4,FALSE) -> 12 | S58: =IFERROR(Table4[[#This Row],[Bottle]]/Table4[[#This Row],[ပါဝင်မှု]]+Table4[[#This Row],[SalesPK]],0) -> 150 | T58: 150 | U58: =Table4[[#This Row],[ပါဝင်မှု]]*Table4[[#This Row],[SalesPK]]+Table4[[#This Row],[Bottle]] -> 1800 | V58: =Table4[[#This Row],[SalesBot]]*Table4[[#This Row],[ML]] -> 1800 | W58: =VLOOKUP(N58,Stock[#Data],6,FALSE) -> 1710 | X58: =+Table4[[#This Row],[SalesBot]]*Table4[[#This Row],[နှုံး]] -> 3078000 | AB58: 46043 | AC58: 3078000 | AF58: =Table4[[#This Row],[စာရင်းဖွင့်]]+Table4[[#This Row],[သင့်ငွေ]]-Table4[[#This Row],[ဈေးဟောင်းလျှော့]]-Table4[[#This Row],[‌ကော်မရှင်]]-Table4[[#This Row],[ကြွေးရငွေ]]-Table4[[#This Row],[ကြွေးရငွေ2]] -> 0 | AH58: =Table4[[#This Row],[Date]] -> 46025 | AI58: =TEXT(AH58,"mmm") -> Jan | AJ58: =TEXT(AH58,"yyyy") -> 2026 | AK58: =Table4[[#This Row],[ကုန်သည်အမည်]] -> ကိုမောင်+မသူဇာ | AL58: =Table4[[#This Row],[Township]] -> Yay | AM58: =Table4[[#This Row],[WholeSales]] -> WholeSales | AN58: =Table4[[#This Row],[Particular]] -> ကုန်ရောင်း(အကြွေး) | AO58: =Table4[[#This Row],[StockName]] -> ဇေယျဝတီ Red (1 Liter) 30% | AP58: =Table4[[#This Row],[Parking]] -> 150 | AQ58: =Table4[[#This Row],[SalesBot]] -> 1800 | AR58: =Table4[[#This Row],[Liter]] -> 1800
A59: =YEAR(C59) -> 2026 | B59: =MONTH(C59) -> 1 | C59: 46025 | D59: =TODAY() -> 46097 | E59: =DATEDIF(C59,D59,"M")&"-Months" -> 2-Months | F59: =VLOOKUP(N59,Stock[#Data],5,FALSE) -> BE | G59: 05208 | I59: Min Min Htun | J59: =VLOOKUP(I59,Customers[#Data],2,FALSE) -> မင်းမင်းထွန်း | K59: =VLOOKUP(I59,Customers[#Data],4,FALSE) -> Paung | L59: =VLOOKUP(I59,Customers[#Data],5,FALSE) -> Van Sales | M59: ကုန်ရောင်း(လက်ငင်း) | N59: Zay Red ပု-14-003(8.3.2025) | O59: =VLOOKUP(N59,Stock[#Data],2,FALSE) -> ဇေယျဝတီ Red(ပု) | P59: =VLOOKUP(N59,Stock[#Data],3,FALSE) -> 0.64 | Q59: =VLOOKUP(N59,Stock[#Data],4,FALSE) -> 14 | S59: =IFERROR(Table4[[#This Row],[Bottle]]/Table4[[#This Row],[ပါဝင်မှု]]+Table4[[#This Row],[SalesPK]],0) -> 10 | T59: 10 | U59: =Table4[[#This Row],[ပါဝင်မှု]]*Table4[[#This Row],[SalesPK]]+Table4[[#This Row],[Bottle]] -> 140 | V59: =Table4[[#This Row],[SalesBot]]*Table4[[#This Row],[ML]] -> 89.6 | W59: =VLOOKUP(N59,Stock[#Data],6,FALSE) -> 1800 | X59: =+Table4[[#This Row],[SalesBot]]*Table4[[#This Row],[နှုံး]] -> 252000 | AC59: 252000 | AF59: =Table4[[#This Row],[စာရင်းဖွင့်]]+Table4[[#This Row],[သင့်ငွေ]]-Table4[[#This Row],[ဈေးဟောင်းလျှော့]]-Table4[[#This Row],[‌ကော်မရှင်]]-Table4[[#This Row],[ကြွေးရငွေ]]-Table4[[#This Row],[ကြွေးရငွေ2]] -> 0 | AH59: =Table4[[#This Row],[Date]] -> 46025 | AI59: =TEXT(AH59,"mmm") -> Jan | AJ59: =TEXT(AH59,"yyyy") -> 2026 | AK59: =Table4[[#This Row],[ကုန်သည်အမည်]] -> မင်းမင်းထွန်း | AL59: =Table4[[#This Row],[Township]] -> Paung | AM59: =Table4[[#This Row],[WholeSales]] -> Van Sales | AN59: =Table4[[#This Row],[Particular]] -> ကုန်ရောင်း(လက်ငင်း) | AO59: =Table4[[#This Row],[StockName]] -> ဇေယျဝတီ Red(ပု) | AP59: =Table4[[#This Row],[Parking]] -> 10 | AQ59: =Table4[[#This Row],[SalesBot]] -> 140 | AR59: =Table4[[#This Row],[Liter]] -> 89.6
A60: =YEAR(C60) -> 2026 | B60: =MONTH(C60) -> 1 | C60: 46025 | D60: =TODAY() -> 46097 | E60: =DATEDIF(C60,D60,"M")&"-Months" -> 2-Months | F60: =VLOOKUP(N60,Stock[#Data],5,FALSE) -> BE | G60: 05207 | I60: U Min Lwin | J60: =VLOOKUP(I60,Customers[#Data],2,FALSE) -> ဦးမင်းလွင် | K60: =VLOOKUP(I60,Customers[#Data],4,FALSE) -> Maw La Myaing | L60: =VLOOKUP(I60,Customers[#Data],5,FALSE) -> WholeSales | M60: ကုန်ရောင်း(လက်ငင်း) | N60: DG-24-003(8.3.2025) | O60: =VLOOKUP(N60,Stock[#Data],2,FALSE) -> ဒဂုံအရက်သန့် | P60: =VLOOKUP(N60,Stock[#Data],3,FALSE) -> 0.64 | Q60: =VLOOKUP(N60,Stock[#Data],4,FALSE) -> 24 | S60: =IFERROR(Table4[[#This Row],[Bottle]]/Table4[[#This Row],[ပါဝင်မှု]]+Table4[[#This Row],[SalesPK]],0) -> 50 | T60: 50 | U60: =Table4[[#This Row],[ပါဝင်မှု]]*Table4[[#This Row],[SalesPK]]+Table4[[#This Row],[Bottle]] -> 1200 | V60: =Table4[[#This Row],[SalesBot]]*Table4[[#This Row],[ML]] -> 768 | W60: =VLOOKUP(N60,Stock[#Data],6,FALSE) -> 1350 | X60: =+Table4[[#This Row],[SalesBot]]*Table4[[#This Row],[နှုံး]] -> 1620000 | AC60: 1620000 | AF60: =Table4[[#This Row],[စာရင်းဖွင့်]]+Table4[[#This Row],[သင့်ငွေ]]-Table4[[#This Row],[ဈေးဟောင်းလျှော့]]-Table4[[#This Row],[‌ကော်မရှင်]]-Table4[[#This Row],[ကြွေးရငွေ]]-Table4[[#This Row],[ကြွေးရငွေ2]] -> 0 | AH60: =Table4[[#This Row],[Date]] -> 46025 | AI60: =TEXT(AH60,"mmm") -> Jan | AJ60: =TEXT(AH60,"yyyy") -> 2026 | AK60: =Table4[[#This Row],[ကုန်သည်အမည်]] -> ဦးမင်းလွင် | AL60: =Table4[[#This Row],[Township]] -> Maw La Myaing | AM60: =Table4[[#This Row],[WholeSales]] -> WholeSales | AN60: =Table4[[#This Row],[Particular]] -> ကုန်ရောင်း(လက်ငင်း) | AO60: =Table4[[#This Row],[StockName]] -> ဒဂုံအရက်သန့် | AP60: =Table4[[#This Row],[Parking]] -> 50 | AQ60: =Table4[[#This Row],[SalesBot]] -> 1200 | AR60: =Table4[[#This Row],[Liter]] -> 768
A61: =YEAR(C61) -> 2026 | B61: =MONTH(C61) -> 1 | C61: 46025 | D61: =TODAY() -> 46097 | E61: =DATEDIF(C61,D61,"M")&"-Months" -> 2-Months | F61: =VLOOKUP(N61,Stock[#Data],5,FALSE) -> BE | G61: 05210 | I61: Ko Arr Noe | J61: =VLOOKUP(I61,Customers[#Data],2,FALSE) -> ကိုအာနိုး | K61: =VLOOKUP(I61,Customers[#Data],4,FALSE) -> yaY | L61: =VLOOKUP(I61,Customers[#Data],5,FALSE) -> Van Sales | M61: ကုန်ရောင်း(လက်ငင်း) | N61: Zay Red 1Li-003(8.3.2025) | O61: =VLOOKUP(N61,Stock[#Data],2,FALSE) -> ဇေယျဝတီ Red (1 Liter) 30% | P61: =VLOOKUP(N61,Stock[#Data],3,FALSE) -> 1 | Q61: =VLOOKUP(N61,Stock[#Data],4,FALSE) -> 12 | S61: =IFERROR(Table4[[#This Row],[Bottle]]/Table4[[#This Row],[ပါဝင်မှု]]+Table4[[#This Row],[SalesPK]],0) -> 30 | T61: 30 | U61: =Table4[[#This Row],[ပါဝင်မှု]]*Table4[[#This Row],[SalesPK]]+Table4[[#This Row],[Bottle]] -> 360 | V61: =Table4[[#This Row],[SalesBot]]*Table4[[#This Row],[ML]] -> 360 | W61: =VLOOKUP(N61,Stock[#Data],6,FALSE) -> 1710 | X61: =+Table4[[#This Row],[SalesBot]]*Table4[[#This Row],[နှုံး]] -> 615600 | AC61: 615600 | AF61: =Table4[[#This Row],[စာရင်းဖွင့်]]+Table4[[#This Row],[သင့်ငွေ]]-Table4[[#This Row],[ဈေးဟောင်းလျှော့]]-Table4[[#This Row],[‌ကော်မရှင်]]-Table4[[#This Row],[ကြွေးရငွေ]]-Table4[[#This Row],[ကြွေးရငွေ2]] -> 0 | AH61: =Table4[[#This Row],[Date]] -> 46025 | AI61: =TEXT(AH61,"mmm") -> Jan | AJ61: =TEXT(AH61,"yyyy") -> 2026 | AK61: =Table4[[#This Row],[ကုန်သည်အမည်]] -> ကိုအာနိုး | AL61: =Table4[[#This Row],[Township]] -> yaY | AM61: =Table4[[#This Row],[WholeSales]] -> Van Sales | AN61: =Table4[[#This Row],[Particular]] -> ကုန်ရောင်း(လက်ငင်း) | AO61: =Table4[[#This Row],[StockName]] -> ဇေယျဝတီ Red (1 Liter) 30% | AP61: =Table4[[#This Row],[Parking]] -> 30 | AQ61: =Table4[[#This Row],[SalesBot]] -> 360 | AR61: =Table4[[#This Row],[Liter]] -> 360
A62: =YEAR(C62) -> 2026 | B62: =MONTH(C62) -> 1 | C62: 46027 | D62: =TODAY() -> 46097 | E62: =DATEDIF(C62,D62,"M")&"-Months" -> 2-Months | F62: =VLOOKUP(N62,Stock[#Data],5,FALSE) -> BE | G62: 05211 | I62: Kyaw Star | J62: =VLOOKUP(I62,Customers[#Data],2,FALSE) -> ကျော်စတား | K62: =VLOOKUP(I62,Customers[#Data],4,FALSE) -> Yay | L62: =VLOOKUP(I62,Customers[#Data],5,FALSE) -> WholeSales | M62: ကုန်ရောင်း(အကြွေး) | N62: Zay Red-14-005 | O62: =VLOOKUP(N62,Stock[#Data],2,FALSE) -> ဇေယျဝတီ Red | P62: =VLOOKUP(N62,Stock[#Data],3,FALSE) -> 0.64 | Q62: =VLOOKUP(N62,Stock[#Data],4,FALSE) -> 14 | S62: =IFERROR(Table4[[#This Row],[Bottle]]/Table4[[#This Row],[ပါဝင်မှု]]+Table4[[#This Row],[SalesPK]],0) -> 240 | T62: 240 | U62: =Table4[[#This Row],[ပါဝင်မှု]]*Table4[[#This Row],[SalesPK]]+Table4[[#This Row],[Bottle]] -> 3360 | V62: =Table4[[#This Row],[SalesBot]]*Table4[[#This Row],[ML]] -> 2150.4 | W62: =VLOOKUP(N62,Stock[#Data],6,FALSE) -> 1350 | X62: =+Table4[[#This Row],[SalesBot]]*Table4[[#This Row],[နှုံး]] -> 4536000 | AB62: 46038 | AC62: 4536000 | AF62: =Table4[[#This Row],[စာရင်းဖွင့်]]+Table4[[#This Row],[သင့်ငွေ]]-Table4[[#This Row],[ဈေးဟောင်းလျှော့]]-Table4[[#This Row],[‌ကော်မရှင်]]-Table4[[#This Row],[ကြွေးရငွေ]]-Table4[[#This Row],[ကြွေးရငွေ2]] -> 0 | AH62: =Table4[[#This Row],[Date]] -> 46027 | AI62: =TEXT(AH62,"mmm") -> Jan | AJ62: =TEXT(AH62,"yyyy") -> 2026 | AK62: =Table4[[#This Row],[ကုန်သည်အမည်]] -> ကျော်စတား | AL62: =Table4[[#This Row],[Township]] -> Yay | AM62: =Table4[[#This Row],[WholeSales]] -> WholeSales | AN62: =Table4[[#This Row],[Particular]] -> ကုန်ရောင်း(အကြွေး) | AO62: =Table4[[#This Row],[StockName]] -> ဇေယျဝတီ Red | AP62: =Table4[[#This Row],[Parking]] -> 240 | AQ62: =Table4[[#This Row],[SalesBot]] -> 3360 | AR62: =Table4[[#This Row],[Liter]] -> 2150.4
A63: =YEAR(C63) -> 2026 | B63: =MONTH(C63) -> 1 | C63: 46027 | D63: =TODAY() -> 46097 | E63: =DATEDIF(C63,D63,"M")&"-Months" -> 2-Months | F63: =VLOOKUP(N63,Stock[#Data],5,FALSE) -> BE | G63: 05211 | I63: Kyaw Star | J63: =VLOOKUP(I63,Customers[#Data],2,FALSE) -> ကျော်စတား | K63: =VLOOKUP(I63,Customers[#Data],4,FALSE) -> Yay | L63: =VLOOKUP(I63,Customers[#Data],5,FALSE) -> WholeSales | M63: ကုန်ရောင်း(အကြွေး) | N63: Zay Red 1Li-003(8.3.2025) | O63: =VLOOKUP(N63,Stock[#Data],2,FALSE) -> ဇေယျဝတီ Red (1 Liter) 30% | P63: =VLOOKUP(N63,Stock[#Data],3,FALSE) -> 1 | Q63: =VLOOKUP(N63,Stock[#Data],4,FALSE) -> 12 | S63: =IFERROR(Table4[[#This Row],[Bottle]]/Table4[[#This Row],[ပါဝင်မှု]]+Table4[[#This Row],[SalesPK]],0) -> 150 | T63: 150 | U63: =Table4[[#This Row],[ပါဝင်မှု]]*Table4[[#This Row],[SalesPK]]+Table4[[#This Row],[Bottle]] -> 1800 | V63: =Table4[[#This Row],[SalesBot]]*Table4[[#This Row],[ML]] -> 1800 | W63: =VLOOKUP(N63,Stock[#Data],6,FALSE) -> 1710 | X63: =+Table4[[#This Row],[SalesBot]]*Table4[[#This Row],[နှုံး]] -> 3078000 | AB63: 46038 | AC63: 3078000 | AF63: =Table4[[#This Row],[စာရင်းဖွင့်]]+Table4[[#This Row],[သင့်ငွေ]]-Table4[[#This Row],[ဈေးဟောင်းလျှော့]]-Table4[[#This Row],[‌ကော်မရှင်]]-Table4[[#This Row],[ကြွေးရငွေ]]-Table4[[#This Row],[ကြွေးရငွေ2]] -> 0 | AH63: =Table4[[#This Row],[Date]] -> 46027 | AI63: =TEXT(AH63,"mmm") -> Jan | AJ63: =TEXT(AH63,"yyyy") -> 2026 | AK63: =Table4[[#This Row],[ကုန်သည်အမည်]] -> ကျော်စတား | AL63: =Table4[[#This Row],[Township]] -> Yay | AM63: =Table4[[#This Row],[WholeSales]] -> WholeSales | AN63: =Table4[[#This Row],[Particular]] -> ကုန်ရောင်း(အကြွေး) | AO63: =Table4[[#This Row],[StockName]] -> ဇေယျဝတီ Red (1 Liter) 30% | AP63: =Table4[[#This Row],[Parking]] -> 150 | AQ63: =Table4[[#This Row],[SalesBot]] -> 1800 | AR63: =Table4[[#This Row],[Liter]] -> 1800
A64: =YEAR(C64) -> 2026 | B64: =MONTH(C64) -> 1 | C64: 46027 | D64: =TODAY() -> 46097 | E64: =DATEDIF(C64,D64,"M")&"-Months" -> 2-Months | F64: =VLOOKUP(N64,Stock[#Data],5,FALSE) -> BE | G64: 05219 | I64: Ko Mya Khat | J64: =VLOOKUP(I64,Customers[#Data],2,FALSE) -> ကိုမြခက် | K64: =VLOOKUP(I64,Customers[#Data],4,FALSE) -> Yay | L64: =VLOOKUP(I64,Customers[#Data],5,FALSE) -> WholeSales | M64: ကုန်ရောင်း(အကြွေး) | N64: Zay Red-14-005 | O64: =VLOOKUP(N64,Stock[#Data],2,FALSE) -> ဇေယျဝတီ Red | P64: =VLOOKUP(N64,Stock[#Data],3,FALSE) -> 0.64 | Q64: =VLOOKUP(N64,Stock[#Data],4,FALSE) -> 14 | S64: =IFERROR(Table4[[#This Row],[Bottle]]/Table4[[#This Row],[ပါဝင်မှု]]+Table4[[#This Row],[SalesPK]],0) -> 100 | T64: 100 | U64: =Table4[[#This Row],[ပါဝင်မှု]]*Table4[[#This Row],[SalesPK]]+Table4[[#This Row],[Bottle]] -> 1400 | V64: =Table4[[#This Row],[SalesBot]]*Table4[[#This Row],[ML]] -> 896 | W64: =VLOOKUP(N64,Stock[#Data],6,FALSE) -> 1350 | X64: =+Table4[[#This Row],[SalesBot]]*Table4[[#This Row],[နှုံး]] -> 1890000 | AB64: 46031 | AC64: 1890000 | AF64: =Table4[[#This Row],[စာရင်းဖွင့်]]+Table4[[#This Row],[သင့်ငွေ]]-Table4[[#This Row],[ဈေးဟောင်းလျှော့]]-Table4[[#This Row],[‌ကော်မရှင်]]-Table4[[#This Row],[ကြွေးရငွေ]]-Table4[[#This Row],[ကြွေးရငွေ2]] -> 0 | AH64: =Table4[[#This Row],[Date]] -> 46027 | AI64: =TEXT(AH64,"mmm") -> Jan | AJ64: =TEXT(AH64,"yyyy") -> 2026 | AK64: =Table4[[#This Row],[ကုန်သည်အမည်]] -> ကိုမြခက် | AL64: =Table4[[#This Row],[Township]] -> Yay | AM64: =Table4[[#This Row],[WholeSales]] -> WholeSales | AN64: =Table4[[#This Row],[Particular]] -> ကုန်ရောင်း(အကြွေး) | AO64: =Table4[[#This Row],[StockName]] -> ဇေယျဝတီ Red | AP64: =Table4[[#This Row],[Parking]] -> 100 | AQ64: =Table4[[#This Row],[SalesBot]] -> 1400 | AR64: =Table4[[#This Row],[Liter]] -> 896
A65: =YEAR(C65) -> 2026 | B65: =MONTH(C65) -> 1 | C65: 46027 | D65: =TODAY() -> 46097 | E65: =DATEDIF(C65,D65,"M")&"-Months" -> 2-Months | F65: =VLOOKUP(N65,Stock[#Data],5,FALSE) -> BE | G65: 05220 | I65: Daw New New Yee | J65: =VLOOKUP(I65,Customers[#Data],2,FALSE) -> ဒေါ်နွယ်နွယ်ရီ(ရွှေတောင်ကြား) | K65: =VLOOKUP(I65,Customers[#Data],4,FALSE) -> Yay | L65: =VLOOKUP(I65,Customers[#Data],5,FALSE) -> WholeSales | M65: ကုန်ရောင်း(အကြွေး) | N65: Zay Red 1Li-003(8.3.2025) | O65: =VLOOKUP(N65,Stock[#Data],2,FALSE) -> ဇေယျဝတီ Red (1 Liter) 30% | P65: =VLOOKUP(N65,Stock[#Data],3,FALSE) -> 1 | Q65: =VLOOKUP(N65,Stock[#Data],4,FALSE) -> 12 | S65: =IFERROR(Table4[[#This Row],[Bottle]]/Table4[[#This Row],[ပါဝင်မှု]]+Table4[[#This Row],[SalesPK]],0) -> 100 | T65: 100 | U65: =Table4[[#This Row],[ပါဝင်မှု]]*Table4[[#This Row],[SalesPK]]+Table4[[#This Row],[Bottle]] -> 1200 | V65: =Table4[[#This Row],[SalesBot]]*Table4[[#This Row],[ML]] -> 1200 | W65: =VLOOKUP(N65,Stock[#Data],6,FALSE) -> 1710 | X65: =+Table4[[#This Row],[SalesBot]]*Table4[[#This Row],[နှုံး]] -> 2052000 | AF65: =Table4[[#This Row],[စာရင်းဖွင့်]]+Table4[[#This Row],[သင့်ငွေ]]-Table4[[#This Row],[ဈေးဟောင်းလျှော့]]-Table4[[#This Row],[‌ကော်မရှင်]]-Table4[[#This Row],[ကြွေးရငွေ]]-Table4[[#This Row],[ကြွေးရငွေ2]] -> 2052000 | AH65: =Table4[[#This Row],[Date]] -> 46027 | AI65: =TEXT(AH65,"mmm") -> Jan | AJ65: =TEXT(AH65,"yyyy") -> 2026 | AK65: =Table4[[#This Row],[ကုန်သည်အမည်]] -> ဒေါ်နွယ်နွယ်ရီ(ရွှေတောင်ကြား) | AL65: =Table4[[#This Row],[Township]] -> Yay | AM65: =Table4[[#This Row],[WholeSales]] -> WholeSales | AN65: =Table4[[#This Row],[Particular]] -> ကုန်ရောင်း(အကြွေး) | AO65: =Table4[[#This Row],[StockName]] -> ဇေယျဝတီ Red (1 Liter) 30% | AP65: =Table4[[#This Row],[Parking]] -> 100 | AQ65: =Table4[[#This Row],[SalesBot]] -> 1200 | AR65: =Table4[[#This Row],[Liter]] -> 1200
A66: =YEAR(C66) -> 2026 | B66: =MONTH(C66) -> 1 | C66: 46027 | D66: =TODAY() -> 46097 | E66: =DATEDIF(C66,D66,"M")&"-Months" -> 2-Months | F66: =VLOOKUP(N66,Stock[#Data],5,FALSE) -> BE | G66: 05213 | I66: ko myo aung | J66: =VLOOKUP(I66,Customers[#Data],2,FALSE) -> ကိုမျိုးအောင် | K66: =VLOOKUP(I66,Customers[#Data],4,FALSE) -> Maw La Myaing | L66: =VLOOKUP(I66,Customers[#Data],5,FALSE) -> WholeSales | M66: ကုန်ရောင်း(လက်ငင်း) | N66: Zay Vodka-1(8.3.2025) | O66: =VLOOKUP(N66,Stock[#Data],2,FALSE) -> ဇေ Vodka | P66: =VLOOKUP(N66,Stock[#Data],3,FALSE) -> 0.64 | Q66: =VLOOKUP(N66,Stock[#Data],4,FALSE) -> 14 | S66: =IFERROR(Table4[[#This Row],[Bottle]]/Table4[[#This Row],[ပါဝင်မှု]]+Table4[[#This Row],[SalesPK]],0) -> 20 | T66: 20 | U66: =Table4[[#This Row],[ပါဝင်မှု]]*Table4[[#This Row],[SalesPK]]+Table4[[#This Row],[Bottle]] -> 280 | V66: =Table4[[#This Row],[SalesBot]]*Table4[[#This Row],[ML]] -> 179.2 | W66: =VLOOKUP(N66,Stock[#Data],6,FALSE) -> 1400 | X66: =+Table4[[#This Row],[SalesBot]]*Table4[[#This Row],[နှုံး]] -> 392000 | AC66: 392000 | AF66: =Table4[[#This Row],[စာရင်းဖွင့်]]+Table4[[#This Row],[သင့်ငွေ]]-Table4[[#This Row],[ဈေးဟောင်းလျှော့]]-Table4[[#This Row],[‌ကော်မရှင်]]-Table4[[#This Row],[ကြွေးရငွေ]]-Table4[[#This Row],[ကြွေးရငွေ2]] -> 0 | AH66: =Table4[[#This Row],[Date]] -> 46027 | AI66: =TEXT(AH66,"mmm") -> Jan | AJ66: =TEXT(AH66,"yyyy") -> 2026 | AK66: =Table4[[#This Row],[ကုန်သည်အမည်]] -> ကိုမျိုးအောင် | AL66: =Table4[[#This Row],[Township]] -> Maw La Myaing | AM66: =Table4[[#This Row],[WholeSales]] -> WholeSales | AN66: =Table4[[#This Row],[Particular]] -> ကုန်ရောင်း(လက်ငင်း) | AO66: =Table4[[#This Row],[StockName]] -> ဇေ Vodka | AP66: =Table4[[#This Row],[Parking]] -> 20 | AQ66: =Table4[[#This Row],[SalesBot]] -> 280 | AR66: =Table4[[#This Row],[Liter]] -> 179.2
A67: =YEAR(C67) -> 2026 | B67: =MONTH(C67) -> 1 | C67: 46027 | D67: =TODAY() -> 46097 | E67: =DATEDIF(C67,D67,"M")&"-Months" -> 2-Months | F67: =VLOOKUP(N67,Stock[#Data],5,FALSE) -> BE | G67: 05213 | I67: ko myo aung | J67: =VLOOKUP(I67,Customers[#Data],2,FALSE) -> ကိုမျိုးအောင် | K67: =VLOOKUP(I67,Customers[#Data],4,FALSE) -> Maw La Myaing | L67: =VLOOKUP(I67,Customers[#Data],5,FALSE) -> WholeSales | M67: ကုန်ရောင်း(လက်ငင်း) | N67: Zay Red-14-005 | O67: =VLOOKUP(N67,Stock[#Data],2,FALSE) -> ဇေယျဝတီ Red | P67: =VLOOKUP(N67,Stock[#Data],3,FALSE) -> 0.64 | Q67: =VLOOKUP(N67,Stock[#Data],4,FALSE) -> 14 | S67: =IFERROR(Table4[[#This Row],[Bottle]]/Table4[[#This Row],[ပါဝင်မှု]]+Table4[[#This Row],[SalesPK]],0) -> 20 | T67: 20 | U67: =Table4[[#This Row],[ပါဝင်မှု]]*Table4[[#This Row],[SalesPK]]+Table4[[#This Row],[Bottle]] -> 280 | V67: =Table4[[#This Row],[SalesBot]]*Table4[[#This Row],[ML]] -> 179.2 | W67: =VLOOKUP(N67,Stock[#Data],6,FALSE) -> 1350 | X67: =+Table4[[#This Row],[SalesBot]]*Table4[[#This Row],[နှုံး]] -> 378000 | AC67: 378000 | AF67: =Table4[[#This Row],[စာရင်းဖွင့်]]+Table4[[#This Row],[သင့်ငွေ]]-Table4[[#This Row],[ဈေးဟောင်းလျှော့]]-Table4[[#This Row],[‌ကော်မရှင်]]-Table4[[#This Row],[ကြွေးရငွေ]]-Table4[[#This Row],[ကြွေးရငွေ2]] -> 0 | AH67: =Table4[[#This Row],[Date]] -> 46027 | AI67: =TEXT(AH67,"mmm") -> Jan | AJ67: =TEXT(AH67,"yyyy") -> 2026 | AK67: =Table4[[#This Row],[ကုန်သည်အမည်]] -> ကိုမျိုးအောင် | AL67: =Table4[[#This Row],[Township]] -> Maw La Myaing | AM67: =Table4[[#This Row],[WholeSales]] -> WholeSales | AN67: =Table4[[#This Row],[Particular]] -> ကုန်ရောင်း(လက်ငင်း) | AO67: =Table4[[#This Row],[StockName]] -> ဇေယျဝတီ Red | AP67: =Table4[[#This Row],[Parking]] -> 20 | AQ67: =Table4[[#This Row],[SalesBot]] -> 280 | AR67: =Table4[[#This Row],[Liter]] -> 179.2
A68: =YEAR(C68) -> 2026 | B68: =MONTH(C68) -> 1 | C68: 46027 | D68: =TODAY() -> 46097 | E68: =DATEDIF(C68,D68,"M")&"-Months" -> 2-Months | F68: =VLOOKUP(N68,Stock[#Data],5,FALSE) -> BE | G68: 05217 | I68: Ma Hnin Pwint Phyu | J68: =VLOOKUP(I68,Customers[#Data],2,FALSE) -> မနှင်းပွင့်ဖြူ | K68: =VLOOKUP(I68,Customers[#Data],4,FALSE) -> Yay | L68: =VLOOKUP(I68,Customers[#Data],5,FALSE) -> Van Sales | M68: ကုန်ရောင်း(လက်ငင်း) | N68: Zay Red 1Li-003(8.3.2025) | O68: =VLOOKUP(N68,Stock[#Data],2,FALSE) -> ဇေယျဝတီ Red (1 Liter) 30% | P68: =VLOOKUP(N68,Stock[#Data],3,FALSE) -> 1 | Q68: =VLOOKUP(N68,Stock[#Data],4,FALSE) -> 12 | S68: =IFERROR(Table4[[#This Row],[Bottle]]/Table4[[#This Row],[ပါဝင်မှု]]+Table4[[#This Row],[SalesPK]],0) -> 100 | T68: 100 | U68: =Table4[[#This Row],[ပါဝင်မှု]]*Table4[[#This Row],[SalesPK]]+Table4[[#This Row],[Bottle]] -> 1200 | V68: =Table4[[#This Row],[SalesBot]]*Table4[[#This Row],[ML]] -> 1200 | W68: =VLOOKUP(N68,Stock[#Data],6,FALSE) -> 1710 | X68: =+Table4[[#This Row],[SalesBot]]*Table4[[#This Row],[နှုံး]] -> 2052000 | AC68: 2052000 | AF68: =Table4[[#This Row],[စာရင်းဖွင့်]]+Table4[[#This Row],[သင့်ငွေ]]-Table4[[#This Row],[ဈေးဟောင်းလျှော့]]-Table4[[#This Row],[‌ကော်မရှင်]]-Table4[[#This Row],[ကြွေးရငွေ]]-Table4[[#This Row],[ကြွေးရငွေ2]] -> 0 | AH68: =Table4[[#This Row],[Date]] -> 46027 | AI68: =TEXT(AH68,"mmm") -> Jan | AJ68: =TEXT(AH68,"yyyy") -> 2026 | AK68: =Table4[[#This Row],[ကုန်သည်အမည်]] -> မနှင်းပွင့်ဖြူ | AL68: =Table4[[#This Row],[Township]] -> Yay | AM68: =Table4[[#This Row],[WholeSales]] -> Van Sales | AN68: =Table4[[#This Row],[Particular]] -> ကုန်ရောင်း(လက်ငင်း) | AO68: =Table4[[#This Row],[StockName]] -> ဇေယျဝတီ Red (1 Liter) 30% | AP68: =Table4[[#This Row],[Parking]] -> 100 | AQ68: =Table4[[#This Row],[SalesBot]] -> 1200 | AR68: =Table4[[#This Row],[Liter]] -> 1200
A69: =YEAR(C69) -> 2026 | B69: =MONTH(C69) -> 1 | C69: 46027 | D69: =TODAY() -> 46097 | E69: =DATEDIF(C69,D69,"M")&"-Months" -> 2-Months | F69: =VLOOKUP(N69,Stock[#Data],5,FALSE) -> BE | G69: 05216 | I69: Ko Kyaw Myint | J69: =VLOOKUP(I69,Customers[#Data],2,FALSE) -> ကိုကျော်မြင့် | K69: =VLOOKUP(I69,Customers[#Data],4,FALSE) -> Maw La Myaing | L69: =VLOOKUP(I69,Customers[#Data],5,FALSE) -> Van Sales | M69: ကုန်ရောင်း(လက်ငင်း) | N69: Zay .1Li-12-003(8.3.2025) | O69: =VLOOKUP(N69,Stock[#Data],2,FALSE) -> "ဇေ" ကော်ဘူး (1 Liter) | P69: =VLOOKUP(N69,Stock[#Data],3,FALSE) -> 1 | Q69: =VLOOKUP(N69,Stock[#Data],4,FALSE) -> 12 | S69: =IFERROR(Table4[[#This Row],[Bottle]]/Table4[[#This Row],[ပါဝင်မှု]]+Table4[[#This Row],[SalesPK]],0) -> 10 | T69: 10 | U69: =Table4[[#This Row],[ပါဝင်မှု]]*Table4[[#This Row],[SalesPK]]+Table4[[#This Row],[Bottle]] -> 120 | V69: =Table4[[#This Row],[SalesBot]]*Table4[[#This Row],[ML]] -> 120 | W69: =VLOOKUP(N69,Stock[#Data],6,FALSE) -> 1675 | X69: =+Table4[[#This Row],[SalesBot]]*Table4[[#This Row],[နှုံး]] -> 201000 | AC69: 201000 | AF69: =Table4[[#This Row],[စာရင်းဖွင့်]]+Table4[[#This Row],[သင့်ငွေ]]-Table4[[#This Row],[ဈေးဟောင်းလျှော့]]-Table4[[#This Row],[‌ကော်မရှင်]]-Table4[[#This Row],[ကြွေးရငွေ]]-Table4[[#This Row],[ကြွေးရငွေ2]] -> 0 | AH69: =Table4[[#This Row],[Date]] -> 46027 | AI69: =TEXT(AH69,"mmm") -> Jan | AJ69: =TEXT(AH69,"yyyy") -> 2026 | AK69: =Table4[[#This Row],[ကုန်သည်အမည်]] -> ကိုကျော်မြင့် | AL69: =Table4[[#This Row],[Township]] -> Maw La Myaing | AM69: =Table4[[#This Row],[WholeSales]] -> Van Sales | AN69: =Table4[[#This Row],[Particular]] -> ကုန်ရောင်း(လက်ငင်း) | AO69: =Table4[[#This Row],[StockName]] -> "ဇေ" ကော်ဘူး (1 Liter) | AP69: =Table4[[#This Row],[Parking]] -> 10 | AQ69: =Table4[[#This Row],[SalesBot]] -> 120 | AR69: =Table4[[#This Row],[Liter]] -> 120
A70: =YEAR(C70) -> 2026 | B70: =MONTH(C70) -> 1 | C70: 46027 | D70: =TODAY() -> 46097 | E70: =DATEDIF(C70,D70,"M")&"-Months" -> 2-Months | F70: =VLOOKUP(N70,Stock[#Data],5,FALSE) -> BE | G70: 05221 | I70: Outlet | J70: =VLOOKUP(I70,Customers[#Data],2,FALSE) -> Outlet | K70: =VLOOKUP(I70,Customers[#Data],4,FALSE) -> Maw La Myaing | L70: =VLOOKUP(I70,Customers[#Data],5,FALSE) -> Van Sales | M70: ကုန်ရောင်း(လက်ငင်း) | N70: Zay .35li-12(8.3.2025) | O70: =VLOOKUP(N70,Stock[#Data],2,FALSE) -> "ဇေ" ကော်ဘူး (0.35Liter) | P70: =VLOOKUP(N70,Stock[#Data],3,FALSE) -> 0.35 | Q70: =VLOOKUP(N70,Stock[#Data],4,FALSE) -> 40 | S70: =IFERROR(Table4[[#This Row],[Bottle]]/Table4[[#This Row],[ပါဝင်မှု]]+Table4[[#This Row],[SalesPK]],0) -> 1 | T70: 1 | U70: =Table4[[#This Row],[ပါဝင်မှု]]*Table4[[#This Row],[SalesPK]]+Table4[[#This Row],[Bottle]] -> 40 | V70: =Table4[[#This Row],[SalesBot]]*Table4[[#This Row],[ML]] -> 14 | W70: =VLOOKUP(N70,Stock[#Data],6,FALSE) -> 780 | X70: =+Table4[[#This Row],[SalesBot]]*Table4[[#This Row],[နှုံး]] -> 31200 | AC70: 31200 | AF70: =Table4[[#This Row],[စာရင်းဖွင့်]]+Table4[[#This Row],[သင့်ငွေ]]-Table4[[#This Row],[ဈေးဟောင်းလျှော့]]-Table4[[#This Row],[‌ကော်မရှင်]]-Table4[[#This Row],[ကြွေးရငွေ]]-Table4[[#This Row],[ကြွေးရငွေ2]] -> 0 | AH70: =Table4[[#This Row],[Date]] -> 46027 | AI70: =TEXT(AH70,"mmm") -> Jan | AJ70: =TEXT(AH70,"yyyy") -> 2026 | AK70: =Table4[[#This Row],[ကုန်သည်အမည်]] -> Outlet | AL70: =Table4[[#This Row],[Township]] -> Maw La Myaing | AM70: =Table4[[#This Row],[WholeSales]] -> Van Sales | AN70: =Table4[[#This Row],[Particular]] -> ကုန်ရောင်း(လက်ငင်း) | AO70: =Table4[[#This Row],[StockName]] -> "ဇေ" ကော်ဘူး (0.35Liter) | AP70: =Table4[[#This Row],[Parking]] -> 1 | AQ70: =Table4[[#This Row],[SalesBot]] -> 40 | AR70: =Table4[[#This Row],[Liter]] -> 14
A71: =YEAR(C71) -> 2026 | B71: =MONTH(C71) -> 1 | C71: 46027 | D71: =TODAY() -> 46097 | E71: =DATEDIF(C71,D71,"M")&"-Months" -> 2-Months | F71: =VLOOKUP(N71,Stock[#Data],5,FALSE) -> Formula | G71: 05221 | I71: Outlet | J71: =VLOOKUP(I71,Customers[#Data],2,FALSE) -> Outlet | K71: =VLOOKUP(I71,Customers[#Data],4,FALSE) -> Maw La Myaing | L71: =VLOOKUP(I71,Customers[#Data],5,FALSE) -> Van Sales | M71: ကုန်ရောင်း(လက်ငင်း) | N71: FR-350-24-1 | O71: =VLOOKUP(N71,Stock[#Data],2,FALSE) -> Formula Rum 350ml | P71: =VLOOKUP(N71,Stock[#Data],3,FALSE) -> 0.35 | Q71: =VLOOKUP(N71,Stock[#Data],4,FALSE) -> 24 | R71: 13 | S71: =IFERROR(Table4[[#This Row],[Bottle]]/Table4[[#This Row],[ပါဝင်မှု]]+Table4[[#This Row],[SalesPK]],0) -> 1.5416667 | T71: 1 | U71: =Table4[[#This Row],[ပါဝင်မှု]]*Table4[[#This Row],[SalesPK]]+Table4[[#This Row],[Bottle]] -> 37 | V71: =Table4[[#This Row],[SalesBot]]*Table4[[#This Row],[ML]] -> 12.95 | W71: =VLOOKUP(N71,Stock[#Data],6,FALSE) -> 2100 | X71: =+Table4[[#This Row],[SalesBot]]*Table4[[#This Row],[နှုံး]] -> 77700 | AC71: 77700 | AF71: =Table4[[#This Row],[စာရင်းဖွင့်]]+Table4[[#This Row],[သင့်ငွေ]]-Table4[[#This Row],[ဈေးဟောင်းလျှော့]]-Table4[[#This Row],[‌ကော်မရှင်]]-Table4[[#This Row],[ကြွေးရငွေ]]-Table4[[#This Row],[ကြွေးရငွေ2]] -> 0 | AH71: =Table4[[#This Row],[Date]] -> 46027 | AI71: =TEXT(AH71,"mmm") -> Jan | AJ71: =TEXT(AH71,"yyyy") -> 2026 | AK71: =Table4[[#This Row],[ကုန်သည်အမည်]] -> Outlet | AL71: =Table4[[#This Row],[Township]] -> Maw La Myaing | AM71: =Table4[[#This Row],[WholeSales]] -> Van Sales | AN71: =Table4[[#This Row],[Particular]] -> ကုန်ရောင်း(လက်ငင်း) | AO71: =Table4[[#This Row],[StockName]] -> Formula Rum 350ml | AP71: =Table4[[#This Row],[Parking]] -> 1.5416667 | AQ71: =Table4[[#This Row],[SalesBot]] -> 37 | AR71: =Table4[[#This Row],[Liter]] -> 12.95
A72: =YEAR(C72) -> 2026 | B72: =MONTH(C72) -> 1 | C72: 46027 | D72: =TODAY() -> 46097 | E72: =DATEDIF(C72,D72,"M")&"-Months" -> 2-Months | F72: =VLOOKUP(N72,Stock[#Data],5,FALSE) -> BE | G72: 05109 | I72: War Eain | J72: =VLOOKUP(I72,Customers[#Data],2,FALSE) -> ဝါးအိမ် | K72: =VLOOKUP(I72,Customers[#Data],4,FALSE) -> Thein Zayet | L72: =VLOOKUP(I72,Customers[#Data],5,FALSE) -> Mini Whole Sales | M72: ကုန်ရောင်း(လက်ငင်း) | N72: Zay Red-14-005 | O72: =VLOOKUP(N72,Stock[#Data],2,FALSE) -> ဇေယျဝတီ Red | P72: =VLOOKUP(N72,Stock[#Data],3,FALSE) -> 0.64 | Q72: =VLOOKUP(N72,Stock[#Data],4,FALSE) -> 14 | S72: =IFERROR(Table4[[#This Row],[Bottle]]/Table4[[#This Row],[ပါဝင်မှု]]+Table4[[#This Row],[SalesPK]],0) -> 100 | T72: 100 | U72: =Table4[[#This Row],[ပါဝင်မှု]]*Table4[[#This Row],[SalesPK]]+Table4[[#This Row],[Bottle]] -> 1400 | V72: =Table4[[#This Row],[SalesBot]]*Table4[[#This Row],[ML]] -> 896 | W72: =VLOOKUP(N72,Stock[#Data],6,FALSE) -> 1350 | X72: =+Table4[[#This Row],[SalesBot]]*Table4[[#This Row],[နှုံး]] -> 1890000 | AC72: 1890000 | AF72: =Table4[[#This Row],[စာရင်းဖွင့်]]+Table4[[#This Row],[သင့်ငွေ]]-Table4[[#This Row],[ဈေးဟောင်းလျှော့]]-Table4[[#This Row],[‌ကော်မရှင်]]-Table4[[#This Row],[ကြွေးရငွေ]]-Table4[[#This Row],[ကြွေးရငွေ2]] -> 0 | AH72: =Table4[[#This Row],[Date]] -> 46027 | AI72: =TEXT(AH72,"mmm") -> Jan | AJ72: =TEXT(AH72,"yyyy") -> 2026 | AK72: =Table4[[#This Row],[ကုန်သည်အမည်]] -> ဝါးအိမ် | AL72: =Table4[[#This Row],[Township]] -> Thein Zayet | AM72: =Table4[[#This Row],[WholeSales]] -> Mini Whole Sales | AN72: =Table4[[#This Row],[Particular]] -> ကုန်ရောင်း(လက်ငင်း) | AO72: =Table4[[#This Row],[StockName]] -> ဇေယျဝတီ Red | AP72: =Table4[[#This Row],[Parking]] -> 100 | AQ72: =Table4[[#This Row],[SalesBot]] -> 1400 | AR72: =Table4[[#This Row],[Liter]] -> 896
A73: =YEAR(C73) -> 2026 | B73: =MONTH(C73) -> 1 | C73: 46027 | D73: =TODAY() -> 46097 | E73: =DATEDIF(C73,D73,"M")&"-Months" -> 2-Months | F73: =VLOOKUP(N73,Stock[#Data],5,FALSE) -> BE | G73: 05109 | I73: War Eain | J73: =VLOOKUP(I73,Customers[#Data],2,FALSE) -> ဝါးအိမ် | K73: =VLOOKUP(I73,Customers[#Data],4,FALSE) -> Thein Zayet | L73: =VLOOKUP(I73,Customers[#Data],5,FALSE) -> Mini Whole Sales | M73: ကုန်ရောင်း(လက်ငင်း) | N73: Zay Red 1Li-003(8.3.2025) | O73: =VLOOKUP(N73,Stock[#Data],2,FALSE) -> ဇေယျဝတီ Red (1 Liter) 30% | P73: =VLOOKUP(N73,Stock[#Data],3,FALSE) -> 1 | Q73: =VLOOKUP(N73,Stock[#Data],4,FALSE) -> 12 | S73: =IFERROR(Table4[[#This Row],[Bottle]]/Table4[[#This Row],[ပါဝင်မှု]]+Table4[[#This Row],[SalesPK]],0) -> 125 | T73: 125 | U73: =Table4[[#This Row],[ပါဝင်မှု]]*Table4[[#This Row],[SalesPK]]+Table4[[#This Row],[Bottle]] -> 1500 | V73: =Table4[[#This Row],[SalesBot]]*Table4[[#This Row],[ML]] -> 1500 | W73: =VLOOKUP(N73,Stock[#Data],6,FALSE) -> 1710 | X73: =+Table4[[#This Row],[SalesBot]]*Table4[[#This Row],[နှုံး]] -> 2565000 | AC73: 2565000 | AF73: =Table4[[#This Row],[စာရင်းဖွင့်]]+Table4[[#This Row],[သင့်ငွေ]]-Table4[[#This Row],[ဈေးဟောင်းလျှော့]]-Table4[[#This Row],[‌ကော်မရှင်]]-Table4[[#This Row],[ကြွေးရငွေ]]-Table4[[#This Row],[ကြွေးရငွေ2]] -> 0 | AH73: =Table4[[#This Row],[Date]] -> 46027 | AI73: =TEXT(AH73,"mmm") -> Jan | AJ73: =TEXT(AH73,"yyyy") -> 2026 | AK73: =Table4[[#This Row],[ကုန်သည်အမည်]] -> ဝါးအိမ် | AL73: =Table4[[#This Row],[Township]] -> Thein Zayet | AM73: =Table4[[#This Row],[WholeSales]] -> Mini Whole Sales | AN73: =Table4[[#This Row],[Particular]] -> ကုန်ရောင်း(လက်ငင်း) | AO73: =Table4[[#This Row],[StockName]] -> ဇေယျဝတီ Red (1 Liter) 30% | AP73: =Table4[[#This Row],[Parking]] -> 125 | AQ73: =Table4[[#This Row],[SalesBot]] -> 1500 | AR73: =Table4[[#This Row],[Liter]] -> 1500
A74: =YEAR(C74) -> 2026 | B74: =MONTH(C74) -> 1 | C74: 46028 | D74: =TODAY() -> 46097 | E74: =DATEDIF(C74,D74,"M")&"-Months" -> 2-Months | F74: =VLOOKUP(N74,Stock[#Data],5,FALSE) -> BE | G74: 05228 | I74: Kyaw Star | J74: =VLOOKUP(I74,Customers[#Data],2,FALSE) -> ကျော်စတား | K74: =VLOOKUP(I74,Customers[#Data],4,FALSE) -> Yay | L74: =VLOOKUP(I74,Customers[#Data],5,FALSE) -> WholeSales | M74: ကုန်ရောင်း(အကြွေး) | N74: Zay Red-14-005 | O74: =VLOOKUP(N74,Stock[#Data],2,FALSE) -> ဇေယျဝတီ Red | P74: =VLOOKUP(N74,Stock[#Data],3,FALSE) -> 0.64 | Q74: =VLOOKUP(N74,Stock[#Data],4,FALSE) -> 14 | S74: =IFERROR(Table4[[#This Row],[Bottle]]/Table4[[#This Row],[ပါဝင်မှု]]+Table4[[#This Row],[SalesPK]],0) -> 100 | T74: 100 | U74: =Table4[[#This Row],[ပါဝင်မှု]]*Table4[[#This Row],[SalesPK]]+Table4[[#This Row],[Bottle]] -> 1400 | V74: =Table4[[#This Row],[SalesBot]]*Table4[[#This Row],[ML]] -> 896 | W74: =VLOOKUP(N74,Stock[#Data],6,FALSE) -> 1350 | X74: =+Table4[[#This Row],[SalesBot]]*Table4[[#This Row],[နှုံး]] -> 1890000 | AB74: 46039 | AC74: 1890000 | AF74: =Table4[[#This Row],[စာရင်းဖွင့်]]+Table4[[#This Row],[သင့်ငွေ]]-Table4[[#This Row],[ဈေးဟောင်းလျှော့]]-Table4[[#This Row],[‌ကော်မရှင်]]-Table4[[#This Row],[ကြွေးရငွေ]]-Table4[[#This Row],[ကြွေးရငွေ2]] -> 0 | AH74: =Table4[[#This Row],[Date]] -> 46028 | AI74: =TEXT(AH74,"mmm") -> Jan | AJ74: =TEXT(AH74,"yyyy") -> 2026 | AK74: =Table4[[#This Row],[ကုန်သည်အမည်]] -> ကျော်စတား | AL74: =Table4[[#This Row],[Township]] -> Yay | AM74: =Table4[[#This Row],[WholeSales]] -> WholeSales | AN74: =Table4[[#This Row],[Particular]] -> ကုန်ရောင်း(အကြွေး) | AO74: =Table4[[#This Row],[StockName]] -> ဇေယျဝတီ Red | AP74: =Table4[[#This Row],[Parking]] -> 100 | AQ74: =Table4[[#This Row],[SalesBot]] -> 1400 | AR74: =Table4[[#This Row],[Liter]] -> 896
A75: =YEAR(C75) -> 2026 | B75: =MONTH(C75) -> 1 | C75: 46028 | D75: =TODAY() -> 46097 | E75: =DATEDIF(C75,D75,"M")&"-Months" -> 2-Months | F75: =VLOOKUP(N75,Stock[#Data],5,FALSE) -> BE | G75: 05229 | I75: Kyaw Star | J75: =VLOOKUP(I75,Customers[#Data],2,FALSE) -> ကျော်စတား | K75: =VLOOKUP(I75,Customers[#Data],4,FALSE) -> Yay | L75: =VLOOKUP(I75,Customers[#Data],5,FALSE) -> WholeSales | M75: ကုန်ရောင်း(အကြွေး) | N75: Zay Red-14-005 | O75: =VLOOKUP(N75,Stock[#Data],2,FALSE) -> ဇေယျဝတီ Red | P75: =VLOOKUP(N75,Stock[#Data],3,FALSE) -> 0.64 | Q75: =VLOOKUP(N75,Stock[#Data],4,FALSE) -> 14 | S75: =IFERROR(Table4[[#This Row],[Bottle]]/Table4[[#This Row],[ပါဝင်မှု]]+Table4[[#This Row],[SalesPK]],0) -> 100 | T75: 100 | U75: =Table4[[#This Row],[ပါဝင်မှု]]*Table4[[#This Row],[SalesPK]]+Table4[[#This Row],[Bottle]] -> 1400 | V75: =Table4[[#This Row],[SalesBot]]*Table4[[#This Row],[ML]] -> 896 | W75: =VLOOKUP(N75,Stock[#Data],6,FALSE) -> 1350 | X75: =+Table4[[#This Row],[SalesBot]]*Table4[[#This Row],[နှုံး]] -> 1890000 | AB75: 46039 | AC75: 1890000 | AF75: =Table4[[#This Row],[စာရင်းဖွင့်]]+Table4[[#This Row],[သင့်ငွေ]]-Table4[[#This Row],[ဈေးဟောင်းလျှော့]]-Table4[[#This Row],[‌ကော်မရှင်]]-Table4[[#This Row],[ကြွေးရငွေ]]-Table4[[#This Row],[ကြွေးရငွေ2]] -> 0 | AH75: =Table4[[#This Row],[Date]] -> 46028 | AI75: =TEXT(AH75,"mmm") -> Jan | AJ75: =TEXT(AH75,"yyyy") -> 2026 | AK75: =Table4[[#This Row],[ကုန်သည်အမည်]] -> ကျော်စတား | AL75: =Table4[[#This Row],[Township]] -> Yay | AM75: =Table4[[#This Row],[WholeSales]] -> WholeSales | AN75: =Table4[[#This Row],[Particular]] -> ကုန်ရောင်း(အကြွေး) | AO75: =Table4[[#This Row],[StockName]] -> ဇေယျဝတီ Red | AP75: =Table4[[#This Row],[Parking]] -> 100 | AQ75: =Table4[[#This Row],[SalesBot]] -> 1400 | AR75: =Table4[[#This Row],[Liter]] -> 896
A76: =YEAR(C76) -> 2026 | B76: =MONTH(C76) -> 1 | C76: 46028 | D76: =TODAY() -> 46097 | E76: =DATEDIF(C76,D76,"M")&"-Months" -> 2-Months | F76: =VLOOKUP(N76,Stock[#Data],5,FALSE) -> BE | G76: 05229 | I76: Kyaw Star | J76: =VLOOKUP(I76,Customers[#Data],2,FALSE) -> ကျော်စတား | K76: =VLOOKUP(I76,Customers[#Data],4,FALSE) -> Yay | L76: =VLOOKUP(I76,Customers[#Data],5,FALSE) -> WholeSales | M76: ကုန်ရောင်း(အကြွေး) | N76: Zay Red 1Li-003(8.3.2025) | O76: =VLOOKUP(N76,Stock[#Data],2,FALSE) -> ဇေယျဝတီ Red (1 Liter) 30% | P76: =VLOOKUP(N76,Stock[#Data],3,FALSE) -> 1 | Q76: =VLOOKUP(N76,Stock[#Data],4,FALSE) -> 12 | S76: =IFERROR(Table4[[#This Row],[Bottle]]/Table4[[#This Row],[ပါဝင်မှု]]+Table4[[#This Row],[SalesPK]],0) -> 100 | T76: 100 | U76: =Table4[[#This Row],[ပါဝင်မှု]]*Table4[[#This Row],[SalesPK]]+Table4[[#This Row],[Bottle]] -> 1200 | V76: =Table4[[#This Row],[SalesBot]]*Table4[[#This Row],[ML]] -> 1200 | W76: =VLOOKUP(N76,Stock[#Data],6,FALSE) -> 1710 | X76: =+Table4[[#This Row],[SalesBot]]*Table4[[#This Row],[နှုံး]] -> 2052000 | AB76: 46039 | AC76: 2052000 | AF76: =Table4[[#This Row],[စာရင်းဖွင့်]]+Table4[[#This Row],[သင့်ငွေ]]-Table4[[#This Row],[ဈေးဟောင်းလျှော့]]-Table4[[#This Row],[‌ကော်မရှင်]]-Table4[[#This Row],[ကြွေးရငွေ]]-Table4[[#This Row],[ကြွေးရငွေ2]] -> 0 | AH76: =Table4[[#This Row],[Date]] -> 46028 | AI76: =TEXT(AH76,"mmm") -> Jan | AJ76: =TEXT(AH76,"yyyy") -> 2026 | AK76: =Table4[[#This Row],[ကုန်သည်အမည်]] -> ကျော်စတား | AL76: =Table4[[#This Row],[Township]] -> Yay | AM76: =Table4[[#This Row],[WholeSales]] -> WholeSales | AN76: =Table4[[#This Row],[Particular]] -> ကုန်ရောင်း(အကြွေး) | AO76: =Table4[[#This Row],[StockName]] -> ဇေယျဝတီ Red (1 Liter) 30% | AP76: =Table4[[#This Row],[Parking]] -> 100 | AQ76: =Table4[[#This Row],[SalesBot]] -> 1200 | AR76: =Table4[[#This Row],[Liter]] -> 1200
A77: =YEAR(C77) -> 2026 | B77: =MONTH(C77) -> 1 | C77: 46028 | D77: =TODAY() -> 46097 | E77: =DATEDIF(C77,D77,"M")&"-Months" -> 2-Months | F77: =VLOOKUP(N77,Stock[#Data],5,FALSE) -> BE | G77: 05227 | I77: Daw Htun May | J77: =VLOOKUP(I77,Customers[#Data],2,FALSE) -> ဒေါ်ထွန်းမေ | K77: =VLOOKUP(I77,Customers[#Data],4,FALSE) -> Maw La Myaing | L77: =VLOOKUP(I77,Customers[#Data],5,FALSE) -> WholeSales | M77: ကုန်ရောင်း(အကြွေး) | N77: DG-24-003(8.3.2025) | O77: =VLOOKUP(N77,Stock[#Data],2,FALSE) -> ဒဂုံအရက်သန့် | P77: =VLOOKUP(N77,Stock[#Data],3,FALSE) -> 0.64 | Q77: =VLOOKUP(N77,Stock[#Data],4,FALSE) -> 24 | S77: =IFERROR(Table4[[#This Row],[Bottle]]/Table4[[#This Row],[ပါဝင်မှု]]+Table4[[#This Row],[SalesPK]],0) -> 60 | T77: 60 | U77: =Table4[[#This Row],[ပါဝင်မှု]]*Table4[[#This Row],[SalesPK]]+Table4[[#This Row],[Bottle]] -> 1440 | V77: =Table4[[#This Row],[SalesBot]]*Table4[[#This Row],[ML]] -> 921.6 | W77: =VLOOKUP(N77,Stock[#Data],6,FALSE) -> 1350 | X77: =+Table4[[#This Row],[SalesBot]]*Table4[[#This Row],[နှုံး]] -> 1944000 | AB77: 46039 | AC77: 1944000 | AF77: =Table4[[#This Row],[စာရင်းဖွင့်]]+Table4[[#This Row],[သင့်ငွေ]]-Table4[[#This Row],[ဈေးဟောင်းလျှော့]]-Table4[[#This Row],[‌ကော်မရှင်]]-Table4[[#This Row],[ကြွေးရငွေ]]-Table4[[#This Row],[ကြွေးရငွေ2]] -> 0 | AH77: =Table4[[#This Row],[Date]] -> 46028 | AI77: =TEXT(AH77,"mmm") -> Jan | AJ77: =TEXT(AH77,"yyyy") -> 2026 | AK77: =Table4[[#This Row],[ကုန်သည်အမည်]] -> ဒေါ်ထွန်းမေ | AL77: =Table4[[#This Row],[Township]] -> Maw La Myaing | AM77: =Table4[[#This Row],[WholeSales]] -> WholeSales | AN77: =Table4[[#This Row],[Particular]] -> ကုန်ရောင်း(အကြွေး) | AO77: =Table4[[#This Row],[StockName]] -> ဒဂုံအရက်သန့် | AP77: =Table4[[#This Row],[Parking]] -> 60 | AQ77: =Table4[[#This Row],[SalesBot]] -> 1440 | AR77: =Table4[[#This Row],[Liter]] -> 921.6
A78: =YEAR(C78) -> 2026 | B78: =MONTH(C78) -> 1 | C78: 46028 | D78: =TODAY() -> 46097 | E78: =DATEDIF(C78,D78,"M")&"-Months" -> 2-Months | F78: =VLOOKUP(N78,Stock[#Data],5,FALSE) -> BE | G78: 05222 | I78: ko myo aung | J78: =VLOOKUP(I78,Customers[#Data],2,FALSE) -> ကိုမျိုးအောင် | K78: =VLOOKUP(I78,Customers[#Data],4,FALSE) -> Maw La Myaing | L78: =VLOOKUP(I78,Customers[#Data],5,FALSE) -> WholeSales | M78: ကုန်ရောင်း(လက်ငင်း) | N78: Zay Vodka-1(8.3.2025) | O78: =VLOOKUP(N78,Stock[#Data],2,FALSE) -> ဇေ Vodka | P78: =VLOOKUP(N78,Stock[#Data],3,FALSE) -> 0.64 | Q78: =VLOOKUP(N78,Stock[#Data],4,FALSE) -> 14 | S78: =IFERROR(Table4[[#This Row],[Bottle]]/Table4[[#This Row],[ပါဝင်မှု]]+Table4[[#This Row],[SalesPK]],0) -> 20 | T78: 20 | U78: =Table4[[#This Row],[ပါဝင်မှု]]*Table4[[#This Row],[SalesPK]]+Table4[[#This Row],[Bottle]] -> 280 | V78: =Table4[[#This Row],[SalesBot]]*Table4[[#This Row],[ML]] -> 179.2 | W78: =VLOOKUP(N78,Stock[#Data],6,FALSE) -> 1400 | X78: =+Table4[[#This Row],[SalesBot]]*Table4[[#This Row],[နှုံး]] -> 392000 | AC78: 392000 | AF78: =Table4[[#This Row],[စာရင်းဖွင့်]]+Table4[[#This Row],[သင့်ငွေ]]-Table4[[#This Row],[ဈေးဟောင်းလျှော့]]-Table4[[#This Row],[‌ကော်မရှင်]]-Table4[[#This Row],[ကြွေးရငွေ]]-Table4[[#This Row],[ကြွေးရငွေ2]] -> 0 | AH78: =Table4[[#This Row],[Date]] -> 46028 | AI78: =TEXT(AH78,"mmm") -> Jan | AJ78: =TEXT(AH78,"yyyy") -> 2026 | AK78: =Table4[[#This Row],[ကုန်သည်အမည်]] -> ကိုမျိုးအောင် | AL78: =Table4[[#This Row],[Township]] -> Maw La Myaing | AM78: =Table4[[#This Row],[WholeSales]] -> WholeSales | AN78: =Table4[[#This Row],[Particular]] -> ကုန်ရောင်း(လက်ငင်း) | AO78: =Table4[[#This Row],[StockName]] -> ဇေ Vodka | AP78: =Table4[[#This Row],[Parking]] -> 20 | AQ78: =Table4[[#This Row],[SalesBot]] -> 280 | AR78: =Table4[[#This Row],[Liter]] -> 179.2
A79: =YEAR(C79) -> 2026 | B79: =MONTH(C79) -> 1 | C79: 46028 | D79: =TODAY() -> 46097 | E79: =DATEDIF(C79,D79,"M")&"-Months" -> 2-Months | F79: =VLOOKUP(N79,Stock[#Data],5,FALSE) -> BE | G79: 05222 | I79: ko myo aung | J79: =VLOOKUP(I79,Customers[#Data],2,FALSE) -> ကိုမျိုးအောင် | K79: =VLOOKUP(I79,Customers[#Data],4,FALSE) -> Maw La Myaing | L79: =VLOOKUP(I79,Customers[#Data],5,FALSE) -> WholeSales | M79: ကုန်ရောင်း(လက်ငင်း) | N79: Zay Red High-14-004(8.3.2025) | O79: =VLOOKUP(N79,Stock[#Data],2,FALSE) -> ဇေယျဝတီ High 43% | P79: =VLOOKUP(N79,Stock[#Data],3,FALSE) -> 0.64 | Q79: =VLOOKUP(N79,Stock[#Data],4,FALSE) -> 14 | S79: =IFERROR(Table4[[#This Row],[Bottle]]/Table4[[#This Row],[ပါဝင်မှု]]+Table4[[#This Row],[SalesPK]],0) -> 20 | T79: 20 | U79: =Table4[[#This Row],[ပါဝင်မှု]]*Table4[[#This Row],[SalesPK]]+Table4[[#This Row],[Bottle]] -> 280 | V79: =Table4[[#This Row],[SalesBot]]*Table4[[#This Row],[ML]] -> 179.2 | W79: =VLOOKUP(N79,Stock[#Data],6,FALSE) -> 1500 | X79: =+Table4[[#This Row],[SalesBot]]*Table4[[#This Row],[နှုံး]] -> 420000 | AC79: 420000 | AF79: =Table4[[#This Row],[စာရင်းဖွင့်]]+Table4[[#This Row],[သင့်ငွေ]]-Table4[[#This Row],[ဈေးဟောင်းလျှော့]]-Table4[[#This Row],[‌ကော်မရှင်]]-Table4[[#This Row],[ကြွေးရငွေ]]-Table4[[#This Row],[ကြွေးရငွေ2]] -> 0 | AH79: =Table4[[#This Row],[Date]] -> 46028 | AI79: =TEXT(AH79,"mmm") -> Jan | AJ79: =TEXT(AH79,"yyyy") -> 2026 | AK79: =Table4[[#This Row],[ကုန်သည်အမည်]] -> ကိုမျိုးအောင် | AL79: =Table4[[#This Row],[Township]] -> Maw La Myaing | AM79: =Table4[[#This Row],[WholeSales]] -> WholeSales | AN79: =Table4[[#This Row],[Particular]] -> ကုန်ရောင်း(လက်ငင်း) | AO79: =Table4[[#This Row],[StockName]] -> ဇေယျဝတီ High 43% | AP79: =Table4[[#This Row],[Parking]] -> 20 | AQ79: =Table4[[#This Row],[SalesBot]] -> 280 | AR79: =Table4[[#This Row],[Liter]] -> 179.2
A80: =YEAR(C80) -> 2026 | B80: =MONTH(C80) -> 1 | C80: 46028 | D80: =TODAY() -> 46097 | E80: =DATEDIF(C80,D80,"M")&"-Months" -> 2-Months | F80: =VLOOKUP(N80,Stock[#Data],5,FALSE) -> BE | G80: 05226 | I80: Daw Htun May | J80: =VLOOKUP(I80,Customers[#Data],2,FALSE) -> ဒေါ်ထွန်းမေ | K80: =VLOOKUP(I80,Customers[#Data],4,FALSE) -> Maw La Myaing | L80: =VLOOKUP(I80,Customers[#Data],5,FALSE) -> WholeSales | M80: ကုန်ရောင်း(လက်ငင်း) | N80: Zay Red-14-005 | O80: =VLOOKUP(N80,Stock[#Data],2,FALSE) -> ဇေယျဝတီ Red | P80: =VLOOKUP(N80,Stock[#Data],3,FALSE) -> 0.64 | Q80: =VLOOKUP(N80,Stock[#Data],4,FALSE) -> 14 | S80: =IFERROR(Table4[[#This Row],[Bottle]]/Table4[[#This Row],[ပါဝင်မှု]]+Table4[[#This Row],[SalesPK]],0) -> 50 | T80: 50 | U80: =Table4[[#This Row],[ပါဝင်မှု]]*Table4[[#This Row],[SalesPK]]+Table4[[#This Row],[Bottle]] -> 700 | V80: =Table4[[#This Row],[SalesBot]]*Table4[[#This Row],[ML]] -> 448 | W80: =VLOOKUP(N80,Stock[#Data],6,FALSE) -> 1350 | X80: =+Table4[[#This Row],[SalesBot]]*Table4[[#This Row],[နှုံး]] -> 945000 | AC80: 945000 | AF80: =Table4[[#This Row],[စာရင်းဖွင့်]]+Table4[[#This Row],[သင့်ငွေ]]-Table4[[#This Row],[ဈေးဟောင်းလျှော့]]-Table4[[#This Row],[‌ကော်မရှင်]]-Table4[[#This Row],[ကြွေးရငွေ]]-Table4[[#This Row],[ကြွေးရငွေ2]] -> 0 | AH80: =Table4[[#This Row],[Date]] -> 46028 | AI80: =TEXT(AH80,"mmm") -> Jan | AJ80: =TEXT(AH80,"yyyy") -> 2026 | AK80: =Table4[[#This Row],[ကုန်သည်အမည်]] -> ဒေါ်ထွန်းမေ | AL80: =Table4[[#This Row],[Township]] -> Maw La Myaing | AM80: =Table4[[#This Row],[WholeSales]] -> WholeSales | AN80: =Table4[[#This Row],[Particular]] -> ကုန်ရောင်း(လက်ငင်း) | AO80: =Table4[[#This Row],[StockName]] -> ဇေယျဝတီ Red | AP80: =Table4[[#This Row],[Parking]] -> 50 | AQ80: =Table4[[#This Row],[SalesBot]] -> 700 | AR80: =Table4[[#This Row],[Liter]] -> 448
A81: =YEAR(C81) -> 2026 | B81: =MONTH(C81) -> 1 | C81: 46028 | D81: =TODAY() -> 46097 | E81: =DATEDIF(C81,D81,"M")&"-Months" -> 2-Months | F81: =VLOOKUP(N81,Stock[#Data],5,FALSE) -> BE | G81: 05225 | I81: ko myo aung | J81: =VLOOKUP(I81,Customers[#Data],2,FALSE) -> ကိုမျိုးအောင် | K81: =VLOOKUP(I81,Customers[#Data],4,FALSE) -> Maw La Myaing | L81: =VLOOKUP(I81,Customers[#Data],5,FALSE) -> WholeSales | M81: ကုန်ရောင်း(လက်ငင်း) | N81: Zay Red 1Li-003(8.3.2025) | O81: =VLOOKUP(N81,Stock[#Data],2,FALSE) -> ဇေယျဝတီ Red (1 Liter) 30% | P81: =VLOOKUP(N81,Stock[#Data],3,FALSE) -> 1 | Q81: =VLOOKUP(N81,Stock[#Data],4,FALSE) -> 12 | S81: =IFERROR(Table4[[#This Row],[Bottle]]/Table4[[#This Row],[ပါဝင်မှု]]+Table4[[#This Row],[SalesPK]],0) -> 20 | T81: 20 | U81: =Table4[[#This Row],[ပါဝင်မှု]]*Table4[[#This Row],[SalesPK]]+Table4[[#This Row],[Bottle]] -> 240 | V81: =Table4[[#This Row],[SalesBot]]*Table4[[#This Row],[ML]] -> 240 | W81: =VLOOKUP(N81,Stock[#Data],6,FALSE) -> 1710 | X81: =+Table4[[#This Row],[SalesBot]]*Table4[[#This Row],[နှုံး]] -> 410400 | AC81: 410400 | AF81: =Table4[[#This Row],[စာရင်းဖွင့်]]+Table4[[#This Row],[သင့်ငွေ]]-Table4[[#This Row],[ဈေးဟောင်းလျှော့]]-Table4[[#This Row],[‌ကော်မရှင်]]-Table4[[#This Row],[ကြွေးရငွေ]]-Table4[[#This Row],[ကြွေးရငွေ2]] -> 0 | AH81: =Table4[[#This Row],[Date]] -> 46028 | AI81: =TEXT(AH81,"mmm") -> Jan | AJ81: =TEXT(AH81,"yyyy") -> 2026 | AK81: =Table4[[#This Row],[ကုန်သည်အမည်]] -> ကိုမျိုးအောင် | AL81: =Table4[[#This Row],[Township]] -> Maw La Myaing | AM81: =Table4[[#This Row],[WholeSales]] -> WholeSales | AN81: =Table4[[#This Row],[Particular]] -> ကုန်ရောင်း(လက်ငင်း) | AO81: =Table4[[#This Row],[StockName]] -> ဇေယျဝတီ Red (1 Liter) 30% | AP81: =Table4[[#This Row],[Parking]] -> 20 | AQ81: =Table4[[#This Row],[SalesBot]] -> 240 | AR81: =Table4[[#This Row],[Liter]] -> 240
A82: =YEAR(C82) -> 2026 | B82: =MONTH(C82) -> 1 | C82: 46028 | D82: =TODAY() -> 46097 | E82: =DATEDIF(C82,D82,"M")&"-Months" -> 2-Months | F82: =VLOOKUP(N82,Stock[#Data],5,FALSE) -> BE | G82: 05232 | I82: Ko Ye | J82: =VLOOKUP(I82,Customers[#Data],2,FALSE) -> ကိုရဲ | K82: =VLOOKUP(I82,Customers[#Data],4,FALSE) -> Yay | L82: =VLOOKUP(I82,Customers[#Data],5,FALSE) -> Van Sales | M82: ကုန်ရောင်း(လက်ငင်း) | N82: Zay Red 1Li-003(8.3.2025) | O82: =VLOOKUP(N82,Stock[#Data],2,FALSE) -> ဇေယျဝတီ Red (1 Liter) 30% | P82: =VLOOKUP(N82,Stock[#Data],3,FALSE) -> 1 | Q82: =VLOOKUP(N82,Stock[#Data],4,FALSE) -> 12 | S82: =IFERROR(Table4[[#This Row],[Bottle]]/Table4[[#This Row],[ပါဝင်မှု]]+Table4[[#This Row],[SalesPK]],0) -> 50 | T82: 50 | U82: =Table4[[#This Row],[ပါဝင်မှု]]*Table4[[#This Row],[SalesPK]]+Table4[[#This Row],[Bottle]] -> 600 | V82: =Table4[[#This Row],[SalesBot]]*Table4[[#This Row],[ML]] -> 600 | W82: =VLOOKUP(N82,Stock[#Data],6,FALSE) -> 1710 | X82: =+Table4[[#This Row],[SalesBot]]*Table4[[#This Row],[နှုံး]] -> 1026000 | AC82: 1026000 | AF82: =Table4[[#This Row],[စာရင်းဖွင့်]]+Table4[[#This Row],[သင့်ငွေ]]-Table4[[#This Row],[ဈေးဟောင်းလျှော့]]-Table4[[#This Row],[‌ကော်မရှင်]]-Table4[[#This Row],[ကြွေးရငွေ]]-Table4[[#This Row],[ကြွေးရငွေ2]] -> 0 | AH82: =Table4[[#This Row],[Date]] -> 46028 | AI82: =TEXT(AH82,"mmm") -> Jan | AJ82: =TEXT(AH82,"yyyy") -> 2026 | AK82: =Table4[[#This Row],[ကုန်သည်အမည်]] -> ကိုရဲ | AL82: =Table4[[#This Row],[Township]] -> Yay | AM82: =Table4[[#This Row],[WholeSales]] -> Van Sales | AN82: =Table4[[#This Row],[Particular]] -> ကုန်ရောင်း(လက်ငင်း) | AO82: =Table4[[#This Row],[StockName]] -> ဇေယျဝတီ Red (1 Liter) 30% | AP82: =Table4[[#This Row],[Parking]] -> 50 | AQ82: =Table4[[#This Row],[SalesBot]] -> 600 | AR82: =Table4[[#This Row],[Liter]] -> 600
A83: =YEAR(C83) -> 2026 | B83: =MONTH(C83) -> 1 | C83: 46028 | D83: =TODAY() -> 46097 | E83: =DATEDIF(C83,D83,"M")&"-Months" -> 2-Months | F83: =VLOOKUP(N83,Stock[#Data],5,FALSE) -> BE | G83: 05215 | I83: Win Aung Shwe | J83: =VLOOKUP(I83,Customers[#Data],2,FALSE) -> ၀င်းအောင်ရွှေ | K83: =VLOOKUP(I83,Customers[#Data],4,FALSE) -> Hpa-an | L83: =VLOOKUP(I83,Customers[#Data],5,FALSE) -> SemiWholeSales | M83: ကုန်ရောင်း(လက်ငင်း) | N83: Zay Red 1Li-003(8.3.2025) | O83: =VLOOKUP(N83,Stock[#Data],2,FALSE) -> ဇေယျဝတီ Red (1 Liter) 30% | P83: =VLOOKUP(N83,Stock[#Data],3,FALSE) -> 1 | Q83: =VLOOKUP(N83,Stock[#Data],4,FALSE) -> 12 | S83: =IFERROR(Table4[[#This Row],[Bottle]]/Table4[[#This Row],[ပါဝင်မှု]]+Table4[[#This Row],[SalesPK]],0) -> 50 | T83: 50 | U83: =Table4[[#This Row],[ပါဝင်မှု]]*Table4[[#This Row],[SalesPK]]+Table4[[#This Row],[Bottle]] -> 600 | V83: =Table4[[#This Row],[SalesBot]]*Table4[[#This Row],[ML]] -> 600 | W83: =VLOOKUP(N83,Stock[#Data],6,FALSE) -> 1710 | X83: =+Table4[[#This Row],[SalesBot]]*Table4[[#This Row],[နှုံး]] -> 1026000 | AC83: 1026000 | AF83: =Table4[[#This Row],[စာရင်းဖွင့်]]+Table4[[#This Row],[သင့်ငွေ]]-Table4[[#This Row],[ဈေးဟောင်းလျှော့]]-Table4[[#This Row],[‌ကော်မရှင်]]-Table4[[#This Row],[ကြွေးရငွေ]]-Table4[[#This Row],[ကြွေးရငွေ2]] -> 0 | AH83: =Table4[[#This Row],[Date]] -> 46028 | AI83: =TEXT(AH83,"mmm") -> Jan | AJ83: =TEXT(AH83,"yyyy") -> 2026 | AK83: =Table4[[#This Row],[ကုန်သည်အမည်]] -> ၀င်းအောင်ရွှေ | AL83: =Table4[[#This Row],[Township]] -> Hpa-an | AM83: =Table4[[#This Row],[WholeSales]] -> SemiWholeSales | AN83: =Table4[[#This Row],[Particular]] -> ကုန်ရောင်း(လက်ငင်း) | AO83: =Table4[[#This Row],[StockName]] -> ဇေယျဝတီ Red (1 Liter) 30% | AP83: =Table4[[#This Row],[Parking]] -> 50 | AQ83: =Table4[[#This Row],[SalesBot]] -> 600 | AR83: =Table4[[#This Row],[Liter]] -> 600
A84: =YEAR(C84) -> 2026 | B84: =MONTH(C84) -> 1 | C84: 46028 | D84: =TODAY() -> 46097 | E84: =DATEDIF(C84,D84,"M")&"-Months" -> 2-Months | F84: =VLOOKUP(N84,Stock[#Data],5,FALSE) -> BE | G84: 05253 | I84: U Hla Win | J84: =VLOOKUP(I84,Customers[#Data],2,FALSE) -> ဦးလှ၀င်း | K84: =VLOOKUP(I84,Customers[#Data],4,FALSE) -> Hpa-an | L84: =VLOOKUP(I84,Customers[#Data],5,FALSE) -> Mini Whole Sales | M84: ကုန်ရောင်း(လက်ငင်း) | N84: Zay .1Li-12-003(8.3.2025) | O84: =VLOOKUP(N84,Stock[#Data],2,FALSE) -> "ဇေ" ကော်ဘူး (1 Liter) | P84: =VLOOKUP(N84,Stock[#Data],3,FALSE) -> 1 | Q84: =VLOOKUP(N84,Stock[#Data],4,FALSE) -> 12 | S84: =IFERROR(Table4[[#This Row],[Bottle]]/Table4[[#This Row],[ပါဝင်မှု]]+Table4[[#This Row],[SalesPK]],0) -> 30 | T84: 30 | U84: =Table4[[#This Row],[ပါဝင်မှု]]*Table4[[#This Row],[SalesPK]]+Table4[[#This Row],[Bottle]] -> 360 | V84: =Table4[[#This Row],[SalesBot]]*Table4[[#This Row],[ML]] -> 360 | W84: =VLOOKUP(N84,Stock[#Data],6,FALSE) -> 1675 | X84: =+Table4[[#This Row],[SalesBot]]*Table4[[#This Row],[နှုံး]] -> 603000 | AC84: 603000 | AF84: =Table4[[#This Row],[စာရင်းဖွင့်]]+Table4[[#This Row],[သင့်ငွေ]]-Table4[[#This Row],[ဈေးဟောင်းလျှော့]]-Table4[[#This Row],[‌ကော်မရှင်]]-Table4[[#This Row],[ကြွေးရငွေ]]-Table4[[#This Row],[ကြွေးရငွေ2]] -> 0 | AH84: =Table4[[#This Row],[Date]] -> 46028 | AI84: =TEXT(AH84,"mmm") -> Jan | AJ84: =TEXT(AH84,"yyyy") -> 2026 | AK84: =Table4[[#This Row],[ကုန်သည်အမည်]] -> ဦးလှ၀င်း | AL84: =Table4[[#This Row],[Township]] -> Hpa-an | AM84: =Table4[[#This Row],[WholeSales]] -> Mini Whole Sales | AN84: =Table4[[#This Row],[Particular]] -> ကုန်ရောင်း(လက်ငင်း) | AO84: =Table4[[#This Row],[StockName]] -> "ဇေ" ကော်ဘူး (1 Liter) | AP84: =Table4[[#This Row],[Parking]] -> 30 | AQ84: =Table4[[#This Row],[SalesBot]] -> 360 | AR84: =Table4[[#This Row],[Liter]] -> 360
A85: =YEAR(C85) -> 2026 | B85: =MONTH(C85) -> 1 | C85: 46028 | D85: =TODAY() -> 46097 | E85: =DATEDIF(C85,D85,"M")&"-Months" -> 2-Months | F85: =VLOOKUP(N85,Stock[#Data],5,FALSE) -> BE | G85: 05253 | I85: U Hla Win | J85: =VLOOKUP(I85,Customers[#Data],2,FALSE) -> ဦးလှ၀င်း | K85: =VLOOKUP(I85,Customers[#Data],4,FALSE) -> Hpa-an | L85: =VLOOKUP(I85,Customers[#Data],5,FALSE) -> Mini Whole Sales | M85: ကုန်ရောင်း(လက်ငင်း) | N85: Zay .35li-12(8.3.2025) | O85: =VLOOKUP(N85,Stock[#Data],2,FALSE) -> "ဇေ" ကော်ဘူး (0.35Liter) | P85: =VLOOKUP(N85,Stock[#Data],3,FALSE) -> 0.35 | Q85: =VLOOKUP(N85,Stock[#Data],4,FALSE) -> 40 | S85: =IFERROR(Table4[[#This Row],[Bottle]]/Table4[[#This Row],[ပါဝင်မှု]]+Table4[[#This Row],[SalesPK]],0) -> 20 | T85: 20 | U85: =Table4[[#This Row],[ပါဝင်မှု]]*Table4[[#This Row],[SalesPK]]+Table4[[#This Row],[Bottle]] -> 800 | V85: =Table4[[#This Row],[SalesBot]]*Table4[[#This Row],[ML]] -> 280 | W85: =VLOOKUP(N85,Stock[#Data],6,FALSE) -> 780 | X85: =+Table4[[#This Row],[SalesBot]]*Table4[[#This Row],[နှုံး]] -> 624000 | AC85: 624000 | AF85: =Table4[[#This Row],[စာရင်းဖွင့်]]+Table4[[#This Row],[သင့်ငွေ]]-Table4[[#This Row],[ဈေးဟောင်းလျှော့]]-Table4[[#This Row],[‌ကော်မရှင်]]-Table4[[#This Row],[ကြွေးရငွေ]]-Table4[[#This Row],[ကြွေးရငွေ2]] -> 0 | AH85: =Table4[[#This Row],[Date]] -> 46028 | AI85: =TEXT(AH85,"mmm") -> Jan | AJ85: =TEXT(AH85,"yyyy") -> 2026 | AK85: =Table4[[#This Row],[ကုန်သည်အမည်]] -> ဦးလှ၀င်း | AL85: =Table4[[#This Row],[Township]] -> Hpa-an | AM85: =Table4[[#This Row],[WholeSales]] -> Mini Whole Sales | AN85: =Table4[[#This Row],[Particular]] -> ကုန်ရောင်း(လက်ငင်း) | AO85: =Table4[[#This Row],[StockName]] -> "ဇေ" ကော်ဘူး (0.35Liter) | AP85: =Table4[[#This Row],[Parking]] -> 20 | AQ85: =Table4[[#This Row],[SalesBot]] -> 800 | AR85: =Table4[[#This Row],[Liter]] -> 280
A86: =YEAR(C86) -> 2026 | B86: =MONTH(C86) -> 1 | C86: 46028 | D86: =TODAY() -> 46097 | E86: =DATEDIF(C86,D86,"M")&"-Months" -> 2-Months | F86: =VLOOKUP(N86,Stock[#Data],5,FALSE) -> BE | G86: 05252 | I86: Ma Maw | J86: =VLOOKUP(I86,Customers[#Data],2,FALSE) -> မမော် | K86: =VLOOKUP(I86,Customers[#Data],4,FALSE) -> Hpa-an | L86: =VLOOKUP(I86,Customers[#Data],5,FALSE) -> SemiWholeSales | M86: ကုန်ရောင်း(လက်ငင်း) | N86: Zay .1Li-12-003(8.3.2025) | O86: =VLOOKUP(N86,Stock[#Data],2,FALSE) -> "ဇေ" ကော်ဘူး (1 Liter) | P86: =VLOOKUP(N86,Stock[#Data],3,FALSE) -> 1 | Q86: =VLOOKUP(N86,Stock[#Data],4,FALSE) -> 12 | S86: =IFERROR(Table4[[#This Row],[Bottle]]/Table4[[#This Row],[ပါဝင်မှု]]+Table4[[#This Row],[SalesPK]],0) -> 70 | T86: 70 | U86: =Table4[[#This Row],[ပါဝင်မှု]]*Table4[[#This Row],[SalesPK]]+Table4[[#This Row],[Bottle]] -> 840 | V86: =Table4[[#This Row],[SalesBot]]*Table4[[#This Row],[ML]] -> 840 | W86: =VLOOKUP(N86,Stock[#Data],6,FALSE) -> 1675 | X86: =+Table4[[#This Row],[SalesBot]]*Table4[[#This Row],[နှုံး]] -> 1407000 | AC86: 1407000 | AF86: =Table4[[#This Row],[စာရင်းဖွင့်]]+Table4[[#This Row],[သင့်ငွေ]]-Table4[[#This Row],[ဈေးဟောင်းလျှော့]]-Table4[[#This Row],[‌ကော်မရှင်]]-Table4[[#This Row],[ကြွေးရငွေ]]-Table4[[#This Row],[ကြွေးရငွေ2]] -> 0 | AH86: =Table4[[#This Row],[Date]] -> 46028 | AI86: =TEXT(AH86,"mmm") -> Jan | AJ86: =TEXT(AH86,"yyyy") -> 2026 | AK86: =Table4[[#This Row],[ကုန်သည်အမည်]] -> မမော် | AL86: =Table4[[#This Row],[Township]] -> Hpa-an | AM86: =Table4[[#This Row],[WholeSales]] -> SemiWholeSales | AN86: =Table4[[#This Row],[Particular]] -> ကုန်ရောင်း(လက်ငင်း) | AO86: =Table4[[#This Row],[StockName]] -> "ဇေ" ကော်ဘူး (1 Liter) | AP86: =Table4[[#This Row],[Parking]] -> 70 | AQ86: =Table4[[#This Row],[SalesBot]] -> 840 | AR86: =Table4[[#This Row],[Liter]] -> 840
A87: =YEAR(C87) -> 2026 | B87: =MONTH(C87) -> 1 | C87: 46028 | D87: =TODAY() -> 46097 | E87: =DATEDIF(C87,D87,"M")&"-Months" -> 2-Months | F87: =VLOOKUP(N87,Stock[#Data],5,FALSE) -> BE | G87: 05254 | I87: T Narr Lay | J87: =VLOOKUP(I87,Customers[#Data],2,FALSE) -> တီနားလေး | K87: =VLOOKUP(I87,Customers[#Data],4,FALSE) -> Hpa-an | L87: =VLOOKUP(I87,Customers[#Data],5,FALSE) -> Van Sales | M87: ကုန်ရောင်း(လက်ငင်း) | N87: Zay .1Li-12-003(8.3.2025) | O87: =VLOOKUP(N87,Stock[#Data],2,FALSE) -> "ဇေ" ကော်ဘူး (1 Liter) | P87: =VLOOKUP(N87,Stock[#Data],3,FALSE) -> 1 | Q87: =VLOOKUP(N87,Stock[#Data],4,FALSE) -> 12 | S87: =IFERROR(Table4[[#This Row],[Bottle]]/Table4[[#This Row],[ပါဝင်မှု]]+Table4[[#This Row],[SalesPK]],0) -> 50 | T87: 50 | U87: =Table4[[#This Row],[ပါဝင်မှု]]*Table4[[#This Row],[SalesPK]]+Table4[[#This Row],[Bottle]] -> 600 | V87: =Table4[[#This Row],[SalesBot]]*Table4[[#This Row],[ML]] -> 600 | W87: =VLOOKUP(N87,Stock[#Data],6,FALSE) -> 1675 | X87: =+Table4[[#This Row],[SalesBot]]*Table4[[#This Row],[နှုံး]] -> 1005000 | AC87: 1005000 | AF87: =Table4[[#This Row],[စာရင်းဖွင့်]]+Table4[[#This Row],[သင့်ငွေ]]-Table4[[#This Row],[ဈေးဟောင်းလျှော့]]-Table4[[#This Row],[‌ကော်မရှင်]]-Table4[[#This Row],[ကြွေးရငွေ]]-Table4[[#This Row],[ကြွေးရငွေ2]] -> 0 | AH87: =Table4[[#This Row],[Date]] -> 46028 | AI87: =TEXT(AH87,"mmm") -> Jan | AJ87: =TEXT(AH87,"yyyy") -> 2026 | AK87: =Table4[[#This Row],[ကုန်သည်အမည်]] -> တီနားလေး | AL87: =Table4[[#This Row],[Township]] -> Hpa-an | AM87: =Table4[[#This Row],[WholeSales]] -> Van Sales | AN87: =Table4[[#This Row],[Particular]] -> ကုန်ရောင်း(လက်ငင်း) | AO87: =Table4[[#This Row],[StockName]] -> "ဇေ" ကော်ဘူး (1 Liter) | AP87: =Table4[[#This Row],[Parking]] -> 50 | AQ87: =Table4[[#This Row],[SalesBot]] -> 600 | AR87: =Table4[[#This Row],[Liter]] -> 600
A88: =YEAR(C88) -> 2026 | B88: =MONTH(C88) -> 1 | C88: 46029 | D88: =TODAY() -> 46097 | E88: =DATEDIF(C88,D88,"M")&"-Months" -> 2-Months | F88: =VLOOKUP(N88,Stock[#Data],5,FALSE) -> BE | G88: 02534 | I88: Ko Mg+Ma Thu Zar | J88: =VLOOKUP(I88,Customers[#Data],2,FALSE) -> ကိုမောင်+မသူဇာ | K88: =VLOOKUP(I88,Customers[#Data],4,FALSE) -> Yay | L88: =VLOOKUP(I88,Customers[#Data],5,FALSE) -> WholeSales | M88: ကုန်ရောင်း(အကြွေး) | N88: Zay Red 1Li-003(8.3.2025) | O88: =VLOOKUP(N88,Stock[#Data],2,FALSE) -> ဇေယျဝတီ Red (1 Liter) 30% | P88: =VLOOKUP(N88,Stock[#Data],3,FALSE) -> 1 | Q88: =VLOOKUP(N88,Stock[#Data],4,FALSE) -> 12 | S88: =IFERROR(Table4[[#This Row],[Bottle]]/Table4[[#This Row],[ပါဝင်မှု]]+Table4[[#This Row],[SalesPK]],0) -> 50 | T88: 50 | U88: =Table4[[#This Row],[ပါဝင်မှု]]*Table4[[#This Row],[SalesPK]]+Table4[[#This Row],[Bottle]] -> 600 | V88: =Table4[[#This Row],[SalesBot]]*Table4[[#This Row],[ML]] -> 600 | W88: =VLOOKUP(N88,Stock[#Data],6,FALSE) -> 1710 | X88: =+Table4[[#This Row],[SalesBot]]*Table4[[#This Row],[နှုံး]] -> 1026000 | AB88: 46043 | AC88: 1026000 | AF88: =Table4[[#This Row],[စာရင်းဖွင့်]]+Table4[[#This Row],[သင့်ငွေ]]-Table4[[#This Row],[ဈေးဟောင်းလျှော့]]-Table4[[#This Row],[‌ကော်မရှင်]]-Table4[[#This Row],[ကြွေးရငွေ]]-Table4[[#This Row],[ကြွေးရငွေ2]] -> 0 | AH88: =Table4[[#This Row],[Date]] -> 46029 | AI88: =TEXT(AH88,"mmm") -> Jan | AJ88: =TEXT(AH88,"yyyy") -> 2026 | AK88: =Table4[[#This Row],[ကုန်သည်အမည်]] -> ကိုမောင်+မသူဇာ | AL88: =Table4[[#This Row],[Township]] -> Yay | AM88: =Table4[[#This Row],[WholeSales]] -> WholeSales | AN88: =Table4[[#This Row],[Particular]] -> ကုန်ရောင်း(အကြွေး) | AO88: =Table4[[#This Row],[StockName]] -> ဇေယျဝတီ Red (1 Liter) 30% | AP88: =Table4[[#This Row],[Parking]] -> 50 | AQ88: =Table4[[#This Row],[SalesBot]] -> 600 | AR88: =Table4[[#This Row],[Liter]] -> 600
A89: =YEAR(C89) -> 2026 | B89: =MONTH(C89) -> 1 | C89: 46029 | D89: =TODAY() -> 46097 | E89: =DATEDIF(C89,D89,"M")&"-Months" -> 2-Months | F89: =VLOOKUP(N89,Stock[#Data],5,FALSE) -> BE | G89: 05240 | I89: A Nae Gyi | J89: =VLOOKUP(I89,Customers[#Data],2,FALSE) -> အနဲကြီး | K89: =VLOOKUP(I89,Customers[#Data],4,FALSE) -> Maw La Myaing | L89: =VLOOKUP(I89,Customers[#Data],5,FALSE) -> Mini Whole Sales | M89: ကုန်ရောင်း(လက်ငင်း) | N89: Zay Vodka-1(8.3.2025) | O89: =VLOOKUP(N89,Stock[#Data],2,FALSE) -> ဇေ Vodka | P89: =VLOOKUP(N89,Stock[#Data],3,FALSE) -> 0.64 | Q89: =VLOOKUP(N89,Stock[#Data],4,FALSE) -> 14 | S89: =IFERROR(Table4[[#This Row],[Bottle]]/Table4[[#This Row],[ပါဝင်မှု]]+Table4[[#This Row],[SalesPK]],0) -> 10 | T89: 10 | U89: =Table4[[#This Row],[ပါဝင်မှု]]*Table4[[#This Row],[SalesPK]]+Table4[[#This Row],[Bottle]] -> 140 | V89: =Table4[[#This Row],[SalesBot]]*Table4[[#This Row],[ML]] -> 89.6 | W89: =VLOOKUP(N89,Stock[#Data],6,FALSE) -> 1400 | X89: =+Table4[[#This Row],[SalesBot]]*Table4[[#This Row],[နှုံး]] -> 196000 | AC89: 196000 | AF89: =Table4[[#This Row],[စာရင်းဖွင့်]]+Table4[[#This Row],[သင့်ငွေ]]-Table4[[#This Row],[ဈေးဟောင်းလျှော့]]-Table4[[#This Row],[‌ကော်မရှင်]]-Table4[[#This Row],[ကြွေးရငွေ]]-Table4[[#This Row],[ကြွေးရငွေ2]] -> 0 | AH89: =Table4[[#This Row],[Date]] -> 46029 | AI89: =TEXT(AH89,"mmm") -> Jan | AJ89: =TEXT(AH89,"yyyy") -> 2026 | AK89: =Table4[[#This Row],[ကုန်သည်အမည်]] -> အနဲကြီး | AL89: =Table4[[#This Row],[Township]] -> Maw La Myaing | AM89: =Table4[[#This Row],[WholeSales]] -> Mini Whole Sales | AN89: =Table4[[#This Row],[Particular]] -> ကုန်ရောင်း(လက်ငင်း) | AO89: =Table4[[#This Row],[StockName]] -> ဇေ Vodka | AP89: =Table4[[#This Row],[Parking]] -> 10 | AQ89: =Table4[[#This Row],[SalesBot]] -> 140 | AR89: =Table4[[#This Row],[Liter]] -> 89.6
A90: =YEAR(C90) -> 2026 | B90: =MONTH(C90) -> 1 | C90: 46029 | D90: =TODAY() -> 46097 | E90: =DATEDIF(C90,D90,"M")&"-Months" -> 2-Months | F90: =VLOOKUP(N90,Stock[#Data],5,FALSE) -> BE | G90: 05233 | I90: pyae Hlan | J90: =VLOOKUP(I90,Customers[#Data],2,FALSE) -> ပြည့်လျှံ | K90: =VLOOKUP(I90,Customers[#Data],4,FALSE) -> Maw La Myaing | L90: =VLOOKUP(I90,Customers[#Data],5,FALSE) -> WholeSales | M90: ကုန်ရောင်း(လက်ငင်း) | N90: Zay Vodka-1(8.3.2025) | O90: =VLOOKUP(N90,Stock[#Data],2,FALSE) -> ဇေ Vodka | P90: =VLOOKUP(N90,Stock[#Data],3,FALSE) -> 0.64 | Q90: =VLOOKUP(N90,Stock[#Data],4,FALSE) -> 14 | S90: =IFERROR(Table4[[#This Row],[Bottle]]/Table4[[#This Row],[ပါဝင်မှု]]+Table4[[#This Row],[SalesPK]],0) -> 100 | T90: 100 | U90: =Table4[[#This Row],[ပါဝင်မှု]]*Table4[[#This Row],[SalesPK]]+Table4[[#This Row],[Bottle]] -> 1400 | V90: =Table4[[#This Row],[SalesBot]]*Table4[[#This Row],[ML]] -> 896 | W90: =VLOOKUP(N90,Stock[#Data],6,FALSE) -> 1400 | X90: =+Table4[[#This Row],[SalesBot]]*Table4[[#This Row],[နှုံး]] -> 1960000 | AC90: 1960000 | AF90: =Table4[[#This Row],[စာရင်းဖွင့်]]+Table4[[#This Row],[သင့်ငွေ]]-Table4[[#This Row],[ဈေးဟောင်းလျှော့]]-Table4[[#This Row],[‌ကော်မရှင်]]-Table4[[#This Row],[ကြွေးရငွေ]]-Table4[[#This Row],[ကြွေးရငွေ2]] -> 0 | AH90: =Table4[[#This Row],[Date]] -> 46029 | AI90: =TEXT(AH90,"mmm") -> Jan | AJ90: =TEXT(AH90,"yyyy") -> 2026 | AK90: =Table4[[#This Row],[ကုန်သည်အမည်]] -> ပြည့်လျှံ | AL90: =Table4[[#This Row],[Township]] -> Maw La Myaing | AM90: =Table4[[#This Row],[WholeSales]] -> WholeSales | AN90: =Table4[[#This Row],[Particular]] -> ကုန်ရောင်း(လက်ငင်း) | AO90: =Table4[[#This Row],[StockName]] -> ဇေ Vodka | AP90: =Table4[[#This Row],[Parking]] -> 100 | AQ90: =Table4[[#This Row],[SalesBot]] -> 1400 | AR90: =Table4[[#This Row],[Liter]] -> 896
A91: =YEAR(C91) -> 2026 | B91: =MONTH(C91) -> 1 | C91: 46029 | D91: =TODAY() -> 46097 | E91: =DATEDIF(C91,D91,"M")&"-Months" -> 2-Months | F91: =VLOOKUP(N91,Stock[#Data],5,FALSE) -> BE | G91: 05233 | I91: pyae Hlan | J91: =VLOOKUP(I91,Customers[#Data],2,FALSE) -> ပြည့်လျှံ | K91: =VLOOKUP(I91,Customers[#Data],4,FALSE) -> Maw La Myaing | L91: =VLOOKUP(I91,Customers[#Data],5,FALSE) -> WholeSales | M91: ကုန်ရောင်း(လက်ငင်း) | N91: Zay Red 1Li-003(8.3.2025) | O91: =VLOOKUP(N91,Stock[#Data],2,FALSE) -> ဇေယျဝတီ Red (1 Liter) 30% | P91: =VLOOKUP(N91,Stock[#Data],3,FALSE) -> 1 | Q91: =VLOOKUP(N91,Stock[#Data],4,FALSE) -> 12 | S91: =IFERROR(Table4[[#This Row],[Bottle]]/Table4[[#This Row],[ပါဝင်မှု]]+Table4[[#This Row],[SalesPK]],0) -> 200 | T91: 200 | U91: =Table4[[#This Row],[ပါဝင်မှု]]*Table4[[#This Row],[SalesPK]]+Table4[[#This Row],[Bottle]] -> 2400 | V91: =Table4[[#This Row],[SalesBot]]*Table4[[#This Row],[ML]] -> 2400 | W91: =VLOOKUP(N91,Stock[#Data],6,FALSE) -> 1710 | X91: =+Table4[[#This Row],[SalesBot]]*Table4[[#This Row],[နှုံး]] -> 4104000 | AC91: 4104000 | AF91: =Table4[[#This Row],[စာရင်းဖွင့်]]+Table4[[#This Row],[သင့်ငွေ]]-Table4[[#This Row],[ဈေးဟောင်းလျှော့]]-Table4[[#This Row],[‌ကော်မရှင်]]-Table4[[#This Row],[ကြွေးရငွေ]]-Table4[[#This Row],[ကြွေးရငွေ2]] -> 0 | AH91: =Table4[[#This Row],[Date]] -> 46029 | AI91: =TEXT(AH91,"mmm") -> Jan | AJ91: =TEXT(AH91,"yyyy") -> 2026 | AK91: =Table4[[#This Row],[ကုန်သည်အမည်]] -> ပြည့်လျှံ | AL91: =Table4[[#This Row],[Township]] -> Maw La Myaing | AM91: =Table4[[#This Row],[WholeSales]] -> WholeSales | AN91: =Table4[[#This Row],[Particular]] -> ကုန်ရောင်း(လက်ငင်း) | AO91: =Table4[[#This Row],[StockName]] -> ဇေယျဝတီ Red (1 Liter) 30% | AP91: =Table4[[#This Row],[Parking]] -> 200 | AQ91: =Table4[[#This Row],[SalesBot]] -> 2400 | AR91: =Table4[[#This Row],[Liter]] -> 2400
A92: =YEAR(C92) -> 2026 | B92: =MONTH(C92) -> 1 | C92: 46029 | D92: =TODAY() -> 46097 | E92: =DATEDIF(C92,D92,"M")&"-Months" -> 2-Months | F92: =VLOOKUP(N92,Stock[#Data],5,FALSE) -> BE | G92: 05237 | I92: ko kyaw Shwe | J92: =VLOOKUP(I92,Customers[#Data],2,FALSE) -> ကိုကျော်ရွှေ | K92: =VLOOKUP(I92,Customers[#Data],4,FALSE) -> Mudon | L92: =VLOOKUP(I92,Customers[#Data],5,FALSE) -> SemiWholeSales | M92: ကုန်ရောင်း(လက်ငင်း) | N92: Zay Red ပု-14-003(8.3.2025) | O92: =VLOOKUP(N92,Stock[#Data],2,FALSE) -> ဇေယျဝတီ Red(ပု) | P92: =VLOOKUP(N92,Stock[#Data],3,FALSE) -> 0.64 | Q92: =VLOOKUP(N92,Stock[#Data],4,FALSE) -> 14 | S92: =IFERROR(Table4[[#This Row],[Bottle]]/Table4[[#This Row],[ပါဝင်မှု]]+Table4[[#This Row],[SalesPK]],0) -> 50 | T92: 50 | U92: =Table4[[#This Row],[ပါဝင်မှု]]*Table4[[#This Row],[SalesPK]]+Table4[[#This Row],[Bottle]] -> 700 | V92: =Table4[[#This Row],[SalesBot]]*Table4[[#This Row],[ML]] -> 448 | W92: =VLOOKUP(N92,Stock[#Data],6,FALSE) -> 1800 | X92: =+Table4[[#This Row],[SalesBot]]*Table4[[#This Row],[နှုံး]] -> 1260000 | AC92: 1260000 | AF92: =Table4[[#This Row],[စာရင်းဖွင့်]]+Table4[[#This Row],[သင့်ငွေ]]-Table4[[#This Row],[ဈေးဟောင်းလျှော့]]-Table4[[#This Row],[‌ကော်မရှင်]]-Table4[[#This Row],[ကြွေးရငွေ]]-Table4[[#This Row],[ကြွေးရငွေ2]] -> 0 | AH92: =Table4[[#This Row],[Date]] -> 46029 | AI92: =TEXT(AH92,"mmm") -> Jan | AJ92: =TEXT(AH92,"yyyy") -> 2026 | AK92: =Table4[[#This Row],[ကုန်သည်အမည်]] -> ကိုကျော်ရွှေ | AL92: =Table4[[#This Row],[Township]] -> Mudon | AM92: =Table4[[#This Row],[WholeSales]] -> SemiWholeSales | AN92: =Table4[[#This Row],[Particular]] -> ကုန်ရောင်း(လက်ငင်း) | AO92: =Table4[[#This Row],[StockName]] -> ဇေယျဝတီ Red(ပု) | AP92: =Table4[[#This Row],[Parking]] -> 50 | AQ92: =Table4[[#This Row],[SalesBot]] -> 700 | AR92: =Table4[[#This Row],[Liter]] -> 448
A93: =YEAR(C93) -> 2026 | B93: =MONTH(C93) -> 1 | C93: 46029 | D93: =TODAY() -> 46097 | E93: =DATEDIF(C93,D93,"M")&"-Months" -> 2-Months | F93: =VLOOKUP(N93,Stock[#Data],5,FALSE) -> BE | G93: 05236 | I93: moe san | J93: =VLOOKUP(I93,Customers[#Data],2,FALSE) -> မိုးဆမ်း | K93: =VLOOKUP(I93,Customers[#Data],4,FALSE) -> Mudon | L93: =VLOOKUP(I93,Customers[#Data],5,FALSE) -> SemiWholeSales | M93: ကုန်ရောင်း(လက်ငင်း) | N93: Zay Red ပု-14-003(8.3.2025) | O93: =VLOOKUP(N93,Stock[#Data],2,FALSE) -> ဇေယျဝတီ Red(ပု) | P93: =VLOOKUP(N93,Stock[#Data],3,FALSE) -> 0.64 | Q93: =VLOOKUP(N93,Stock[#Data],4,FALSE) -> 14 | S93: =IFERROR(Table4[[#This Row],[Bottle]]/Table4[[#This Row],[ပါဝင်မှု]]+Table4[[#This Row],[SalesPK]],0) -> 50 | T93: 50 | U93: =Table4[[#This Row],[ပါဝင်မှု]]*Table4[[#This Row],[SalesPK]]+Table4[[#This Row],[Bottle]] -> 700 | V93: =Table4[[#This Row],[SalesBot]]*Table4[[#This Row],[ML]] -> 448 | W93: =VLOOKUP(N93,Stock[#Data],6,FALSE) -> 1800 | X93: =+Table4[[#This Row],[SalesBot]]*Table4[[#This Row],[နှုံး]] -> 1260000 | AC93: 1260000 | AF93: =Table4[[#This Row],[စာရင်းဖွင့်]]+Table4[[#This Row],[သင့်ငွေ]]-Table4[[#This Row],[ဈေးဟောင်းလျှော့]]-Table4[[#This Row],[‌ကော်မရှင်]]-Table4[[#This Row],[ကြွေးရငွေ]]-Table4[[#This Row],[ကြွေးရငွေ2]] -> 0 | AH93: =Table4[[#This Row],[Date]] -> 46029 | AI93: =TEXT(AH93,"mmm") -> Jan | AJ93: =TEXT(AH93,"yyyy") -> 2026 | AK93: =Table4[[#This Row],[ကုန်သည်အမည်]] -> မိုးဆမ်း | AL93: =Table4[[#This Row],[Township]] -> Mudon | AM93: =Table4[[#This Row],[WholeSales]] -> SemiWholeSales | AN93: =Table4[[#This Row],[Particular]] -> ကုန်ရောင်း(လက်ငင်း) | AO93: =Table4[[#This Row],[StockName]] -> ဇေယျဝတီ Red(ပု) | AP93: =Table4[[#This Row],[Parking]] -> 50 | AQ93: =Table4[[#This Row],[SalesBot]] -> 700 | AR93: =Table4[[#This Row],[Liter]] -> 448
A94: =YEAR(C94) -> 2026 | B94: =MONTH(C94) -> 1 | C94: 46029 | D94: =TODAY() -> 46097 | E94: =DATEDIF(C94,D94,"M")&"-Months" -> 2-Months | F94: =VLOOKUP(N94,Stock[#Data],5,FALSE) -> BE | G94: 05239 | I94: ma thida win | J94: =VLOOKUP(I94,Customers[#Data],2,FALSE) -> မသီတာ၀င်း | K94: =VLOOKUP(I94,Customers[#Data],4,FALSE) -> Mudon | L94: =VLOOKUP(I94,Customers[#Data],5,FALSE) -> SemiWholeSales | M94: ကုန်ရောင်း(လက်ငင်း) | N94: Zay Red ပု-14-003(8.3.2025) | O94: =VLOOKUP(N94,Stock[#Data],2,FALSE) -> ဇေယျဝတီ Red(ပု) | P94: =VLOOKUP(N94,Stock[#Data],3,FALSE) -> 0.64 | Q94: =VLOOKUP(N94,Stock[#Data],4,FALSE) -> 14 | S94: =IFERROR(Table4[[#This Row],[Bottle]]/Table4[[#This Row],[ပါဝင်မှု]]+Table4[[#This Row],[SalesPK]],0) -> 49 | T94: 49 | U94: =Table4[[#This Row],[ပါဝင်မှု]]*Table4[[#This Row],[SalesPK]]+Table4[[#This Row],[Bottle]] -> 686 | V94: =Table4[[#This Row],[SalesBot]]*Table4[[#This Row],[ML]] -> 439.04 | W94: =VLOOKUP(N94,Stock[#Data],6,FALSE) -> 1800 | X94: =+Table4[[#This Row],[SalesBot]]*Table4[[#This Row],[နှုံး]] -> 1234800 | AC94: 1234800 | AF94: =Table4[[#This Row],[စာရင်းဖွင့်]]+Table4[[#This Row],[သင့်ငွေ]]-Table4[[#This Row],[ဈေးဟောင်းလျှော့]]-Table4[[#This Row],[‌ကော်မရှင်]]-Table4[[#This Row],[ကြွေးရငွေ]]-Table4[[#This Row],[ကြွေးရငွေ2]] -> 0 | AH94: =Table4[[#This Row],[Date]] -> 46029 | AI94: =TEXT(AH94,"mmm") -> Jan | AJ94: =TEXT(AH94,"yyyy") -> 2026 | AK94: =Table4[[#This Row],[ကုန်သည်အမည်]] -> မသီတာ၀င်း | AL94: =Table4[[#This Row],[Township]] -> Mudon | AM94: =Table4[[#This Row],[WholeSales]] -> SemiWholeSales | AN94: =Table4[[#This Row],[Particular]] -> ကုန်ရောင်း(လက်ငင်း) | AO94: =Table4[[#This Row],[StockName]] -> ဇေယျဝတီ Red(ပု) | AP94: =Table4[[#This Row],[Parking]] -> 49 | AQ94: =Table4[[#This Row],[SalesBot]] -> 686 | AR94: =Table4[[#This Row],[Liter]] -> 439.04
A95: =YEAR(C95) -> 2026 | B95: =MONTH(C95) -> 1 | C95: 46029 | D95: =TODAY() -> 46097 | E95: =DATEDIF(C95,D95,"M")&"-Months" -> 2-Months | F95: =VLOOKUP(N95,Stock[#Data],5,FALSE) -> BE | G95: 05241 | I95: Ko Ye | J95: =VLOOKUP(I95,Customers[#Data],2,FALSE) -> ကိုရဲ | K95: =VLOOKUP(I95,Customers[#Data],4,FALSE) -> Yay | L95: =VLOOKUP(I95,Customers[#Data],5,FALSE) -> Van Sales | M95: ကုန်ရောင်း(လက်ငင်း) | N95: Zay Red 1Li-003(8.3.2025) | O95: =VLOOKUP(N95,Stock[#Data],2,FALSE) -> ဇေယျဝတီ Red (1 Liter) 30% | P95: =VLOOKUP(N95,Stock[#Data],3,FALSE) -> 1 | Q95: =VLOOKUP(N95,Stock[#Data],4,FALSE) -> 12 | S95: =IFERROR(Table4[[#This Row],[Bottle]]/Table4[[#This Row],[ပါဝင်မှု]]+Table4[[#This Row],[SalesPK]],0) -> 50 | T95: 50 | U95: =Table4[[#This Row],[ပါဝင်မှု]]*Table4[[#This Row],[SalesPK]]+Table4[[#This Row],[Bottle]] -> 600 | V95: =Table4[[#This Row],[SalesBot]]*Table4[[#This Row],[ML]] -> 600 | W95: =VLOOKUP(N95,Stock[#Data],6,FALSE) -> 1710 | X95: =+Table4[[#This Row],[SalesBot]]*Table4[[#This Row],[နှုံး]] -> 1026000 | AC95: 1026000 | AF95: =Table4[[#This Row],[စာရင်းဖွင့်]]+Table4[[#This Row],[သင့်ငွေ]]-Table4[[#This Row],[ဈေးဟောင်းလျှော့]]-Table4[[#This Row],[‌ကော်မရှင်]]-Table4[[#This Row],[ကြွေးရငွေ]]-Table4[[#This Row],[ကြွေးရငွေ2]] -> 0 | AH95: =Table4[[#This Row],[Date]] -> 46029 | AI95: =TEXT(AH95,"mmm") -> Jan | AJ95: =TEXT(AH95,"yyyy") -> 2026 | AK95: =Table4[[#This Row],[ကုန်သည်အမည်]] -> ကိုရဲ | AL95: =Table4[[#This Row],[Township]] -> Yay | AM95: =Table4[[#This Row],[WholeSales]] -> Van Sales | AN95: =Table4[[#This Row],[Particular]] -> ကုန်ရောင်း(လက်ငင်း) | AO95: =Table4[[#This Row],[StockName]] -> ဇေယျဝတီ Red (1 Liter) 30% | AP95: =Table4[[#This Row],[Parking]] -> 50 | AQ95: =Table4[[#This Row],[SalesBot]] -> 600 | AR95: =Table4[[#This Row],[Liter]] -> 600
A96: =YEAR(C96) -> 2026 | B96: =MONTH(C96) -> 1 | C96: 46030 | D96: =TODAY() -> 46097 | E96: =DATEDIF(C96,D96,"M")&"-Months" -> 2-Months | F96: =VLOOKUP(N96,Stock[#Data],5,FALSE) -> BE | G96: 05248 | I96: Kyaw Star | J96: =VLOOKUP(I96,Customers[#Data],2,FALSE) -> ကျော်စတား | K96: =VLOOKUP(I96,Customers[#Data],4,FALSE) -> Yay | L96: =VLOOKUP(I96,Customers[#Data],5,FALSE) -> WholeSales | M96: ကုန်ရောင်း(အကြွေး) | N96: Zay Red-14-005 | O96: =VLOOKUP(N96,Stock[#Data],2,FALSE) -> ဇေယျဝတီ Red | P96: =VLOOKUP(N96,Stock[#Data],3,FALSE) -> 0.64 | Q96: =VLOOKUP(N96,Stock[#Data],4,FALSE) -> 14 | S96: =IFERROR(Table4[[#This Row],[Bottle]]/Table4[[#This Row],[ပါဝင်မှု]]+Table4[[#This Row],[SalesPK]],0) -> 100 | T96: 100 | U96: =Table4[[#This Row],[ပါဝင်မှု]]*Table4[[#This Row],[SalesPK]]+Table4[[#This Row],[Bottle]] -> 1400 | V96: =Table4[[#This Row],[SalesBot]]*Table4[[#This Row],[ML]] -> 896 | W96: =VLOOKUP(N96,Stock[#Data],6,FALSE) -> 1350 | X96: =+Table4[[#This Row],[SalesBot]]*Table4[[#This Row],[နှုံး]] -> 1890000 | AB96: 46041 | AC96: 1890000 | AF96: =Table4[[#This Row],[စာရင်းဖွင့်]]+Table4[[#This Row],[သင့်ငွေ]]-Table4[[#This Row],[ဈေးဟောင်းလျှော့]]-Table4[[#This Row],[‌ကော်မရှင်]]-Table4[[#This Row],[ကြွေးရငွေ]]-Table4[[#This Row],[ကြွေးရငွေ2]] -> 0 | AH96: =Table4[[#This Row],[Date]] -> 46030 | AI96: =TEXT(AH96,"mmm") -> Jan | AJ96: =TEXT(AH96,"yyyy") -> 2026 | AK96: =Table4[[#This Row],[ကုန်သည်အမည်]] -> ကျော်စတား | AL96: =Table4[[#This Row],[Township]] -> Yay | AM96: =Table4[[#This Row],[WholeSales]] -> WholeSales | AN96: =Table4[[#This Row],[Particular]] -> ကုန်ရောင်း(အကြွေး) | AO96: =Table4[[#This Row],[StockName]] -> ဇေယျဝတီ Red | AP96: =Table4[[#This Row],[Parking]] -> 100 | AQ96: =Table4[[#This Row],[SalesBot]] -> 1400 | AR96: =Table4[[#This Row],[Liter]] -> 896
A97: =YEAR(C97) -> 2026 | B97: =MONTH(C97) -> 1 | C97: 46030 | D97: =TODAY() -> 46097 | E97: =DATEDIF(C97,D97,"M")&"-Months" -> 2-Months | F97: =VLOOKUP(N97,Stock[#Data],5,FALSE) -> BE | G97: 05248 | I97: Kyaw Star | J97: =VLOOKUP(I97,Customers[#Data],2,FALSE) -> ကျော်စတား | K97: =VLOOKUP(I97,Customers[#Data],4,FALSE) -> Yay | L97: =VLOOKUP(I97,Customers[#Data],5,FALSE) -> WholeSales | M97: ကုန်ရောင်း(အကြွေး) | N97: Zay Red 1Li-003(8.3.2025) | O97: =VLOOKUP(N97,Stock[#Data],2,FALSE) -> ဇေယျဝတီ Red (1 Liter) 30% | P97: =VLOOKUP(N97,Stock[#Data],3,FALSE) -> 1 | Q97: =VLOOKUP(N97,Stock[#Data],4,FALSE) -> 12 | S97: =IFERROR(Table4[[#This Row],[Bottle]]/Table4[[#This Row],[ပါဝင်မှု]]+Table4[[#This Row],[SalesPK]],0) -> 200 | T97: 200 | U97: =Table4[[#This Row],[ပါဝင်မှု]]*Table4[[#This Row],[SalesPK]]+Table4[[#This Row],[Bottle]] -> 2400 | V97: =Table4[[#This Row],[SalesBot]]*Table4[[#This Row],[ML]] -> 2400 | W97: =VLOOKUP(N97,Stock[#Data],6,FALSE) -> 1710 | X97: =+Table4[[#This Row],[SalesBot]]*Table4[[#This Row],[နှုံး]] -> 4104000 | AB97: 46041 | AC97: 4104000 | AF97: =Table4[[#This Row],[စာရင်းဖွင့်]]+Table4[[#This Row],[သင့်ငွေ]]-Table4[[#This Row],[ဈေးဟောင်းလျှော့]]-Table4[[#This Row],[‌ကော်မရှင်]]-Table4[[#This Row],[ကြွေးရငွေ]]-Table4[[#This Row],[ကြွေးရငွေ2]] -> 0 | AH97: =Table4[[#This Row],[Date]] -> 46030 | AI97: =TEXT(AH97,"mmm") -> Jan | AJ97: =TEXT(AH97,"yyyy") -> 2026 | AK97: =Table4[[#This Row],[ကုန်သည်အမည်]] -> ကျော်စတား | AL97: =Table4[[#This Row],[Township]] -> Yay | AM97: =Table4[[#This Row],[WholeSales]] -> WholeSales | AN97: =Table4[[#This Row],[Particular]] -> ကုန်ရောင်း(အကြွေး) | AO97: =Table4[[#This Row],[StockName]] -> ဇေယျဝတီ Red (1 Liter) 30% | AP97: =Table4[[#This Row],[Parking]] -> 200 | AQ97: =Table4[[#This Row],[SalesBot]] -> 2400 | AR97: =Table4[[#This Row],[Liter]] -> 2400
A98: =YEAR(C98) -> 2026 | B98: =MONTH(C98) -> 1 | C98: 46030 | D98: =TODAY() -> 46097 | E98: =DATEDIF(C98,D98,"M")&"-Months" -> 2-Months | F98: =VLOOKUP(N98,Stock[#Data],5,FALSE) -> BE | G98: 05022 | I98: Ko Kyi | J98: =VLOOKUP(I98,Customers[#Data],2,FALSE) -> ကိုကြီး | K98: =VLOOKUP(I98,Customers[#Data],4,FALSE) -> Maw La Myaing | L98: =VLOOKUP(I98,Customers[#Data],5,FALSE) -> Van Sales | M98: ကုန်ရောင်း(လက်ငင်း) | N98: Zay Vodka-1(8.3.2025) | O98: =VLOOKUP(N98,Stock[#Data],2,FALSE) -> ဇေ Vodka | P98: =VLOOKUP(N98,Stock[#Data],3,FALSE) -> 0.64 | Q98: =VLOOKUP(N98,Stock[#Data],4,FALSE) -> 14 | S98: =IFERROR(Table4[[#This Row],[Bottle]]/Table4[[#This Row],[ပါဝင်မှု]]+Table4[[#This Row],[SalesPK]],0) -> 25 | T98: 25 | U98: =Table4[[#This Row],[ပါဝင်မှု]]*Table4[[#This Row],[SalesPK]]+Table4[[#This Row],[Bottle]] -> 350 | V98: =Table4[[#This Row],[SalesBot]]*Table4[[#This Row],[ML]] -> 224 | W98: =VLOOKUP(N98,Stock[#Data],6,FALSE) -> 1400 | X98: =+Table4[[#This Row],[SalesBot]]*Table4[[#This Row],[နှုံး]] -> 490000 | AC98: 490000 | AF98: =Table4[[#This Row],[စာရင်းဖွင့်]]+Table4[[#This Row],[သင့်ငွေ]]-Table4[[#This Row],[ဈေးဟောင်းလျှော့]]-Table4[[#This Row],[‌ကော်မရှင်]]-Table4[[#This Row],[ကြွေးရငွေ]]-Table4[[#This Row],[ကြွေးရငွေ2]] -> 0 | AH98: =Table4[[#This Row],[Date]] -> 46030 | AI98: =TEXT(AH98,"mmm") -> Jan | AJ98: =TEXT(AH98,"yyyy") -> 2026 | AK98: =Table4[[#This Row],[ကုန်သည်အမည်]] -> ကိုကြီး | AL98: =Table4[[#This Row],[Township]] -> Maw La Myaing | AM98: =Table4[[#This Row],[WholeSales]] -> Van Sales | AN98: =Table4[[#This Row],[Particular]] -> ကုန်ရောင်း(လက်ငင်း) | AO98: =Table4[[#This Row],[StockName]] -> ဇေ Vodka | AP98: =Table4[[#This Row],[Parking]] -> 25 | AQ98: =Table4[[#This Row],[SalesBot]] -> 350 | AR98: =Table4[[#This Row],[Liter]] -> 224
A99: =YEAR(C99) -> 2026 | B99: =MONTH(C99) -> 1 | C99: 46030 | D99: =TODAY() -> 46097 | E99: =DATEDIF(C99,D99,"M")&"-Months" -> 2-Months | F99: =VLOOKUP(N99,Stock[#Data],5,FALSE) -> BE | G99: 05245 | I99: Ko Myo Aung | J99: =VLOOKUP(I99,Customers[#Data],2,FALSE) -> ကိုမျိုးအောင် | K99: =VLOOKUP(I99,Customers[#Data],4,FALSE) -> Maw La Myaing | L99: =VLOOKUP(I99,Customers[#Data],5,FALSE) -> WholeSales | M99: ကုန်ရောင်း(လက်ငင်း) | N99: Zay Vodka-1(8.3.2025) | O99: =VLOOKUP(N99,Stock[#Data],2,FALSE) -> ဇေ Vodka | P99: =VLOOKUP(N99,Stock[#Data],3,FALSE) -> 0.64 | Q99: =VLOOKUP(N99,Stock[#Data],4,FALSE) -> 14 | S99: =IFERROR(Table4[[#This Row],[Bottle]]/Table4[[#This Row],[ပါဝင်မှု]]+Table4[[#This Row],[SalesPK]],0) -> 20 | T99: 20 | U99: =Table4[[#This Row],[ပါဝင်မှု]]*Table4[[#This Row],[SalesPK]]+Table4[[#This Row],[Bottle]] -> 280 | V99: =Table4[[#This Row],[SalesBot]]*Table4[[#This Row],[ML]] -> 179.2 | W99: =VLOOKUP(N99,Stock[#Data],6,FALSE) -> 1400 | X99: =+Table4[[#This Row],[SalesBot]]*Table4[[#This Row],[နှုံး]] -> 392000 | AC99: 392000 | AF99: =Table4[[#This Row],[စာရင်းဖွင့်]]+Table4[[#This Row],[သင့်ငွေ]]-Table4[[#This Row],[ဈေးဟောင်းလျှော့]]-Table4[[#This Row],[‌ကော်မရှင်]]-Table4[[#This Row],[ကြွေးရငွေ]]-Table4[[#This Row],[ကြွေးရငွေ2]] -> 0 | AH99: =Table4[[#This Row],[Date]] -> 46030 | AI99: =TEXT(AH99,"mmm") -> Jan | AJ99: =TEXT(AH99,"yyyy") -> 2026 | AK99: =Table4[[#This Row],[ကုန်သည်အမည်]] -> ကိုမျိုးအောင် | AL99: =Table4[[#This Row],[Township]] -> Maw La Myaing | AM99: =Table4[[#This Row],[WholeSales]] -> WholeSales | AN99: =Table4[[#This Row],[Particular]] -> ကုန်ရောင်း(လက်ငင်း) | AO99: =Table4[[#This Row],[StockName]] -> ဇေ Vodka | AP99: =Table4[[#This Row],[Parking]] -> 20 | AQ99: =Table4[[#This Row],[SalesBot]] -> 280 | AR99: =Table4[[#This Row],[Liter]] -> 179.2
A100: =YEAR(C100) -> 2026 | B100: =MONTH(C100) -> 1 | C100: 46030 | D100: =TODAY() -> 46097 | E100: =DATEDIF(C100,D100,"M")&"-Months" -> 2-Months | F100: =VLOOKUP(N100,Stock[#Data],5,FALSE) -> BE | G100: 05023 | I100: Ko Bo Ni | J100: =VLOOKUP(I100,Customers[#Data],2,FALSE) -> ကိုဘိုနီ | K100: =VLOOKUP(I100,Customers[#Data],4,FALSE) -> Belin | L100: =VLOOKUP(I100,Customers[#Data],5,FALSE) -> Van Sales | M100: ကုန်ရောင်း(လက်ငင်း) | N100: Zay Vodka-1(8.3.2025) | O100: =VLOOKUP(N100,Stock[#Data],2,FALSE) -> ဇေ Vodka | P100: =VLOOKUP(N100,Stock[#Data],3,FALSE) -> 0.64 | Q100: =VLOOKUP(N100,Stock[#Data],4,FALSE) -> 14 | S100: =IFERROR(Table4[[#This Row],[Bottle]]/Table4[[#This Row],[ပါဝင်မှု]]+Table4[[#This Row],[SalesPK]],0) -> 10 | T100: 10 | U100: =Table4[[#This Row],[ပါဝင်မှု]]*Table4[[#This Row],[SalesPK]]+Table4[[#This Row],[Bottle]] -> 140 | V100: =Table4[[#This Row],[SalesBot]]*Table4[[#This Row],[ML]] -> 89.6 | W100: =VLOOKUP(N100,Stock[#Data],6,FALSE) -> 1400 | X100: =+Table4[[#This Row],[SalesBot]]*Table4[[#This Row],[နှုံး]] -> 196000 | AC100: 196000 | AF100: =Table4[[#This Row],[စာရင်းဖွင့်]]+Table4[[#This Row],[သင့်ငွေ]]-Table4[[#This Row],[ဈေးဟောင်းလျှော့]]-Table4[[#This Row],[‌ကော်မရှင်]]-Table4[[#This Row],[ကြွေးရငွေ]]-Table4[[#This Row],[ကြွေးရငွေ2]] -> 0 | AH100: =Table4[[#This Row],[Date]] -> 46030 | AI100: =TEXT(AH100,"mmm") -> Jan | AJ100: =TEXT(AH100,"yyyy") -> 2026 | AK100: =Table4[[#This Row],[ကုန်သည်အမည်]] -> ကိုဘိုနီ | AL100: =Table4[[#This Row],[Township]] -> Belin | AM100: =Table4[[#This Row],[WholeSales]] -> Van Sales | AN100: =Table4[[#This Row],[Particular]] -> ကုန်ရောင်း(လက်ငင်း) | AO100: =Table4[[#This Row],[StockName]] -> ဇေ Vodka | AP100: =Table4[[#This Row],[Parking]] -> 10 | AQ100: =Table4[[#This Row],[SalesBot]] -> 140 | AR100: =Table4[[#This Row],[Liter]] -> 89.6
...

Sheet F_U
A1: Team | B1: (Multiple Items)
A2: Particular | B2: (Multiple Items)
A3: Stock Name | B3: (Multiple Items)
A4: Month | B4: Jan
A5: Date | B5: (Multiple Items)
A6: Year | B6: 2026
B8: Values
A9: Customer Name | B9: Sum of Sales Liter | C9: Sum of Sales Bot; | D9: Sum of Sales Ctns
A10: 155 | B10: 15 | C10: 15 | D10: 1.25
A11: ၀င်းအောင်ရွှေ | B11: 3112 | C11: 4120 | D11: 310
A12: ၀မ်းဒေါ်လာ | B12: 448 | C12: 700 | D12: 50
A13: A1 | B13: 1092 | C13: 1470 | D13: 110
A14: Feeling Store | B14: 3 | C14: 3 | D14: 0.25
A15: Friday Mon | B15: 3.5 | C15: 5 | D15: 0.41666667
A16: Golden Bell | B16: 89.6 | C16: 140 | D16: 10
A17: Hi Hi | B17: 53.92 | C17: 64 | D17: 5
A18: KKK | B18: 12.4 | C18: 16 | D18: 1.2142857
A19: KP | B19: 66 | C19: 66 | D19: 5.5
A20: Moon | B20: 5.1 | C20: 6 | D20: 0.5
A21: My-1 | B21: 132 | C21: 132 | D21: 11
A22: My-2 | B22: 144 | C22: 144 | D22: 12
... A134: မ‌ေ၀-၂ | B134: 448 | C134: 700 | D134: 50
A135: 745 | B135: 448 | C135: 700 | D135: 50
A136: သရက်မြိုင် | B136: 137.92 | C136: 148 | D136: 12
A137: ကိုချမ်းသာ | B137: 62.72 | C137: 98 | D137: 7
A138: ကိုအောင် | B138: 36 | C138: 36 | D138: 3
A139: ကိုရှမ်း | B139: 896 | C139: 1400 | D139: 100
A140: Grand Total | B140: 233525.95 | C140: 299175 | D140: 22264.935

Sheet WS_Van
A2: Particular | B2: (Multiple Items)
A3: Stock Name | B3: (Multiple Items)
A4: Date | B4: (All)
A5: Month | B5: Jan
A6: Year | B6: 2026
B8: Values
A9: Team | B9: Sum of Sales Liter | C9: Sum of Sales Bot; | D9: Sum of Sales Ctns
A10: Mini Whole Sales | B10: 8572.8 | C10: 11242 | D10: 831
A11: SemiWholeSales | B11: 33913.68 | C11: 45078 | D11: 3388.5
A12: Van Sales | B12: 28303.63 | C12: 33461 | D12: 2637.4345
A13: WholeSales | B13: 162735.84 | C13: 209394 | D13: 15408
A14: Grand Total | B14: 233525.95 | C14: 299175 | D14: 22264.935

Sheet Follow Up
AE1: Target | AF1: Q1 | AI1: Q2 | AL1: Q3 | AO1: Q4 | AR1: 2025 Total
AF2: January | AG2: February | AH2: March | AI2: April | AJ2: May | AK2: June | AL2: July | AM2: August | AN2: September | AO2: October | AP2: Novermber | AQ2: December
AE3: Target (BOT) | AF3: 350249.1 | AG3: 350249.1 | AH3: 350249.1 | AI3: 323306.86 | AJ3: 323306.86 | AK3: 323306.86 | AL3: 336777.98 | AM3: 336777.98 | AN3: 336777.98 | AO3: 336777.98 | AP3: 336777.98 | AQ3: 336777.98 | AR3: =SUM(AF3:AQ3) -> 4041335.7
AE4: Target (Liters) | AF4: 261295.08 | AG4: 261295.08 | AH4: 261295.08 | AI4: 241195.46 | AJ4: 241195.46 | AK4: 241195.46 | AL4: 251245.27 | AM4: 251245.27 | AN4: 251245.27 | AO4: 251245.27 | AP4: 251245.27 | AQ4: 251245.27 | AR4: =SUM(AF4:AQ4) -> 3014943.2
M5: Time Spend | R5: Jan | W5: Time Spend | AB5: Feb | AD5: 75.027824 | AE5: WS | AF5: =+P32 -> 209394 | AG5: =Z32 -> 209394 | AH5: =+AI32 -> 0 | AI5: =+AW32 -> 0 | AJ5: =+BF32 -> 0 | AK5: =BO32 -> 0 | AL5: =+CC32 -> 0 | AM5: =+CL32 -> 0 | AN5: =+CU32 -> 0 | AO5: =+DI32 -> 0 | AP5: =+DR32 -> 0 | AQ5: =+EA32 -> 0 | AR5: =SUM(AF5:AQ5) -> 418788
A6: Channel | M6: =26/26 -> 1 | O6: 350249 | Q6: 261295 | W6: =1/24 -> 0.041666667 | Y6: 350249 | AA6: 261295 | AD6: 16.624611 | AE6: SWS | AF6: =+P62 -> 43678 | AG6: =Z62 -> 45078 | AH6: =+AI62 -> 0 | AI6: =+AW62 -> 0 | AJ6: =+BF62 -> 0 | AK6: =BO62 -> 0 | AL6: =+CC62 -> 0 | AM6: =+CL62 -> 0 | AN6: =+CU62 -> 0 | AO6: =+DI62 -> 0 | AP6: =+DR62 -> 0 | AQ6: =+EA62 -> 0 | AR6: =SUM(AF6:AQ6) -> 88756
A7: WS | B7: 301Ctns & Above | O7: Bottle | P7: % | Q7: Liter | R7: % | Y7: Bottle | Z7: % | AA7: Liter | AB7: % | AD7: 3.7669226 | AE7: Mini | AF7: =+P83 -> 11242 | AG7: =Z83 -> 11242 | AH7: =+AI83 -> 0 | AI7: =+AW83 -> 0 | AJ7: =+BF83 -> 0 | AK7: =BO83 -> 0 | AL7: =+CC83 -> 0 | AM7: =+CL83 -> 0 | AN7: =+CU83 -> 0 | AO7: =+DI83 -> 0 | AP7: =+DR83 -> 0 | AQ7: =+EA83 -> 0 | AR7: =SUM(AF7:AQ7) -> 22484
A8: Semi | B8: 100Ctns to 300Ctns | N8: WS | O8: =P32 -> 209394 | P8: =O8/J32 -> 0.79682849 | Q8: =Q32 -> 162735.84 | R8: =Q8/K32 -> 0.83009849 | X8: WS | Y8: =Z32 -> 209394 | Z8: =Y8/S32 -> 11.155599 | AA8: =AA32 -> 162735.84 | AB8: =AA8/T32 -> 0.6192754 | AD8: 4.5806423 | AE8: Van | AF8: =+P90 -> 34861 | AG8: =Z90 -> 33461 | AH8: =+AI90 -> 0 | AI8: =+AW90 -> 0 | AJ8: =+BF90 -> 0 | AK8: =BO90 -> 0 | AL8: =+CC90 -> 0 | AM8: =+CL90 -> 0 | AN8: =+CU90 -> 0 | AO8: =+DI90 -> 0 | AP8: =+DR90 -> 0 | AQ8: =+EA90 -> 0 | AR8: =SUM(AF8:AQ8) -> 68322
A9: Mini | B9: 51Ctns to 100Ctns | N9: Semi | O9: =P62 -> 43678 | P9: =O9/J62 -> 0.75012603 | Q9: =Q62 -> 33017.68 | R9: =Q9/K62 -> 0.76008794 | X9: Semi | Y9: =Z62 -> 45078 | Z9: =Y9/S62 -> 10.838375 | AA9: =AA62 -> 33913.68 | AB9: =AA9/T62 -> 0.58243359 | AD9: =SUM(AD5:AD8) -> 100 | AE9: Total Sales(BOT) | AF9: =SUM(AF5:AF8) -> 299175 | AG9: =SUM(AG5:AG8) -> 299175 | AH9: =SUM(AH5:AH8) -> 0 | AI9: =SUM(AI5:AI8) -> 0 | AJ9: =SUM(AJ5:AJ8) -> 0 | AK9: =SUM(AK5:AK8) -> 0 | AL9: =SUM(AL5:AL8) -> 0 | AM9: =SUM(AM5:AM8) -> 0 | ... AR9: =SUM(AR5:AR8) -> 598350
A10: Retail | B10: Below 50Ctns | N10: Mini | O10: =P83 -> 11242 | P10: =O10/J83 -> 0.85207899 | Q10: =Q83 -> 8572.8 | R10: =Q10/K83 -> 0.87097313 | X10: Mini | Y10: =Z83 -> 11242 | Z10: =Y10/S83 -> 11.929106 | AA10: =AA83 -> 8572.8 | AB10: =AA10/T83 -> 0.64976897 | AE10: Total Sales(Liters) | AF10: =SUM(Q32,Q62,Q83,Q90) -> 233525.95 | AG10: =+AA32+AA62+AA83+AA90 -> 233525.95 | AH10: =+AJ90+AJ83+AJ62+AJ32 -> 0 | AI10: =+AX32+AX62+AX83+AX90 -> 0 | AJ10: =+BG32+BG62+BG83+BG90 -> 0 | AK10: =BP32+BP62+BP83+BP90 -> 0 | AL10: =+CD32+CD62+CD83+CD90 -> 0 | AM10: =+CM32+CM62+CM83+CM90 -> 0 | AN10: =+CV32+CV62+CV83+CV90 -> 0 | AO10: =+DJ32+DJ62+DJ83+DJ90 -> 0 | AP10: =+DS32+DS62+DS83+DS90 -> 0 | AQ10: =+EB32+EB62+EB83+EB90 -> 0 | AR10: =SUM(AF10:AQ10) -> 467051.9
N11: Van | O11: =P90 -> 34861 | P11: =O11/J90 -> 2.1728835 | Q11: =Q90 -> 29199.63 | R11: =Q11/K90 -> 2.4396062 | X11: Van | Y11: =Z90 -> 33461 | Z11: =Y11/S90 -> 29.198702 | AA11: =AA90 -> 28303.63 | AB11: =AA11/T90 -> 1.7641631 | AE11: Ach % (BOT) | AF11: =+AF9/AF3 -> 0.85417779 | AG11: =+AG9/AG3 -> 0.85417779 | AH11: =+AH9/AH3 -> 0 | AI11: =+AI9/AI3 -> 0 | AJ11: =+AJ9/AJ3 -> 0 | AK11: =+AK9/AK3 -> 0 | AL11: =+AL9/AL3 -> 0 | AM11: =+AM9/AM3 -> 0 | ... AQ11: =+AQ9/AQ3 -> 0 | AR11: =IFERROR((AR9/AR3),0) -> 0.14805748
N12: Total | O12: =SUM(O8:O11) -> 299175 | P12: =O12/O6 -> 0.85417803 | Q12: =SUM(Q8:Q11) -> 233525.95 | R12: =Q12/Q6 -> 0.89372529 | X12: Total | Y12: =SUM(Y8:Y11) -> 299175 | Z12: =Y12/Y6 -> 0.85417803 | AA12: =SUM(AA8:AA11) -> 233525.95 | AB12: =AA12/AA6 -> 0.89372529 | AE12: Ach % (Liters) | AF12: =+AF10/AF4 -> 0.89372502 | AG12: =+AG10/AG4 -> 0.89372502 | AH12: =+AH10/AH4 -> 0 | AI12: =+AI10/AI4 -> 0 | AJ12: =+AJ10/AJ4 -> 0 | AK12: =+AK10/AK4 -> 0 | AL12: =+AL10/AL4 -> 0 | AM12: =+AM10/AM4 -> 0 | ... AQ12: =+AQ10/AQ4 -> 0 | AR12: =IFERROR((AR10/AR4),0) -> 0.15491234
I13: =I92 -> 25017.793 | S13: =S92 -> 25017.793 | AQ13: =+AQ16+AQ36+AQ67+AQ87-AI3 -> -323306.86 | AZ13: =+AZ16+AZ36+AZ67+AZ87-AJ3 -> -323306.86 | BI13: =+BI16+BI36+BI67+BI87-AK3 -> -323306.86 | BW13: =+BW16+BW36+BW67+BW87-AL3 -> -336777.98 | CF13: =+CF16+CF36+CF67+CF87-AM3 -> -336777.98 | CO13: =+CO16+CO36+CO67+CO87-AN3 -> -336777.98 | DC13: =+DC16+DC36+DC67+DC87-AO3 -> -336777.98 | DL13: =+DL16+DL36+DL67+DL87-AP3 -> -336777.98 | DU13: =+DU16+DU36+DU67+DU87-AQ3 -> -336777.98
I14: Quarter 1 | AQ14: Quarter 2 | BW14: Quarter 3 | DC14: Quarter 4
B15: Wholesales Follow Up - (MLM) | I15: 46023 | S15: 46054 | AC15: 46082 | AL15: Q1 Total | AQ15: 46113 | AZ15: 46143 | BI15: 46174 | BR15: Q2 Total | BW15: 46204 | CF15: 46235 | CO15: 46266 | CX15: Q3 Total | DC15: 46296 | DL15: 46327 | DU15: 46357 | ED15: Q4 Total
J16: =AF3*AD5% -> 262784.28 | K16: =AF4*AD5% -> 196044.01 | L16: 10 | N16: 20 | P16: 30 | R16: ACH% | T16: =AG3*AD5% -> 262784.28 | U16: =AG4*AD5% -> 196044.01 | V16: 10 | X16: 20 | Z16: 30 | AB16: ACH% | AC16: =AH3*AD5 -> 26278428 | AE16: 10 | AG16: 20 | AI16: 30 | AK16: ACH% | AL16: Target | AM16: Sales | AN16: Ach % | AS16: 10 | AU16: 20 | AW16: 30 | AY16: Ach % | BB16: 10 | BD16: 20 | BF16: 31 | BH16: Ach % | BK16: 10 | BM16: 20 | BO16: 30 | BQ16: Ach % | BR16: Target | BS16: Sales | BT16: Ach % | BY16: 10 | CA16: 20 | CC16: 30 | CE16: Ach % | CH16: 10 | CJ16: 20 | CL16: 30 | CN16: Ach % | CQ16: 10 | CS16: 20 | CU16: 30 | CW16: Ach % | CX16: Target | CY16: Sales | CZ16: Ach % | DE16: 10 | DG16: 20 | DI16: 30 | DK16: Ach % | DN16: 10 | DP16: 20 | DR16: 30 | DT16: Ach % | DW16: 10 | DY16: 20 | EA16: 30 | EC16: Ach % | ED16: Target | EE16: Sales | EF16: Ach %
