Workbook
Name a: #REF!
Name aa: #REF!
Name aaa: #REF!
Name aaaaa: #REF!
Name aaaaaaa: #REF!
Name asd: '[1]Market ( Mar) '!#REF!
Name atr: #REF!
Name b: #REF!
Name bb: #REF!
Name Beg_Bal: #REF!
Name Cash_Cr: #REF!
Name Cash_Dr: #REF!
Name cc: #REF!
Name ccc: #REF!
Name cft: #REF!
Name cr: #REF!
Name crs: #REF!
Name cvvvv: #REF!
Name cwer: #REF!
Name Data: #REF!
Name dd: #REF!
Name ddd: #REF!
Name dddd: #N/A
Name dr: #REF!
Name drs: #REF!
Name dsfas: #REF!
Name eeee: #REF!
Name End_Bal: #REF!
Name Extra_Pay: #REF!
Name fgf: #REF!
Name fgjhj: #REF!
Name fhh: MATCH(0.01,End_Bal,-1)+1
Name ftyu: #REF!
Name Full_Print: #REF!
Name fusales4: #REF!
Name gg: #REF!
Name gggggg: #REF!
Name Header_Row: ROW(#REF!)
Name hjj: #REF!
Name hjjj: #REF!
Name hjkjk: #REF!
Name hmjhj: #REF!
Name ii: #REF!
Name III: #REF!
Name Int: #REF!
Name Interest_Rate: #REF!
Name jbkjkl: #REF!
Name Journal_Cr: #REF!
Name Journal_Dr: #REF!
Name kdt: #REF!
Name khbgfc: Scheduled_Payment+Extra_Payment
Name kluyufuf: #REF!
Name Last_Row: IF(Values_Entered,Header_Row+Number_of_Payments,Header_Row)
Name Loan_Amount: #REF!
Name Loan_Start: #REF!
Name Loan_Years: #REF!
Name LSO: #REF!
Name lsoq: #REF!
Name lsoq1: #REF!
Name mms: #REF!

Sheet 7-MTL
A1: Meiktila Region ( Townwise Report ) (2024, 2025,2026) (BE Bottle & Liter)
A2: No | B2: TownShip | C2: Van | D2: 45292 | F2: 45323 | H2: 45352 | J2: 45383 | L2: 45413 | N2: 45444 | P2: 45474 | R2: 45505 | T2: 45536 | V2: 45566 | X2: 45597 | Z2: 45627 | AB2: 2024 Total | AD2: 2024 Average | AF2: 45658 | AH2: 45689 | AJ2: 45717 | AL2: 45748 | AN2: 45778 | AP2: 45809 | AR2: 45839 | AT2: 45870 | AV2: 45901 | AX2: 45931 | AZ2: 45962 | BB2: 45992 | BD2: Total | BF2: Average | BH2: Town wise Contribution | BI2: Contirbution wise Priority Town | BJ2: 46023 | BL2: 46054 | BN2: 46082 | BP2: 46113 | BR2: 46143 | BT2: 46174 | BV2: 46204 | BX2: 46235 | BZ2: 46266 | CB2: 46296 | CD2: 46327 | CF2: 46357 | CH2: Total | CJ2: Average | CL2: Town wise Contribution | CM2: Contirbution wise Priority Town
D3: Bottle | E3: Liter | F3: Bottle | G3: Liter | H3: Bottle | I3: Liter | J3: Bottle | K3: Liter | L3: Bottle | M3: Liter | N3: Bottle | O3: Liter | P3: Bottle | Q3: Liter | R3: Bottle | S3: Liter | T3: Bottle | U3: Liter | V3: Bottle | W3: Liter | X3: Bottle | Y3: Liter | Z3: Bottle | AA3: Liter | AB3: Bottle | AC3: Liter | AD3: Bottle | AE3: Litre | AF3: Bottle | AG3: Litre | AH3: Bottle | AI3: Litre | AJ3: Bottle | AK3: Litre | AL3: Bottle | AM3: Litre | AN3: Bottle | AO3: Litre | AP3: Bottle | AQ3: Litre | AR3: Bottle | AS3: Litre | AT3: Bottle | AU3: Litre | AV3: Bottle | AW3: Litre | AX3: Bottle | AY3: Litre | AZ3: Bottle | BA3: Litre | BB3: Bottle | BC3: Litre | BD3: Bottle | BE3: Liter | BF3: Bottle | BG3: Liter | BJ3: Bottle | BK3: Litre | BL3: Bottle | BM3: Litre | BN3: Bottle | BO3: Litre | BP3: Bottle | BQ3: Litre | BR3: Bottle | BS3: Litre | BT3: Bottle | BU3: Litre | BV3: Bottle | BW3: Litre | BX3: Bottle | BY3: Litre | BZ3: Bottle | CA3: Litre | CB3: Bottle | CC3: Litre | CD3: Bottle | CE3: Litre | CF3: Bottle | CG3: Litre | CH3: Bottle | CI3: Liter | CJ3: Bottle | CK3: Liter
A4: 1 | B4: Meiktila | D4: =Meiktila!F147 | E4: =Meiktila!G147 | F4: =Meiktila!I147 | G4: =Meiktila!J147 | H4: =Meiktila!L147 | I4: =Meiktila!M147 | J4: =Meiktila!O147 | K4: =Meiktila!P147 | L4: =Meiktila!R147 | M4: =Meiktila!S147 | N4: =Meiktila!U147 | O4: =Meiktila!V147 | P4: =Meiktila!X147 | Q4: =Meiktila!Y147 | R4: =Meiktila!AA147 | S4: =Meiktila!AB147 | T4: =Meiktila!AD147 | U4: =Meiktila!AE147 | V4: =Meiktila!AG147 | W4: =Meiktila!AH147 | X4: =Meiktila!AJ147 | Y4: =Meiktila!AK147 | Z4: =Meiktila!AM147 | AA4: =Meiktila!AN147 | AB4: =SUM(D4+F4+H4+J4+L4+N4+P4+R4+T4+V4+X4+Z4) | AC4: =SUM(E4+G4+I4+K4+M4+O4+Q4+S4+U4+W4+Y4+AA4) | AD4: =AB4/12 | AE4: =AC4/12 | AF4: 367121 | AG4: 240101.32 | AH4: 295933 | AI4: 191759.08 | AJ4: 340823 | AK4: 221689.16 | AL4: 301632 | AM4: 197593.51 | AN4: 328803 | AO4: 215845.55 | AP4: 327493 | AQ4: 214991.94 | AR4: 363784 | AS4: 237539.67 | AT4: 316803 | AU4: 208645.68 | AV4: 362709 | AW4: 239448.24 | AX4: 355551 | AY4: 234021.54 | AZ4: 335794 | BA4: 220363.84 | BB4: 358228 | BC4: 235248.88 | BD4: =AF4+AH4+AJ4+AL4+AN4+AP4+AR4+AT4+AV4+AX4+AZ4+BB4 | BE4: =AG4+AI4+AK4+AM4+AO4+AQ4+AS4+AU4+AW4+AY4+BA4+BC4 | BF4: =BD4/12 | BG4: =BE4/12 | BH4: =BF4/$BF$16% | BI4: 14 | BJ4: 120 | BK4: 84 | BL4: 108 | BM4: 75.6 | BN4: 132 | BO4: 92.4 | CH4: =BJ4+BL4+BN4+BP4+BR4+BT4+BV4+BX4+BZ4+CB4+CD4+CF4 | CI4: =BK4+BM4+BO4+BQ4+BS4+BU4+BW4+BY4+CA4+CC4+CE4+CG4 | CJ4: =CH4/2 | CK4: =CI4/2 | CL4: =CJ4/$CJ$16% | CM4: 14
A5: 2 | B5: Tharzi | D5: =Tharzi!F147 | E5: =Tharzi!G147 | F5: =Tharzi!I147 | G5: =Tharzi!J147 | H5: =Tharzi!L147 | I5: =Tharzi!M147 | J5: =Tharzi!O147 | K5: =Tharzi!P147 | L5: =Tharzi!R147 | M5: =Tharzi!S147 | N5: =Tharzi!U147 | O5: =Tharzi!V147 | P5: =Tharzi!X147 | Q5: =Tharzi!Y147 | R5: =Tharzi!AA147 | S5: =Tharzi!AB147 | T5: =Tharzi!AD147 | U5: =Tharzi!AE147 | V5: =Tharzi!AG147 | W5: =Tharzi!AH147 | X5: =Tharzi!AJ147 | Y5: =Tharzi!AK147 | Z5: =Tharzi!AM147 | AA5: =Tharzi!AN147 | AB5: =SUM(D5+F5+H5+J5+L5+N5+P5+R5+T5+V5+X5+Z5) | AC5: =SUM(E5+G5+I5+K5+M5+O5+Q5+S5+U5+W5+Y5+AA5) | AD5: =AB5/12 | AE5: =AC5/12 | AF5: 26879 | AG5: 17997.2 | AH5: 20688 | AI5: 13724.64 | AJ5: 25006 | AK5: 16658.32 | AL5: 25958 | AM5: 17155.04 | AN5: 31590 | AO5: 20595.6 | AP5: 24888 | AQ5: 16422.96 | AR5: 26869 | AS5: 17950.84 | AT5: 19814 | AU5: 12893.12 | AV5: 19787 | AW5: 13005.2 | AX5: 21474 | AY5: 14065.92 | AZ5: 17408 | BA5: 11460.32 | BB5: 16484 | BC5: 10877.84 | BD5: =AF5+AH5+AJ5+AL5+AN5+AP5+AR5+AT5+AV5+AX5+AZ5+BB5 | BE5: =AG5+AI5+AK5+AM5+AO5+AQ5+AS5+AU5+AW5+AY5+BA5+BC5 | BF5: =BD5/12 | BG5: =BE5/12 | BH5: =BF5/$BF$16% | BI5: 2 | BJ5: 72 | BK5: 72 | BL5: 14245 | BM5: 9623.2 | CH5: =BJ5+BL5+BN5+BP5+BR5+BT5+BV5+BX5+BZ5+CB5+CD5+CF5 | CI5: =BK5+BM5+BO5+BQ5+BS5+BU5+BW5+BY5+CA5+CC5+CE5+CG5 | CJ5: =CH5/2 | CK5: =CI5/2 | CL5: =CJ5/$CJ$16% | CM5: 2
A6: 3 | B6: PyawBwe | D6: ='Pyaw Bwe'!F147 | E6: ='Pyaw Bwe'!G147 | F6: ='Pyaw Bwe'!I147 | G6: ='Pyaw Bwe'!J147 | H6: ='Pyaw Bwe'!L147 | I6: ='Pyaw Bwe'!M147 | J6: ='Pyaw Bwe'!O147 | K6: ='Pyaw Bwe'!P147 | L6: ='Pyaw Bwe'!R147 | M6: ='Pyaw Bwe'!S147 | N6: ='Pyaw Bwe'!U147 | O6: ='Pyaw Bwe'!V147 | P6: ='Pyaw Bwe'!X147 | Q6: ='Pyaw Bwe'!Y147 | R6: ='Pyaw Bwe'!AA147 | S6: ='Pyaw Bwe'!AB147 | T6: ='Pyaw Bwe'!AD147 | U6: ='Pyaw Bwe'!AE147 | V6: ='Pyaw Bwe'!AG147 | W6: ='Pyaw Bwe'!AH147 | X6: ='Pyaw Bwe'!AJ147 | Y6: ='Pyaw Bwe'!AK147 | Z6: ='Pyaw Bwe'!AM147 | AA6: ='Pyaw Bwe'!AN147 | AB6: =SUM(D6+F6+H6+J6+L6+N6+P6+R6+T6+V6+X6+Z6) | AC6: =SUM(E6+G6+I6+K6+M6+O6+Q6+S6+U6+W6+Y6+AA6) | AD6: =AB6/12 | AE6: =AC6/12 | AF6: 124810 | AG6: 80790.4 | AH6: 112556 | AI6: 72950.72 | AJ6: 140474 | AK6: 94063.04 | AL6: 99650 | AM6: 65613.92 | AN6: 125493 | AO6: 81712.56 | AP6: 117388 | AQ6: 76063.6 | AR6: 102118 | AS6: 67226.56 | AT6: 103610 | AU6: 67743.68 | AV6: 88610 | AW6: 58556.48 | AX6: 122032 | AY6: 79956.4 | AZ6: 128298 | BA6: 83945.52 | BB6: 123988 | BC6: 81845.44 | BD6: =AF6+AH6+AJ6+AL6+AN6+AP6+AR6+AT6+AV6+AX6+AZ6+BB6 | BE6: =AG6+AI6+AK6+AM6+AO6+AQ6+AS6+AU6+AW6+AY6+BA6+BC6 | BF6: =BD6/12 | BG6: =BE6/12 | BH6: =BF6/$BF$16% | BI6: 11 | BJ6: 103606 | BK6: 68727.52 | BL6: 88786 | BM6: 58781.92 | CH6: =BJ6+BL6+BN6+BP6+BR6+BT6+BV6+BX6+BZ6+CB6+CD6+CF6 | CI6: =BK6+BM6+BO6+BQ6+BS6+BU6+BW6+BY6+CA6+CC6+CE6+CG6 | CJ6: =CH6/2 | CK6: =CI6/2 | CL6: =CJ6/$CJ$16% | CM6: 11
A7: 4 | B7: Want Twin | D7: ='Want Twin'!F147 | E7: ='Want Twin'!G147 | F7: ='Want Twin'!I147 | G7: ='Want Twin'!J147 | H7: ='Want Twin'!L147 | I7: ='Want Twin'!M147 | J7: ='Want Twin'!O147 | K7: ='Want Twin'!P147 | L7: ='Want Twin'!R147 | M7: ='Want Twin'!S147 | N7: ='Want Twin'!U147 | O7: ='Want Twin'!V147 | P7: ='Want Twin'!X147 | Q7: ='Want Twin'!Y147 | R7: ='Want Twin'!AA147 | S7: ='Want Twin'!AB147 | T7: ='Want Twin'!AD147 | U7: ='Want Twin'!AE147 | V7: ='Want Twin'!AG147 | W7: ='Want Twin'!AH147 | X7: ='Want Twin'!AJ147 | Y7: ='Want Twin'!AK147 | Z7: ='Want Twin'!AM147 | AA7: ='Want Twin'!AN147 | AB7: =SUM(D7+F7+H7+J7+L7+N7+P7+R7+T7+V7+X7+Z7) | AC7: =SUM(E7+G7+I7+K7+M7+O7+Q7+S7+U7+W7+Y7+AA7) | AD7: =AB7/12 | AE7: =AC7/12 | AF7: 121257 | AG7: 79375.32 | AH7: 102976 | AI7: 67630.72 | AJ7: 172705 | AK7: 112072.6 | AL7: 98169 | AM7: 64360.14 | AN7: 109072 | AO7: 71152.3 | AP7: 104102 | AQ7: 68080.88 | AR7: 111468 | AS7: 73472.4 | AT7: 115998 | AU7: 76069.44 | AV7: 101637 | AW7: 67569.72 | AX7: 106609 | AY7: 70354.96 | AZ7: 98541 | BA7: 65446.2 | BB7: 117214 | BC7: 77714.56 | BD7: =AF7+AH7+AJ7+AL7+AN7+AP7+AR7+AT7+AV7+AX7+AZ7+BB7 | BE7: =AG7+AI7+AK7+AM7+AO7+AQ7+AS7+AU7+AW7+AY7+BA7+BC7 | BF7: =BD7/12 | BG7: =BE7/12 | BH7: =BF7/$BF$16% | BI7: 8 | BJ7: 98732 | BK7: 67023.68 | BL7: 107762 | BM7: 71280.8 | CH7: =BJ7+BL7+BN7+BP7+BR7+BT7+BV7+BX7+BZ7+CB7+CD7+CF7 | CI7: =BK7+BM7+BO7+BQ7+BS7+BU7+BW7+BY7+CA7+CC7+CE7+CG7 | CJ7: =CH7/2 | CK7: =CI7/2 | CL7: =CJ7/$CJ$16% | CM7: 8
A8: 5 | B8: Mahaling | D8: =Mahaling!F147 | E8: =Mahaling!G147 | F8: =Mahaling!I147 | G8: =Mahaling!J147 | H8: =Mahaling!L147 | I8: =Mahaling!M147 | J8: =Mahaling!O147 | K8: =Mahaling!P147 | L8: =Mahaling!R147 | M8: =Mahaling!S147 | N8: =Mahaling!U147 | O8: =Mahaling!V147 | P8: =Mahaling!X147 | Q8: =Mahaling!Y147 | R8: =Mahaling!AA147 | S8: =Mahaling!AB147 | T8: =Mahaling!AD147 | U8: =Mahaling!AE147 | V8: =Mahaling!AG147 | W8: =Mahaling!AH147 | X8: =Mahaling!AJ147 | Y8: =Mahaling!AK147 | Z8: =Mahaling!AM147 | AA8: =Mahaling!AN147 | AB8: =SUM(D8+F8+H8+J8+L8+N8+P8+R8+T8+V8+X8+Z8) | AC8: =SUM(E8+G8+I8+K8+M8+O8+Q8+S8+U8+W8+Y8+AA8) | AD8: =AB8/12 | AE8: =AC8/12 | AF8: 72384 | AG8: 47186.88 | AH8: 73604 | AI8: 48058.4 | AJ8: 89488 | AK8: 59433.52 | AL8: 73784 | AM8: 47479.4 | AN8: 52660 | AO8: 33983.2 | AP8: 78604 | AQ8: 52190.8 | AR8: 44890 | AS8: 29518 | AT8: 53780 | AU8: 35513.6 | AV8: 53268 | AW8: 35894.4 | AX8: 53598 | AY8: 36118.56 | AZ8: 75914 | BA8: 49677.2 | BB8: 59430 | BC8: 40238.4 | BD8: =AF8+AH8+AJ8+AL8+AN8+AP8+AR8+AT8+AV8+AX8+AZ8+BB8 | BE8: =AG8+AI8+AK8+AM8+AO8+AQ8+AS8+AU8+AW8+AY8+BA8+BC8 | BF8: =BD8/12 | BG8: =BE8/12 | BH8: =BF8/$BF$16% | BI8: 7 | BJ8: 65364 | BK8: 43015.2 | BL8: 65314 | BM8: 43141.6 | CH8: =BJ8+BL8+BN8+BP8+BR8+BT8+BV8+BX8+BZ8+CB8+CD8+CF8 | CI8: =BK8+BM8+BO8+BQ8+BS8+BU8+BW8+BY8+CA8+CC8+CE8+CG8 | CJ8: =CH8/2 | CK8: =CI8/2 | CL8: =CJ8/$CJ$16% | CM8: 7
A9: 6 | B9: Yamaethin | D9: =Yamethin!F147 | E9: =Yamethin!G147 | F9: =Yamethin!I147 | G9: =Yamethin!J147 | H9: =Yamethin!L147 | I9: =Yamethin!M147 | J9: =Yamethin!O147 | K9: =Yamethin!P147 | L9: =Yamethin!R147 | M9: =Yamethin!S147 | N9: =Yamethin!U147 | O9: =Yamethin!V147 | P9: =Yamethin!X147 | Q9: =Yamethin!Y147 | R9: =Yamethin!AA147 | S9: =Yamethin!AB147 | T9: =Yamethin!AD147 | U9: =Yamethin!AE147 | V9: =Yamethin!AG147 | W9: =Yamethin!AH147 | X9: =Yamethin!AJ147 | Y9: =Yamethin!AK147 | Z9: =Yamethin!AM147 | AA9: =Yamethin!AN147 | AB9: =SUM(D9+F9+H9+J9+L9+N9+P9+R9+T9+V9+X9+Z9) | AC9: =SUM(E9+G9+I9+K9+M9+O9+Q9+S9+U9+W9+Y9+AA9) | AD9: =AB9/12 | AE9: =AC9/12 | AF9: 26950 | AG9: 17476.96 | AH9: 27775 | AI9: 17899.96 | AJ9: 29226 | AK9: 20856.96 | AL9: 19738 | AM9: 12947.2 | AN9: 22802 | AO9: 14639.84 | AP9: 16112 | AQ9: 10622.24 | AR9: 24958 | AS9: 16216 | AT9: 18990 | AU9: 12657.6 | AV9: 25892 | AW9: 16641.2 | AX9: 22330 | AY9: 14778.4 | AZ9: 21736 | BA9: 14419.6 | BB9: 25310 | BC9: 16887.44 | BD9: =AF9+AH9+AJ9+AL9+AN9+AP9+AR9+AT9+AV9+AX9+AZ9+BB9 | BE9: =AG9+AI9+AK9+AM9+AO9+AQ9+AS9+AU9+AW9+AY9+BA9+BC9 | BF9: =BD9/12 | BG9: =BE9/12 | BH9: =BF9/$BF$16% | BI9: 10 | BJ9: 26618 | BK9: 17964.32 | BL9: 26738 | BM9: 17555.92 | CH9: =BJ9+BL9+BN9+BP9+BR9+BT9+BV9+BX9+BZ9+CB9+CD9+CF9 | CI9: =BK9+BM9+BO9+BQ9+BS9+BU9+BW9+BY9+CA9+CC9+CE9+CG9 | CJ9: =CH9/2 | CK9: =CI9/2 | CL9: =CJ9/$CJ$16% | CM9: 10
A10: 7 | B10: Kyaukpadaung | D10: =Kyaukpadaung!F147 | E10: =Kyaukpadaung!G147 | F10: =Kyaukpadaung!I147 | G10: =Kyaukpadaung!J147 | H10: =Kyaukpadaung!L147 | I10: =Kyaukpadaung!M147 | J10: =Kyaukpadaung!O147 | K10: =Kyaukpadaung!P147 | L10: =Kyaukpadaung!R147 | M10: =Kyaukpadaung!S147 | N10: =Kyaukpadaung!U147 | O10: =Kyaukpadaung!V147 | P10: =Kyaukpadaung!X147 | Q10: =Kyaukpadaung!Y147 | R10: =Kyaukpadaung!AA147 | S10: =Kyaukpadaung!AB147 | T10: =Kyaukpadaung!AD147 | U10: =Kyaukpadaung!AE147 | V10: =Kyaukpadaung!AG147 | W10: =Kyaukpadaung!AH147 | X10: =Kyaukpadaung!AJ147 | Y10: =Kyaukpadaung!AK147 | Z10: =Kyaukpadaung!AM147 | AA10: =Kyaukpadaung!AN147 | AB10: =SUM(D10+F10+H10+J10+L10+N10+P10+R10+T10+V10+X10+Z10) | AC10: =SUM(E10+G10+I10+K10+M10+O10+Q10+S10+U10+W10+Y10+AA10) | AD10: =AB10/12 | AE10: =AC10/12 | AF10: 140720 | AG10: 92830.64 | AH10: 119242 | AI10: 76066.48 | AJ10: 111430 | AK10: 75932.8 | AL10: 129640 | AM10: 83255.68 | AN10: 142342 | AO10: 94764.84 | AP10: 152574 | AQ10: 99846.48 | AR10: 120600 | AS10: 80598.48 | AT10: 149447 | AU10: 99127.16 | AV10: 147026 | AW10: 100454.24 | AX10: 144199 | AY10: 98587.6 | AZ10: 181990 | BA10: 119403.28 | BB10: 160582 | BC10: 106776.4 | BD10: =AF10+AH10+AJ10+AL10+AN10+AP10+AR10+AT10+AV10+AX10+AZ10+BB10 | BE10: =AG10+AI10+AK10+AM10+AO10+AQ10+AS10+AU10+AW10+AY10+BA10+BC10 | BF10: =BD10/12 | BG10: =BE10/12 | BH10: =BF10/$BF$16% | BI10: 6 | BJ10: 128272 | BK10: 85297.84 | BL10: 100088 | BM10: 68544.32 | CH10: =BJ10+BL10+BN10+BP10+BR10+BT10+BV10+BX10+BZ10+CB10+CD10+CF10 | CI10: =BK10+BM10+BO10+BQ10+BS10+BU10+BW10+BY10+CA10+CC10+CE10+CG10 | CJ10: =CH10/2 | CK10: =CI10/2 | CL10: =CJ10/$CJ$16% | CM10: 6
A11: 8 | B11: Taungthar | D11: =Taungthar!F147 | E11: =Taungthar!G147 | F11: =Taungthar!I147 | G11: =Taungthar!J147 | H11: =Taungthar!L147 | I11: =Taungthar!M147 | J11: =Taungthar!O147 | K11: =Taungthar!P147 | L11: =Taungthar!R147 | M11: =Taungthar!S147 | N11: =Taungthar!U147 | O11: =Taungthar!V147 | P11: =Taungthar!X147 | Q11: =Taungthar!Y147 | R11: =Taungthar!AA147 | S11: =Taungthar!AB147 | T11: =Taungthar!AD147 | U11: =Taungthar!AE147 | V11: =Taungthar!AG147 | W11: =Taungthar!AH147 | X11: =Taungthar!AJ147 | Y11: =Taungthar!AK147 | Z11: =Taungthar!AM147 | AA11: =Taungthar!AN147 | AB11: =SUM(D11+F11+H11+J11+L11+N11+P11+R11+T11+V11+X11+Z11) | AC11: =SUM(E11+G11+I11+K11+M11+O11+Q11+S11+U11+W11+Y11+AA11) | AD11: =AB11/12 | AE11: =AC11/12 | AF11: 20980 | AG11: 13960 | AH11: 18740 | AI11: 12512 | AJ11: 14700 | AK11: 9408 | AL11: 15700 | AM11: 10048 | AN11: 15230 | AO11: 9965.6 | AP11: 16140 | AQ11: 10329.6 | AR11: 6300 | AS11: 4032 | AT11: 17040 | AU11: 10992 | AV11: 4240 | AW11: 2972.8 | AX11: 17338 | AY11: 12910.72 | AZ11: 13960 | BA11: 9064 | BB11: 34960 | BC11: 22916.8 | BD11: =AF11+AH11+AJ11+AL11+AN11+AP11+AR11+AT11+AV11+AX11+AZ11+BB11 | BE11: =AG11+AI11+AK11+AM11+AO11+AQ11+AS11+AU11+AW11+AY11+BA11+BC11 | BF11: =BD11/12 | BG11: =BE11/12 | BH11: =BF11/$BF$16% | BI11: 16 | BJ11: 1200 | BK11: 1200 | BL11: 5900 | BM11: 4640 | CH11: =BJ11+BL11+BN11+BP11+BR11+BT11+BV11+BX11+BZ11+CB11+CD11+CF11 | CI11: =BK11+BM11+BO11+BQ11+BS11+BU11+BW11+BY11+CA11+CC11+CE11+CG11 | CJ11: =CH11/2 | CK11: =CI11/2 | CL11: =CJ11/$CJ$16% | CM11: 16
A12: 9 | B12: Myingyan | D12: =Myingyan!F147 | E12: =Myingyan!G147 | F12: =Myingyan!I147 | G12: =Myingyan!J147 | H12: =Myingyan!L147 | I12: =Myingyan!M147 | J12: =Myingyan!O147 | K12: =Myingyan!P147 | L12: =Myingyan!R147 | M12: =Myingyan!S147 | N12: =Myingyan!U147 | O12: =Myingyan!V147 | P12: =Myingyan!X147 | Q12: =Myingyan!Y147 | R12: =Myingyan!AA147 | S12: =Myingyan!AB147 | T12: =Myingyan!AD147 | U12: =Myingyan!AE147 | V12: =Myingyan!AG147 | W12: =Myingyan!AH147 | X12: =Myingyan!AJ147 | Y12: =Myingyan!AK147 | Z12: =Myingyan!AM147 | AA12: =Myingyan!AN147 | AB12: =SUM(D12+F12+H12+J12+L12+N12+P12+R12+T12+V12+X12+Z12) | AC12: =SUM(E12+G12+I12+K12+M12+O12+Q12+S12+U12+W12+Y12+AA12) | AD12: =AB12/12 | AE12: =AC12/12 | AF12: 15360 | AG12: 9830.4 | AH12: 10820 | AI12: 7032.8 | AJ12: 16260 | AK12: 10406.4 | AL12: 2800 | AM12: 1792 | AN12: 24748 | AO12: 16137.52 | AP12: 14390 | AQ12: 9227.6 | AR12: 12780 | AS12: 8197.2 | AT12: 9066 | AU12: 5809.44 | AV12: 7610 | AW12: 4924.4 | AX12: 3500 | AY12: 2240 | AZ12: 5100 | BA12: 3336 | BB12: 8652 | BC12: 5645.28 | BD12: =AF12+AH12+AJ12+AL12+AN12+AP12+AR12+AT12+AV12+AX12+AZ12+BB12 | BE12: =AG12+AI12+AK12+AM12+AO12+AQ12+AS12+AU12+AW12+AY12+BA12+BC12 | BF12: =BD12/12 | BG12: =BE12/12 | BH12: =BF12/$BF$16% | BI12: 17 | BJ12: 12430 | BK12: 7991.2 | BL12: 10600 | BM12: 6838 | CH12: =BJ12+BL12+BN12+BP12+BR12+BT12+BV12+BX12+BZ12+CB12+CD12+CF12 | CI12: =BK12+BM12+BO12+BQ12+BS12+BU12+BW12+BY12+CA12+CC12+CE12+CG12 | CJ12: =CH12/2 | CK12: =CI12/2 | CL12: =CJ12/$CJ$16% | CM12: 17
A13: 10 | B13: Bagan | D13: =Bagan!F147 | E13: =Bagan!G147 | F13: =Bagan!I147 | G13: =Bagan!J147 | H13: =Bagan!L147 | I13: =Bagan!M147 | J13: =Bagan!O147 | K13: =Bagan!P147 | L13: =Bagan!R147 | M13: =Bagan!S147 | N13: =Bagan!U147 | O13: =Bagan!V147 | P13: =Bagan!X147 | Q13: =Bagan!Y147 | R13: =Bagan!AA147 | S13: =Bagan!AB147 | T13: =Bagan!AD147 | U13: =Bagan!AE147 | V13: =Bagan!AG147 | W13: =Bagan!AH147 | X13: =Bagan!AJ147 | Y13: =Bagan!AK147 | Z13: =Bagan!AM147 | AA13: =Bagan!AN147 | AB13: =SUM(D13+F13+H13+J13+L13+N13+P13+R13+T13+V13+X13+Z13) | AC13: =SUM(E13+G13+I13+K13+M13+O13+Q13+S13+U13+W13+Y13+AA13) | AD13: =AB13/12 | AE13: =AC13/12 | AF13: 17991 | AG13: 11819.76 | AH13: 12551 | AI13: 8736.56 | AJ13: 51722 | AK13: 37107.92 | AL13: 7248 | AM13: 4652.16 | AN13: 13432 | AO13: 9081.28 | AP13: 6406 | AQ13: 4196.3 | AR13: 30534 | AS13: 22794.24 | AT13: 19225 | AU13: 12910.92 | AV13: 27022 | AW13: 21013.36 | AX13: 32225 | AY13: 26940.68 | AZ13: 17660 | BA13: 14564 | BB13: 25332 | BC13: 20067.84 | BD13: =AF13+AH13+AJ13+AL13+AN13+AP13+AR13+AT13+AV13+AX13+AZ13+BB13 | BE13: =AG13+AI13+AK13+AM13+AO13+AQ13+AS13+AU13+AW13+AY13+BA13+BC13 | BF13: =BD13/12 | BG13: =BE13/12 | BH13: =BF13/$BF$16% | BI13: 19 | BJ13: 9450 | BK13: 7948.8 | BL13: 19816 | BM13: 15159.04 | CH13: =BJ13+BL13+BN13+BP13+BR13+BT13+BV13+BX13+BZ13+CB13+CD13+CF13 | CI13: =BK13+BM13+BO13+BQ13+BS13+BU13+BW13+BY13+CA13+CC13+CE13+CG13 | CJ13: =CH13/2 | CK13: =CI13/2 | CL13: =CJ13/$CJ$16% | CM13: 19
A14: 11 | B14: Pakokku | D14: =Pakokku!F147 | E14: =Pakokku!G147 | F14: =Pakokku!I147 | G14: =Pakokku!J147 | H14: =Pakokku!L147 | I14: =Pakokku!M147 | J14: =Pakokku!O147 | K14: =Pakokku!P147 | L14: =Pakokku!R147 | M14: =Pakokku!S147 | N14: =Pakokku!U147 | O14: =Pakokku!V147 | P14: =Pakokku!X147 | Q14: =Pakokku!Y147 | R14: =Pakokku!AA147 | S14: =Pakokku!AB147 | T14: =Pakokku!AD147 | U14: =Pakokku!AE147 | V14: =Pakokku!AG147 | W14: =Pakokku!AH147 | X14: =Pakokku!AJ147 | Y14: =Pakokku!AK147 | Z14: =Pakokku!AM147 | AA14: =Pakokku!AN147 | AB14: =SUM(D14+F14+H14+J14+L14+N14+P14+R14+T14+V14+X14+Z14) | AC14: =SUM(E14+G14+I14+K14+M14+O14+Q14+S14+U14+W14+Y14+AA14) | AD14: =AB14/12 | AE14: =AC14/12 | AF14: 31300 | AG14: 20464 | AH14: 23966 | AI14: 16457.12 | AJ14: 28720 | AK14: 19720 | AL14: 28780 | AM14: 19715.2 | AN14: 22568 | AO14: 15303.2 | AP14: 26150 | AQ14: 16640 | AR14: 19402 | AS14: 13712.8 | AT14: 24920 | AU14: 16371.2 | AV14: 28400 | AW14: 23360 | AX14: 20180 | AY14: 13779.2 | AZ14: 32280 | BA14: 25104 | BB14: 26616 | BC14: 18762.24 | BD14: =AF14+AH14+AJ14+AL14+AN14+AP14+AR14+AT14+AV14+AX14+AZ14+BB14 | BE14: =AG14+AI14+AK14+AM14+AO14+AQ14+AS14+AU14+AW14+AY14+BA14+BC14 | BF14: =BD14/12 | BG14: =BE14/12 | BH14: =BF14/$BF$16% | BI14: 5 | BJ14: 21600 | BK14: 14040 | BL14: 3860 | BM14: 2456 | CH14: =BJ14+BL14+BN14+BP14+BR14+BT14+BV14+BX14+BZ14+CB14+CD14+CF14 | CI14: =BK14+BM14+BO14+BQ14+BS14+BU14+BW14+BY14+CA14+CC14+CE14+CG14 | CJ14: =CH14/2 | CK14: =CI14/2 | CL14: =CJ14/$CJ$16% | CM14: 5
AB15: =SUM(D15+F15+H15+J15+L15+N15+P15+R15+T15+V15+X15+Z15) | AC15: =SUM(E15+G15+I15+K15+M15+O15+Q15+S15+U15+W15+Y15+AA15)
B16: Wholesales Total | C16: =SUM(C4:C15) | D16: =SUM(D4:D15) | E16: =SUM(E4:E15) | F16: =SUM(F4:F15) | G16: =SUM(G4:G15) | H16: =SUM(H4:H14) | I16: =SUM(I4:I15) | J16: =SUM(J4:J15) | K16: =SUM(K4:K15) | L16: =SUM(L4:L15) | M16: =SUM(M4:M15) | N16: =SUM(N4:N15) | O16: =SUM(O4:O15) | P16: =SUM(P4:P15) | ... AH16: =SUM(AH4:AH15) | AI16: =SUM(AI4:AI14) | AJ16: =SUM(AJ4:AJ15) | AK16: =SUM(AK4:AK15) | AL16: =SUM(AL4:AL15) | AM16: =SUM(AM4:AM15) | AN16: =SUM(AN4:AN15) | AO16: =SUM(AO4:AO15) | AP16: 884247 | AQ16: 578612.4 | AR16: =SUM(AR4:AR15) | AS16: =SUM(AS4:AS15) | AT16: =SUM(AT4:AT15) | AU16: =SUM(AU4:AU15) | AV16: =SUM(AV4:AV15) | AW16: =SUM(AW4:AW15) | AX16: =SUM(AX4:AX15) | AY16: =SUM(AY4:AY15) | ... BG16: =SUM(BG4:BG15) | BH16: 100% | BJ16: =SUM(BJ4:BJ15) | BK16: =SUM(BK4:BK15) | BL16: =SUM(BL4:BL15) | BM16: =SUM(BM4:BM15) | BN16: =SUM(BN4:BN15) | BO16: =SUM(BO4:BO15) | BP16: =SUM(BP4:BP15) | BQ16: =SUM(BQ4:BQ15) | ... CK16: =SUM(CK4:CK15) | CL16: 100%
A18: 1 | BH18: Town wise Contribution | BI18: Contirbution wise Priority Town | CL18: Town wise Contribution | CM18: Contirbution wise Priority Town
A19: No | B19: TownShip | C19: Van | D19: 45292 | F19: 45323 | H19: 45352 | J19: 45383 | L19: 45413 | N19: 45444 | P19: 45474 | R19: 45505 | T19: 45536 | V19: 45566 | X19: 45597 | Z19: 45627 | AB19: 2024 Total | AD19: 2024 Average | AF19: January | AH19: February | AJ19: March | AL19: April | AN19: May | AP19: June | AR19: July | AT19: August | AV19: September | AX19: October | AZ19: November | BB19: December | BD19: =+BD2 | BF19: =+BF2 | BJ19: January | BL19: February | BN19: March | BP19: April | BR19: May | BT19: June | BV19: July | BX19: August | BZ19: September | CB19: October | CD19: November | CF19: December | CH19: =+CH2 | CJ19: =+CJ2
D20: Bottle | E20: Liter | F20: Bottle | G20: Liter | H20: Bottle | I20: Liter | J20: Bottle | K20: Liter | L20: Bottle | M20: Liter | N20: Bottle | O20: Liter | P20: Bottle | Q20: Liter | R20: Bottle | S20: Liter | T20: Bottle | U20: Liter | V20: Bottle | W20: Liter | X20: Bottle | Y20: Liter | Z20: Bottle | AA20: Liter | AB20: Bottle | AC20: Liter | AD20: Bottle | AE20: Litre | AF20: Bottle | AG20: Liter | AH20: Bottle | AI20: Liter | AJ20: Bottle | AK20: Liter | AL20: Bottle | AM20: Liter | AN20: Bottle | AO20: Liter | AP20: Bottle | AQ20: Liter | AR20: Bottle | AS20: Liter | AT20: Bottle | AU20: Liter | AV20: Bottle | AW20: Liter | AX20: Bottle | AY20: Liter | AZ20: Bottle | BA20: Liter | BB20: Bottle | BC20: Liter | BD20: Bottle | BE20: Liter | BF20: Bottle | BG20: Liter | BJ20: Bottle | BK20: Liter | BL20: Bottle | BM20: Liter | BN20: Bottle | BO20: Liter | BP20: Bottle | BQ20: Liter | BR20: Bottle | BS20: Liter | BT20: Bottle | BU20: Liter | BV20: Bottle | BW20: Liter | BX20: Bottle | BY20: Liter | BZ20: Bottle | CA20: Liter | CB20: Bottle | CC20: Liter | CD20: Bottle | CE20: Liter | CF20: Bottle | CG20: Liter | CH20: Bottle | CI20: Liter | CJ20: Bottle | CK20: Liter
A21: 1 | B21: Market | C21: Van 1 | D21: 12 | E21: 8 | F21: 13517 | G21: 9154 | H21: 13924 | I21: 9213 | J21: 14653 | K21: 9575 | L21: 31501 | M21: 20544 | N21: 32840 | O21: 21855 | P21: 34638 | Q21: 23709 | R21: 43416 | S21: 28851 | T21: 36593 | U21: 24154 | V21: 55297 | W21: 37016 | X21: 34346 | Y21: 22847 | Z21: 35277 | AA21: 24195 | AB21: =D21+F21+H21+J21+L21+N21+P21+R21+T21+V21+X21+Z21 | AC21: =E21+G21+I21+K21+M21+O21+Q21+S21+U21+W21+Y21+AA21 | AD21: =AB21/12 | AE21: =AC21/12 | AF21: 50057 | AG21: 34922.96 | AH21: 43950 | AI21: 29455.56 | AJ21: 41944 | AK21: 30418.24 | AL21: 36496 | AM21: 25269.76 | AN21: 47040 | AO21: 33407.19 | AP21: 42746 | AQ21: 29883.78 | AR21: 48692 | AS21: 35518.16 | AT21: 47776 | AU21: 35118.72 | AV21: 37922 | AW21: 28595.36 | AX21: 42806 | AY21: 35427.08 | AZ21: 44494 | BA21: 33803.2 | BB21: 51658 | BC21: 39741.76 | BD21: =AF21+AH21+AJ21+AL21+AN21+AP21+AR21+AT21+AV21+AX21+AZ21+BB21 | BE21: =AG21+AI21+AK21+AM21+AO21+AS21+AU21+AW21+AY21+BA21+BC21+AQ21 | BF21: =BD21/12 | BG21: =BE21/12 | BH21: =BF21/$BF$23% | BI21: 8 | BJ21: 40498 | BK21: 31656.16 | BL21: 35848 | BM21: 29065.2 | CH21: =BJ21+BL21+BN21+BP21+BR21+BT21+BV21+BX21+BZ21+CB21+CD21+CF21 | CI21: =BK21+BM21+BO21+BQ21+BS21+BU21+BW21+BY21+CA21+CC21+CE21+CG21 | CJ21: =CH21/2 | CK21: =CI21/2 | CL21: =CJ21/$CJ$23% | CM21: 8
A22: 2 | B22: Market | C22: Van 2 | D22: 16581 | E22: 10834 | F22: 25778 | G22: 17053 | H22: 31634 | I22: 20807 | J22: 36125 | K22: 24045 | L22: 29150 | M22: 19004 | N22: 28236 | O22: 18460 | P22: 30251 | Q22: 20188 | R22: 32780 | S22: 21641 | T22: 25279 | U22: 16813 | V22: 22381 | W22: 15108 | X22: 25808 | Y22: 16920 | Z22: 28618 | AA22: 19351 | AB22: =D22+F22+H22+J22+L22+N22+P22+R22+T22+V22+X22+Z22 | AC22: =E22+G22+I22+K22+M22+O22+Q22+S22+U22+W22+Y22+AA22 | AD22: =AB22/12 | AE22: =AC22/12 | AF22: 35003 | AG22: 24170.8 | AH22: 27497 | AI22: 18905.96 | AJ22: 31865 | AK22: 21550.7 | AL22: 27454 | AM22: 18587.99 | AN22: 34213 | AO22: 23019.51 | AP22: 34259 | AQ22: 22892.26 | AR22: 33745 | AS22: 23232.27 | AT22: 28585 | AU22: 19379.92 | AV22: 27271 | AW22: 19403.32 | AX22: 17824 | AY22: 11979.22 | AZ22: 21525 | BA22: 15236.28 | BB22: 21852 | BC22: 15407.28 | BD22: =AF22+AH22+AJ22+AL22+AN22+AP22+AR22+AT22+AV22+AX22+AZ22+BB22 | BE22: =AG22+AI22+AK22+AM22+AO22+AS22+AU22+AW22+AY22+BA22+BC22+AQ22 | BF22: =BD22/12 | BG22: =BE22/12 | BH22: =BF22/$BF$23% | BI22: 14 | BJ22: 25083 | BK22: 17968.32 | BL22: 21503 | BM22: 15355.52 | CH22: =BJ22+BL22+BN22+BP22+BR22+BT22+BV22+BX22+BZ22+CB22+CD22+CF22 | CI22: =BK22+BM22+BO22+BQ22+BS22+BU22+BW22+BY22+CA22+CC22+CE22+CG22 | CJ22: =CH22/2 | CK22: =CI22/2 | CL22: =CJ22/$CJ$23% | CM22: 14
B23: Market Total | D23: =SUM(D21:D22) | E23: =SUM(E21:E22) | F23: =SUM(F21:F22) | G23: =SUM(G21:G22) | H23: =SUM(H21:H22) | I23: =SUM(I21:I22) | J23: =SUM(J21:J22) | K23: =SUM(K21:K22) | ... AO23: =SUM(AO21:AO22) | AP23: 77005 | AQ23: 52776.04 | AR23: =SUM(AR21:AR22) | AS23: =SUM(AS21:AS22) | AT23: =SUM(AT21:AT22) | AU23: =SUM(AU21:AU22) | AV23: =SUM(AV21:AV22) | AW23: =SUM(AW21:AW22) | AX23: =SUM(AX21:AX22) | AY23: =SUM(AY21:AY22) | ... BG23: =SUM(BG21:BG22) | BH23: 100% | BJ23: =SUM(BJ21:BJ22) | BK23: =SUM(BK21:BK22) | BL23: =SUM(BL21:BL22) | BM23: =SUM(BM21:BM22) | BN23: =SUM(BN21:BN22) | BO23: =SUM(BO21:BO22) | BP23: =SUM(BP21:BP22) | BQ23: =SUM(BQ21:BQ22) | ... BS23: =SUM(BS21:BS22) | BV23: =SUM(BV21:BV22) | BW23: =SUM(BW21:BW22) | BX23: =SUM(BX21:BX22) | BY23: =SUM(BY21:BY22) | BZ23: =SUM(BZ21:BZ22) | CA23: =SUM(CA21:CA22) | CB23: =SUM(CB21:CB22) | CC23: =SUM(CC21:CC22) | ... CK23: =SUM(CK21:CK22) | CL23: 100%
A25: Sale Data Percentage
A26: No | B26: Names | C26: Van | D26: 45292 | F26: 45323 | H26: 45352 | J26: 45383 | L26: 45413 | N26: 45444 | P26: 45474 | R26: 45505 | T26: 45536 | V26: 45566 | X26: 45597 | Z26: 45627 | AB26: 2024 Total | AD26: 2024 Average | AF26: January | AH26: February | AJ26: March | AL26: April | AN26: May | AP26: June | AR26: July | AT26: August | AV26: September | AX26: October | AZ26: November | BB26: December | BD26: =+BD19 | BF26: Average | BJ26: January | BL26: February | BN26: March | BP26: April | BR26: May | BT26: June | BV26: July | BX26: August | BZ26: September | CB26: October | CD26: November | CF26: December | CH26: =+CH19 | CJ26: Average
D27: Bottle | E27: Liter | F27: Bottle | G27: Liter | H27: Bottle | I27: Liter | J27: Bottle | K27: Liter | L27: Bottle | M27: Liter | N27: Bottle | O27: Liter | P27: Bottle | Q27: Liter | R27: Bottle | S27: Liter | T27: Bottle | U27: Liter | V27: Bottle | W27: Liter | X27: Bottle | Y27: Liter | Z27: Bottle | AA27: Liter | AB27: Bottle | AC27: Liter | AD27: Bottle | AE27: Litre | AF27: Bottle | AG27: Liter | AH27: Bottle | AI27: Liter | AJ27: Bottle | AK27: Liter | AL27: Bottle | AM27: Liter | AN27: Bottle | AO27: Liter | AP27: Bottle | AQ27: Liter | AR27: Bottle | AS27: Liter | AT27: Bottle | AU27: Liter | AV27: Bottle | AW27: Liter | AX27: Bottle | AY27: Liter | AZ27: Bottle | BA27: Liter | BB27: Bottle | BC27: Liter | BD27: Bottle | BE27: Liter | BF27: Bottle | BG27: Liter | BJ27: Bottle | BK27: Liter | BL27: Bottle | BM27: Liter | BN27: Bottle | BO27: Liter | BP27: Bottle | BQ27: Liter | BR27: Bottle | BS27: Liter | BT27: Bottle | BU27: Liter | BV27: Bottle | BW27: Liter | BX27: Bottle | BY27: Liter | BZ27: Bottle | CA27: Liter | CB27: Bottle | CC27: Liter | CD27: Bottle | CE27: Liter | CF27: Bottle | CG27: Liter | CH27: Bottle | CI27: Liter | CJ27: Bottle | CK27: Liter
A28: 1 | B28: Wholesales+Semi Wholesales | D28: =D16-D29 | E28: =E16-E29 | F28: =F16-F29 | G28: =G16-G29 | H28: =H16-H29 | I28: =I16-I29 | J28: =J16-J29 | K28: =K16-K23 | L28: =L16-L29 | M28: =M16-M23 | N28: =N16-N29 | O28: =O16-O23 | P28: =P16-P29 | Q28: =Q16-Q23 | R28: =R16-R29 | S28: =S16-S29 | T28: =T16-T29 | U28: =U16-U29 | V28: =V16-V29 | W28: =W16-W29 | X28: =X16-X29 | Y28: =Y16-Y23 | Z28: =Z16-Z29 | AA28: =AA16-AA23 | AB28: =AB16-AB29 | AC28: =AC16-AC23 | AD28: =AD16-AD23 | AE28: =AE16-AE29 | AF28: =AF16-AF29 | AG28: =AG16-AG29 | AH28: =AH16-AH29 | AI28: =AI16-AI29 | AJ28: =AJ16-AJ29 | AK28: =AK16-AK23 | AL28: =AL16-AL29 | AM28: =AM16-AM23 | AN28: =AN16-AN29 | AO28: =AO16-AO23 | AP28: =AP16-AP29 | AQ28: =AQ16-AQ23 | AR28: =AR16-AR29 | AS28: =AS16-AS23 | AT28: =AT16-AT29 | AU28: =AU16-AU23 | AV28: =AV16-AV29 | AW28: =AW16-AW23 | AX28: =AX16-AX29 | AY28: =AY16-AY23 | AZ28: =AZ16-AZ29 | BA28: =BA16-BA23 | BB28: =BB16-BB29 | BC28: =BC16-BC23 | BD28: =BD16-BD29 | BE28: =BE16-BE23 | BF28: =BD28/12 | BG28: =BE28/12 | BJ28: =BJ16-BJ29 | BK28: =BK16-BK29 | BL28: =BL16-BL29 | BM28: =BM16-BM29 | BN28: =BN16-BN29 | BO28: =BO16-BO23 | BP28: =BP16-BP29 | BQ28: =BQ16-BQ23 | BR28: =BR16-BR29 | BS28: =BS16-BS23 | BT28: =BT16-BT29 | BU28: =BU16-BU23 | BV28: =BV16-BV29 | BW28: =BW16-BW23 | BX28: =BX16-BX29 | BY28: =BY16-BY23 | BZ28: =BZ16-BZ29 | CA28: =CA16-CA23 | CB28: =CB16-CB29 | CC28: =CC16-CC23 | CD28: =CD16-CD29 | CE28: =CE16-CE23 | CF28: =CF16-CF29 | CG28: =CG16-CG23 | CH28: =CH16-CH29 | CI28: =CI16-CI23 | CJ28: =CH28/2 | CK28: =CI28/2
A29: 2 | B29: Market | D29: =D23 | E29: =E23 | F29: =F23 | G29: =G23 | H29: =H23 | I29: =I23 | J29: =J23 | K29: =K23 | ... AB29: =AB23 | AC29: =AB23 | AD29: =AD23 | AE29: =AE23 | AF29: =AF23 | AG29: =AG23 | AH29: =AH23 | AI29: =AI23 | AJ29: =AJ23 | AK29: =AK23 | ... BE29: =BE23 | BF29: =BD29/12 | BG29: =BE29/12 | BJ29: =BJ23 | BK29: =BK23 | BL29: =BL23 | BM29: =BM23 | BN29: =BN23 | BO29: =BO23 | BP29: =BP23 | BQ29: =BQ23 | ... CI29: =CI23 | CJ29: =CH29/2 | CK29: =CI29/2
A30: Total Sales | D30: =SUM(D28:D29) | E30: =SUM(E28:E29) | F30: =SUM(F28:F29) | G30: =SUM(G28:G29) | H30: =SUM(H28:H29) | I30: =SUM(I28:I29) | J30: =SUM(J28:J29) | K30: =SUM(K28:K29) | ... BG30: =SUM(BG28:BG29) | BJ30: =SUM(BJ28:BJ29) | BK30: =SUM(BK28:BK29) | BL30: =SUM(BL28:BL29) | BM30: =SUM(BM28:BM29) | BN30: =SUM(BN28:BN29) | BO30: =SUM(BO28:BO29) | BP30: =SUM(BP28:BP29) | BQ30: =SUM(BQ28:BQ29) | ... CK30: =SUM(CK28:CK29)
A31: 1 | B31: Wholesales (%) | D31: =D28/D30 | E31: =E28/E30 | F31: =F28/F30 | G31: =G28/G30 | H31: =H28/H30 | I31: =I28/I30 | J31: =J28/J30 | K31: =K28/K30 | ... BF31: =BF28/BF30 | BG31: =BG30/BG28 | BJ31: =BJ28/BJ30 | BK31: =BK28/BK30 | BL31: =BL28/BL30 | BM31: =BM28/BM30 | BN31: =BN28/BN30 | BO31: =BO28/BO30 | BP31: =BP28/BP30 | BQ31: =BQ28/BQ30 | ... CK31: =CK28/CK30
A32: 2 | B32: Market (%) | D32: =D29/D30 | E32: =E29/E30 | F32: =F29/F30 | G32: =G29/G30 | H32: =H29/H30 | I32: =I29/I30 | J32: =J29/J30 | K32: =K29/K30 | ... BG32: =BG29/BG30 | BJ32: =BJ29/BJ30 | BK32: =BK29/BK30 | BL32: =BL29/BL30 | BM32: =BM29/BM30 | BN32: =BN29/BN30 | BO32: =BO29/BO30 | BP32: =BP29/BP30 | BQ32: =BQ29/BQ30 | ... CK32: =CK29/CK30

Sheet Meiktila
B1: 2024 - Sales Details Meiktila (MeiktilaTownship)
A2: Sr | B2: Product Name | C2: Ml | D2: Packing | E2: 45292 | H2: 45323 | K2: 45352 | N2: 45383 | Q2: 45413 | T2: 45444 | W2: 45474 | Z2: 45505 | AC2: 45536 | AF2: 45566 | AI2: 45597 | AL2: 45627 | AO2: 2024 Total | AR2: 2024 Average | AT2: 45658 | AW2: 45689 | AZ2: 45717 | BC2: 45748 | BF2: 45778 | BI2: 45809 | BL2: 45839 | BO2: 45870 | BR2: 45901 | BU2: 45931 | BX2: 45962 | CA2: 45992 | CD2: 2025 -Total | CG2: 2025 Average | CI2: 46023 | CL2: 46054 | CO2: 46082 | CR2: 46113 | CU2: 46143 | CX2: 46174 | DA2: 46204 | DD2: 46235 | DG2: 46266 | DJ2: 46296 | DM2: 46327 | DP2: 46357 | DS2: 2026 -Total | DV2: 2026 Average
E3: PK | F3: Bottle | G3: Liter | H3: PK | I3: Bottle | J3: Liter | K3: PK | L3: Bottle | M3: Liter | N3: PK | O3: Bottle | P3: Liter | Q3: PK | R3: Bottle | S3: Liter | T3: PK | U3: Bottle | V3: Liter | W3: PK | X3: Bottle | Y3: Liter | Z3: PK | AA3: Bottle | AB3: Liter | AC3: PK | AD3: Bottle | AE3: Liter | AF3: PK | AG3: Bottle | AH3: Liter | AI3: PK | AJ3: Bottle | AK3: Liter | AL3: PK | AM3: Bottle | AN3: Liter | AO3: PK | AP3: Bottle | AQ3: Liter | AR3: Bottle | AS3: Liter | AT3: PK | AU3: Bottle | AV3: Liter | AW3: PK | AX3: Bottle | AY3: Liter | AZ3: PK | BA3: Bottle | BB3: Liter | BC3: PK | BD3: Bottle | BE3: Liter | BF3: PK | BG3: Bottle | BH3: Liter | BI3: PK | BJ3: Bottle | BK3: Liter | BL3: PK | BM3: Bottle | BN3: Liter | BO3: PK | BP3: Bottle | BQ3: Liter | BR3: PK | BS3: Bottle | BT3: Liter | BU3: PK | BV3: Bottle | BW3: Liter | BX3: PK | BY3: Bottle | BZ3: Liter | CA3: PK | CB3: Bottle | CC3: Liter | CD3: PK | CE3: Bottle | CF3: Liter | CG3: Bottle | CH3: Liter | CI3: PK | CJ3: Bottle | CK3: Liter | CL3: PK | CM3: Bottle | CN3: Liter | CO3: PK | CP3: Bottle | CQ3: Liter | CR3: PK | CS3: Bottle | CT3: Liter | CU3: PK | CV3: Bottle | CW3: Liter | CX3: PK | CY3: Bottle | CZ3: Liter | DA3: PK | DB3: Bottle | DC3: Liter | DD3: PK | DE3: Bottle | DF3: Liter | DG3: PK | DH3: Bottle | DI3: Liter | DJ3: PK | DK3: Bottle | DL3: Liter | DM3: PK | DN3: Bottle | DO3: Liter | DP3: PK | DQ3: Bottle | DR3: Liter | DS3: PK | DT3: Bottle | DU3: Liter | DV3: Bottle | DW3: Liter
A4: 1 | B4: "Zay" Vodka 700-ml | C4: 0.7 | D4: 1 * 12 | E4: 35 | F4: 420 | G4: =F4*$C4 | H4: 3 | I4: 36 | J4: =I4*$C4 | K4: 12 | L4: 144 | M4: =L4*$C4 | N4: 25 | O4: 300 | P4: =O4*$C4 | T4: 1 | U4: 12 | V4: =U4*$C4 | W4: 11 | X4: 138 | Y4: =X4*$C4 | AB4: =AA4*$C4 | AC4: 10 | AD4: 120 | AE4: =AD4*$C4 | AH4: =AG4*$C4 | AN4: =AM4*$C4 | AO4: =E4+H4+K4+N4+Q4+T4+W4+Z4+AC4+AF4+AI4+AL4 | AP4: =F4+I4+L4+O4+R4+U4+X4+AA4+AD4+AG4+AJ4+AM4 | AQ4: =G4+J4+M4+P4+S4+V4+Y4+AB4+AE4+AH4+AK4+AN4 | AR4: =+AP4/12 | AS4: =+AQ4/12 | AY4: =AX4*$C4 | BK4: =BJ4*$C4 | BN4: =BM4*C4 | BQ4: =BP4*C4 | BS4: 2 | BT4: =BS4*C4 | BW4: =BV4*C4 | BZ4: =BY4*C4 | CC4: =CB4*C4 | CD4: =AT4+AW4+AZ4+BC4+BF4+BI4+BL4+BO4+BR4+BU4+BX4+CA4 | CE4: =AU4+AX4+BA4+BD4+BG4+BJ4+BM4+BP4+BS4+BV4+BY4+CB4 | CF4: =AV4+AY4+BB4+BE4+BH4+BK4+BN4+BQ4+BT4+BW4+BZ4+CC4 | CG4: =+CE4/12 | CH4: =+CF4/12 | CI4: 10 | CJ4: 120 | CK4: =CJ4*C4 | CL4: 9 | CM4: 108 | CN4: =CM4*C4 | CO4: 11 | CP4: 132 | CQ4: 92.4 | DS4: =CI4+CL4+CO4+CR4+CU4+CX4+DA4+DD4+DG4+DJ4+DM4+DP4 | DT4: =CJ4+CM4+CP4+CS4+CV4+CY4+DB4+DE4+DH4+DK4+DN4+DQ4 | DU4: =CK4+CN4+CQ4+CT4+CW4+CZ4+DC4+DF4+DI4+DL4+DO4+DR4
G5: =F5*$C5 | J5: =I5*$C5 | M5: =L5*$C5 | P5: =O5*$C5 | V5: =U5*$C5 | Y5: =X5*$C5 | AB5: =AA5*$C5 | AE5: =AD5*$C5 | AH5: =AG5*$C5 | AN5: =AM5*$C5 | AO5: =E5+H5+K5+N5+Q5+T5+W5+Z5+AC5+AF5+AI5+AL5 | AP5: =F5+I5+L5+O5+R5+U5+X5+AA5+AD5+AG5+AJ5+AM5 | AQ5: =G5+J5+M5+P5+S5+V5+Y5+AB5+AE5+AH5+AK5+AN5 | AR5: =+AP5/12 | AS5: =+AQ5/12 | AY5: =AX5*$C5 | BK5: =BJ5*$C5 | BN5: =BM5*C5 | BQ5: =BP5*C5 | BT5: =BS5*C5 | BW5: =BV5*C5 | BZ5: =BY5*C5 | CC5: =CB5*C5 | CD5: =AT5+AW5+AZ5+BC5+BF5+BI5+BL5+BO5+BR5+BU5+BX5+CA5 | CE5: =AU5+AX5+BA5+BD5+BG5+BJ5+BM5+BP5+BS5+BV5+BY5+CB5 | CF5: =AV5+AY5+BB5+BE5+BH5+BK5+BN5+BQ5+BT5+BW5+BZ5+CC5 | CG5: =+CE5/12 | CH5: =+CF5/12 | CK5: =CJ5*C5 | CN5: =CM5*C5 | DS5: =CI5+CL5+CO5+CR5+CU5+CX5+DA5+DD5+DG5+DJ5+DM5+DP5 | DT5: =CJ5+CM5+CP5+CS5+CV5+CY5+DB5+DE5+DH5+DK5+DN5+DQ5 | DU5: =CK5+CN5+CQ5+CT5+CW5+CZ5+DC5+DF5+DI5+DL5+DO5+DR5
A6: 2 | B6: "Zay" Vodka (1 Liter) | C6: 1 | D6: 1 * 12 | G6: =F6*$C6 | J6: =I6*$C6 | M6: =L6*$C6 | P6: =O6*$C6 | V6: =U6*$C6 | Y6: =X6*$C6 | AB6: =AA6*$C6 | AE6: =AD6*$C6 | AH6: =AG6*$C6 | AN6: =AM6*$C6 | AO6: =E6+H6+K6+N6+Q6+T6+W6+Z6+AC6+AF6+AI6+AL6 | AP6: =F6+I6+L6+O6+R6+U6+X6+AA6+AD6+AG6+AJ6+AM6 | AQ6: =G6+J6+M6+P6+S6+V6+Y6+AB6+AE6+AH6+AK6+AN6 | AR6: =+AP6/12 | AS6: =+AQ6/12 | AY6: =AX6*$C6 | BK6: =BJ6*$C6 | BN6: =BM6*C6 | BQ6: =BP6*C6 | BT6: =BS6*C6 | BW6: =BV6*C6 | BZ6: =BY6*C6 | CC6: =CB6*C6 | CD6: =AT6+AW6+AZ6+BC6+BF6+BI6+BL6+BO6+BR6+BU6+BX6+CA6 | CE6: =AU6+AX6+BA6+BD6+BG6+BJ6+BM6+BP6+BS6+BV6+BY6+CB6 | CF6: =AV6+AY6+BB6+BE6+BH6+BK6+BN6+BQ6+BT6+BW6+BZ6+CC6 | CG6: =+CE6/12 | CH6: =+CF6/12 | CK6: =CJ6*C6 | CN6: =CM6*C6 | DS6: =CI6+CL6+CO6+CR6+CU6+CX6+DA6+DD6+DG6+DJ6+DM6+DP6 | DT6: =CJ6+CM6+CP6+CS6+CV6+CY6+DB6+DE6+DH6+DK6+DN6+DQ6 | DU6: =CK6+CN6+CQ6+CT6+CW6+CZ6+DC6+DF6+DI6+DL6+DO6+DR6
A7: 3 | B7: "Zay" (1 Liter) | C7: 1 | D7: 1 * 12 | G7: =F7*$C7 | J7: =I7*$C7 | M7: =L7*$C7 | P7: =O7*$C7 | V7: =U7*$C7 | Y7: =X7*$C7 | AB7: =AA7*$C7 | AE7: =AD7*$C7 | AH7: =AG7*$C7 | AN7: =AM7*$C7 | AO7: =E7+H7+K7+N7+Q7+T7+W7+Z7+AC7+AF7+AI7+AL7 | AP7: =F7+I7+L7+O7+R7+U7+X7+AA7+AD7+AG7+AJ7+AM7 | AQ7: =G7+J7+M7+P7+S7+V7+Y7+AB7+AE7+AH7+AK7+AN7 | AR7: =+AP7/12 | AS7: =+AQ7/12 | AY7: =AX7*$C7 | BK7: =BJ7*$C7 | BL7: 2 | BM7: 24 | BN7: =BM7*C7 | BQ7: =BP7*C7 | BT7: =BS7*C7 | BW7: =BV7*C7 | BZ7: =BY7*C7 | CC7: =CB7*C7 | CD7: =AT7+AW7+AZ7+BC7+BF7+BI7+BL7+BO7+BR7+BU7+BX7+CA7 | CE7: =AU7+AX7+BA7+BD7+BG7+BJ7+BM7+BP7+BS7+BV7+BY7+CB7 | CF7: =AV7+AY7+BB7+BE7+BH7+BK7+BN7+BQ7+BT7+BW7+BZ7+CC7 | CG7: =+CE7/12 | CH7: =+CF7/12 | CK7: =CJ7*C7 | CN7: =CM7*C7 | DS7: =CI7+CL7+CO7+CR7+CU7+CX7+DA7+DD7+DG7+DJ7+DM7+DP7 | DT7: =CJ7+CM7+CP7+CS7+CV7+CY7+DB7+DE7+DH7+DK7+DN7+DQ7 | DU7: =CK7+CN7+CQ7+CT7+CW7+CZ7+DC7+DF7+DI7+DL7+DO7+DR7
A8: 4 | B8: "Zay" (0.6 Liter) | C8: 0.6 | D8: 1 * 12 | G8: =F8*$C8 | J8: =I8*$C8 | M8: =L8*$C8 | P8: =O8*$C8 | V8: =U8*$C8 | Y8: =X8*$C8 | AB8: =AA8*$C8 | AE8: =AD8*$C8 | AH8: =AG8*$C8 | AN8: =AM8*$C8 | AO8: =E8+H8+K8+N8+Q8+T8+W8+Z8+AC8+AF8+AI8+AL8 | AP8: =F8+I8+L8+O8+R8+U8+X8+AA8+AD8+AG8+AJ8+AM8 | AQ8: =G8+J8+M8+P8+S8+V8+Y8+AB8+AE8+AH8+AK8+AN8 | AR8: =+AP8/12 | AS8: =+AQ8/12 | AY8: =AX8*$C8 | BK8: =BJ8*$C8 | BN8: =BM8*C8 | BQ8: =BP8*C8 | BT8: =BS8*C8 | BW8: =BV8*C8 | BZ8: =BY8*C8 | CC8: =CB8*C8 | CD8: =AT8+AW8+AZ8+BC8+BF8+BI8+BL8+BO8+BR8+BU8+BX8+CA8 | CE8: =AU8+AX8+BA8+BD8+BG8+BJ8+BM8+BP8+BS8+BV8+BY8+CB8 | CF8: =AV8+AY8+BB8+BE8+BH8+BK8+BN8+BQ8+BT8+BW8+BZ8+CC8 | CG8: =+CE8/12 | CH8: =+CF8/12 | CK8: =CJ8*C8 | CN8: =CM8*C8 | DS8: =CI8+CL8+CO8+CR8+CU8+CX8+DA8+DD8+DG8+DJ8+DM8+DP8 | DT8: =CJ8+CM8+CP8+CS8+CV8+CY8+DB8+DE8+DH8+DK8+DN8+DQ8 | DU8: =CK8+CN8+CQ8+CT8+CW8+CZ8+DC8+DF8+DI8+DL8+DO8+DR8
A9: 5 | B9: "Zay" (0.35 Liter) | C9: 0.35 | D9: 1 * 40 | G9: =F9*$C9 | J9: =I9*$C9 | M9: =L9*$C9 | P9: =O9*$C9 | V9: =U9*$C9 | Y9: =X9*$C9 | AB9: =AA9*$C9 | AE9: =AD9*$C9 | AH9: =AG9*$C9 | AN9: =AM9*$C9 | AO9: =E9+H9+K9+N9+Q9+T9+W9+Z9+AC9+AF9+AI9+AL9 | AP9: =F9+I9+L9+O9+R9+U9+X9+AA9+AD9+AG9+AJ9+AM9 | AQ9: =G9+J9+M9+P9+S9+V9+Y9+AB9+AE9+AH9+AK9+AN9 | AR9: =+AP9/12 | AS9: =+AQ9/12 | AY9: =AX9*$C9 | BK9: =BJ9*$C9 | BN9: =BM9*C9 | BQ9: =BP9*C9 | BT9: =BS9*C9 | BW9: =BV9*C9 | BZ9: =BY9*C9 | CC9: =CB9*C9 | CD9: =AT9+AW9+AZ9+BC9+BF9+BI9+BL9+BO9+BR9+BU9+BX9+CA9 | CE9: =AU9+AX9+BA9+BD9+BG9+BJ9+BM9+BP9+BS9+BV9+BY9+CB9 | CF9: =AV9+AY9+BB9+BE9+BH9+BK9+BN9+BQ9+BT9+BW9+BZ9+CC9 | CG9: =+CE9/12 | CH9: =+CF9/12 | CK9: =CJ9*C9 | CN9: =CM9*C9 | DS9: =CI9+CL9+CO9+CR9+CU9+CX9+DA9+DD9+DG9+DJ9+DM9+DP9 | DT9: =CJ9+CM9+CP9+CS9+CV9+CY9+DB9+DE9+DH9+DK9+DN9+DQ9 | DU9: =CK9+CN9+CQ9+CT9+CW9+CZ9+DC9+DF9+DI9+DL9+DO9+DR9
A10: 6 | B10: "Zay" Vodka | C10: 0.7 | D10: 1 * 24 | G10: =F10*$C10 | J10: =I10*$C10 | M10: =L10*$C10 | P10: =O10*$C10 | V10: =U10*$C10 | Y10: =X10*$C10 | AB10: =AA10*$C10 | AE10: =AD10*$C10 | AH10: =AG10*$C10 | AN10: =AM10*$C10 | AO10: =E10+H10+K10+N10+Q10+T10+W10+Z10+AC10+AF10+AI10+AL10 | AP10: =F10+I10+L10+O10+R10+U10+X10+AA10+AD10+AG10+AJ10+AM10 | AQ10: =G10+J10+M10+P10+S10+V10+Y10+AB10+AE10+AH10+AK10+AN10 | AR10: =+AP10/12 | AS10: =+AQ10/12 | AY10: =AX10*$C10 | BK10: =BJ10*$C10 | BN10: =BM10*C10 | BQ10: =BP10*C10 | BT10: =BS10*C10 | BW10: =BV10*C10 | BZ10: =BY10*C10 | CC10: =CB10*C10 | CD10: =AT10+AW10+AZ10+BC10+BF10+BI10+BL10+BO10+BR10+BU10+BX10+CA10 | CE10: =AU10+AX10+BA10+BD10+BG10+BJ10+BM10+BP10+BS10+BV10+BY10+CB10 | CF10: =AV10+AY10+BB10+BE10+BH10+BK10+BN10+BQ10+BT10+BW10+BZ10+CC10 | CG10: =+CE10/12 | CH10: =+CF10/12 | CK10: =CJ10*C10 | CN10: =CM10*C10 | DS10: =CI10+CL10+CO10+CR10+CU10+CX10+DA10+DD10+DG10+DJ10+DM10+DP10 | DT10: =CJ10+CM10+CP10+CS10+CV10+CY10+DB10+DE10+DH10+DK10+DN10+DQ10 | DU10: =CK10+CN10+CQ10+CT10+CW10+CZ10+DC10+DF10+DI10+DL10+DO10+DR10
A11: 7 | B11: "Zay" - 640ml | C11: 0.64 | D11: 1 * 24 | G11: =F11*$C11 | J11: =I11*$C11 | M11: =L11*$C11 | P11: =O11*$C11 | V11: =U11*$C11 | Y11: =X11*$C11 | AB11: =AA11*$C11 | AE11: =AD11*$C11 | AH11: =AG11*$C11 | AN11: =AM11*$C11 | AO11: =E11+H11+K11+N11+Q11+T11+W11+Z11+AC11+AF11+AI11+AL11 | AP11: =F11+I11+L11+O11+R11+U11+X11+AA11+AD11+AG11+AJ11+AM11 | AQ11: =G11+J11+M11+P11+S11+V11+Y11+AB11+AE11+AH11+AK11+AN11 | AR11: =+AP11/12 | AS11: =+AQ11/12 | AY11: =AX11*$C11 | BK11: =BJ11*$C11 | BN11: =BM11*C11 | BQ11: =BP11*C11 | BT11: =BS11*C11 | BW11: =BV11*C11 | BZ11: =BY11*C11 | CC11: =CB11*C11 | CD11: =AT11+AW11+AZ11+BC11+BF11+BI11+BL11+BO11+BR11+BU11+BX11+CA11 | CE11: =AU11+AX11+BA11+BD11+BG11+BJ11+BM11+BP11+BS11+BV11+BY11+CB11 | CF11: =AV11+AY11+BB11+BE11+BH11+BK11+BN11+BQ11+BT11+BW11+BZ11+CC11 | CG11: =+CE11/12 | CH11: =+CF11/12 | CK11: =CJ11*C11 | CN11: =CM11*C11 | DS11: =CI11+CL11+CO11+CR11+CU11+CX11+DA11+DD11+DG11+DJ11+DM11+DP11 | DT11: =CJ11+CM11+CP11+CS11+CV11+CY11+DB11+DE11+DH11+DK11+DN11+DQ11 | DU11: =CK11+CN11+CQ11+CT11+CW11+CZ11+DC11+DF11+DI11+DL11+DO11+DR11
A12: 8 | B12: "Zay" - 640ml | C12: 0.64 | D12: 1 * 14 | E12: 2691 | F12: 37674 | G12: =F12*$C12 | H12: 2290 | I12: 32060 | J12: =I12*$C12 | K12: 2332 | L12: 32648 | M12: =L12*$C12 | N12: 2366 | O12: 33124 | P12: =O12*$C12 | Q12: 2615 | R12: 36616 | S12: =R12*$C12 | T12: 2075 | U12: 29059 | V12: =U12*$C12 | W12: 2262 | X12: 31675 | Y12: =X12*$C12 | Z12: 2380 | AA12: 33329 | AB12: =AA12*$C12 | AC12: 2589 | AD12: 36246 | AE12: =AD12*$C12 | AF12: 2481 | AG12: 34734 | AH12: =AG12*$C12 | AI12: 2464 | AJ12: 34496 | AK12: =AJ12*$C12 | AL12: 2694 | AM12: 37716 | AN12: =AM12*$C12 | AO12: =E12+H12+K12+N12+Q12+T12+W12+Z12+AC12+AF12+AI12+AL12 | AP12: =F12+I12+L12+O12+R12+U12+X12+AA12+AD12+AG12+AJ12+AM12 | AQ12: =G12+J12+M12+P12+S12+V12+Y12+AB12+AE12+AH12+AK12+AN12 | AR12: =+AP12/12 | AS12: =+AQ12/12 | AT12: 2503 | AU12: 35045 | AV12: 22428.8 | AW12: 2402 | AX12: 33628 | AY12: 21521.92 | AZ12: 2256 | BA12: 31584 | BB12: =BA12*$C12 | BC12: 2103 | BD12: 29442 | BE12: =BD12*$C12 | BF12: 2253 | BG12: 31546 | BH12: =BG12*$C12 | BI12: 2376 | BJ12: 33270 | BK12: =BJ12*$C12 | BL12: 2727 | BM12: 38187 | BN12: =BM12*C12 | BO12: 2267 | BP12: 31738 | BQ12: =BP12*C12 | BR12: 2456 | BS12: 34394 | BT12: =BS12*C12 | BU12: 2460 | BV12: 34446 | BW12: =BV12*C12 | BX12: 2293 | BY12: 32102 | BZ12: =BY12*C12 | CA12: 2433 | CB12: 34069 | CC12: =CB12*C12 | CD12: =AT12+AW12+AZ12+BC12+BF12+BI12+BL12+BO12+BR12+BU12+BX12+CA12 | CE12: =AU12+AX12+BA12+BD12+BG12+BJ12+BM12+BP12+BS12+BV12+BY12+CB12 | CF12: =AV12+AY12+BB12+BE12+BH12+BK12+BN12+BQ12+BT12+BW12+BZ12+CC12 | CG12: =+CE12/12 | CH12: =+CF12/12 | CI12: 2124 | CJ12: 29736 | CK12: =CJ12*C12 | CL12: 2032 | CM12: 28453 | CN12: =CM12*C12 | DS12: =CI12+CL12+CO12+CR12+CU12+CX12+DA12+DD12+DG12+DJ12+DM12+DP12 | DT12: =CJ12+CM12+CP12+CS12+CV12+CY12+DB12+DE12+DH12+DK12+DN12+DQ12 | DU12: =CK12+CN12+CQ12+CT12+CW12+CZ12+DC12+DF12+DI12+DL12+DO12+DR12
A13: 9 | B13: "Zay" - 640ml | C13: 0.64 | D13: 1 * 12 | G13: =F13*$C13 | J13: =I13*$C13 | M13: =L13*$C13 | P13: =O13*$C13 | S13: =R13*$C13 | V13: =U13*$C13 | Y13: =X13*$C13 | AB13: =AA13*$C13 | AE13: =AD13*$C13 | AH13: =AG13*$C13 | AK13: =AJ13*$C13 | AN13: =AM13*$C13 | AO13: =E13+H13+K13+N13+Q13+T13+W13+Z13+AC13+AF13+AI13+AL13 | AP13: =F13+I13+L13+O13+R13+U13+X13+AA13+AD13+AG13+AJ13+AM13 | AQ13: =G13+J13+M13+P13+S13+V13+Y13+AB13+AE13+AH13+AK13+AN13 | AR13: =+AP13/12 | AS13: =+AQ13/12 | AY13: =AX13*$C13 | BB13: =BA13*$C13 | BE13: =BD13*$C13 | BH13: =BG13*$C13 | BK13: =BJ13*$C13 | BN13: =BM13*C13 | BQ13: =BP13*C13 | BT13: =BS13*C13 | BW13: =BV13*C13 | BZ13: =BY13*C13 | CC13: =CB13*C13 | CD13: =AT13+AW13+AZ13+BC13+BF13+BI13+BL13+BO13+BR13+BU13+BX13+CA13 | CE13: =AU13+AX13+BA13+BD13+BG13+BJ13+BM13+BP13+BS13+BV13+BY13+CB13 | CF13: =AV13+AY13+BB13+BE13+BH13+BK13+BN13+BQ13+BT13+BW13+BZ13+CC13 | CG13: =+CE13/12 | CH13: =+CF13/12 | CK13: =CJ13*C13 | CN13: =CM13*C13 | DS13: =CI13+CL13+CO13+CR13+CU13+CX13+DA13+DD13+DG13+DJ13+DM13+DP13 | DT13: =CJ13+CM13+CP13+CS13+CV13+CY13+DB13+DE13+DH13+DK13+DN13+DQ13 | DU13: =CK13+CN13+CQ13+CT13+CW13+CZ13+DC13+DF13+DI13+DL13+DO13+DR13
A14: 10 | B14: "Zay" - 640ml | C14: 0.64 | D14: 1 * 14 | G14: =F14*$C14 | M14: =L14*$C14 | P14: =O14*$C14 | S14: =R14*$C14 | V14: =U14*$C14 | Y14: =X14*$C14 | AB14: =AA14*$C14 | AE14: =AD14*$C14 | AH14: =AG14*$C14 | AK14: =AJ14*$C14 | AN14: =AM14*$C14 | AO14: =E14+H14+K14+N14+Q14+T14+W14+Z14+AC14+AF14+AI14+AL14 | AP14: =F14+I14+L14+O14+R14+U14+X14+AA14+AD14+AG14+AJ14+AM14 | AQ14: =G14+J14+M14+P14+S14+V14+Y14+AB14+AE14+AH14+AK14+AN14 | AR14: =+AP14/12 | AS14: =+AQ14/12 | BB14: =BA14*$C14 | BE14: =BD14*$C14 | BH14: =BG14*$C14 | BK14: =BJ14*$C14 | BN14: =BM14*C14 | BQ14: =BP14*C14 | BT14: =BS14*C14 | BW14: =BV14*C14 | BZ14: =BY14*C14 | CC14: =CB14*C14 | CD14: =AT14+AW14+AZ14+BC14+BF14+BI14+BL14+BO14+BR14+BU14+BX14+CA14 | CE14: =AU14+AX14+BA14+BD14+BG14+BJ14+BM14+BP14+BS14+BV14+BY14+CB14 | CF14: =AV14+AY14+BB14+BE14+BH14+BK14+BN14+BQ14+BT14+BW14+BZ14+CC14 | CG14: =+CE14/12 | CH14: =+CF14/12 | CK14: =CJ14*C14 | CN14: =CM14*C14 | DS14: =CI14+CL14+CO14+CR14+CU14+CX14+DA14+DD14+DG14+DJ14+DM14+DP14 | DT14: =CJ14+CM14+CP14+CS14+CV14+CY14+DB14+DE14+DH14+DK14+DN14+DQ14 | DU14: =CK14+CN14+CQ14+CT14+CW14+CZ14+DC14+DF14+DI14+DL14+DO14+DR14
G15: =F15*$C15 | J15: =I15*$C15 | M15: =L15*$C15 | P15: =O15*$C15 | S15: =R15*$C15 | V15: =U15*$C15 | Y15: =X15*$C15 | AB15: =AA15*$C15 | AE15: =AD15*$C15 | AH15: =AG15*$C15 | AK15: =AJ15*$C15 | AN15: =AM15*$C15 | AO15: =E15+H15+K15+N15+Q15+T15+W15+Z15+AC15+AF15+AI15+AL15 | AP15: =F15+I15+L15+O15+R15+U15+X15+AA15+AD15+AG15+AJ15+AM15 | AQ15: =G15+J15+M15+P15+S15+V15+Y15+AB15+AE15+AH15+AK15+AN15 | AR15: =+AP15/12 | AS15: =+AQ15/12 | AY15: =AX15*$C15 | BB15: =BA15*$C15 | BE15: =BD15*$C15 | BH15: =BG15*$C15 | BK15: =BJ15*$C15 | BN15: =BM15*C15 | BQ15: =BP15*C15 | BT15: =BS15*C15 | BW15: =BV15*C15 | BZ15: =BY15*C15 | CC15: =CB15*C15 | CD15: =AT15+AW15+AZ15+BC15+BF15+BI15+BL15+BO15+BR15+BU15+BX15+CA15 | CE15: =AU15+AX15+BA15+BD15+BG15+BJ15+BM15+BP15+BS15+BV15+BY15+CB15 | CF15: =AV15+AY15+BB15+BE15+BH15+BK15+BN15+BQ15+BT15+BW15+BZ15+CC15 | CG15: =+CE15/12 | CH15: =+CF15/12 | CK15: =CJ15*C15 | CN15: =CM15*C15 | DS15: =CI15+CL15+CO15+CR15+CU15+CX15+DA15+DD15+DG15+DJ15+DM15+DP15 | DT15: =CJ15+CM15+CP15+CS15+CV15+CY15+DB15+DE15+DH15+DK15+DN15+DQ15 | DU15: =CK15+CN15+CQ15+CT15+CW15+CZ15+DC15+DF15+DI15+DL15+DO15+DR15
A16: 11 | B16: Kaung Kyi (1 Liter)_25% | C16: 1 | D16: 1 * 12 | E16: 570 | F16: 6840 | G16: =F16*$C16 | H16: 460 | I16: 5520 | J16: =I16*$C16 | K16: 391 | L16: 4692 | M16: =L16*$C16 | N16: 455 | O16: 5460 | P16: =O16*$C16 | Q16: 447 | R16: 5364 | S16: =R16*$C16 | T16: 488 | U16: 5856 | V16: =U16*$C16 | W16: 690 | X16: 8280 | Y16: =X16*$C16 | Z16: 690 | AA16: 8280 | AB16: =AA16*$C16 | AC16: 890 | AD16: 10680 | AE16: =AD16*$C16 | AF16: 1050 | AG16: 12600 | AH16: =AG16*$C16 | AI16: 800 | AJ16: 9600 | AK16: =AJ16*$C16 | AL16: 1015 | AM16: 12180 | AN16: =AM16*$C16 | AO16: =E16+H16+K16+N16+Q16+T16+W16+Z16+AC16+AF16+AI16+AL16 | AP16: =F16+I16+L16+O16+R16+U16+X16+AA16+AD16+AG16+AJ16+AM16 | AQ16: =G16+J16+M16+P16+S16+V16+Y16+AB16+AE16+AH16+AK16+AN16 | AR16: =+AP16/12 | AS16: =+AQ16/12 | AT16: 1162 | AU16: 13944 | AV16: 13944 | AW16: 555 | AX16: 6660 | AY16: 6660 | AZ16: 825 | BA16: 9900 | BB16: =BA16*$C16 | BC16: 980 | BD16: 11760 | BE16: =BD16*$C16 | BF16: 1099 | BG16: 13188 | BH16: =BG16*$C16 | BI16: 1175 | BJ16: 14100 | BK16: =BJ16*$C16 | BL16: 1077 | BM16: 12924 | BN16: =BM16*C16 | BO16: 1385 | BP16: 16620 | BQ16: =BP16*C16 | BR16: 1680 | BS16: 20160 | BT16: =BS16*C16 | BU16: 1500 | BV16: 18000 | BW16: =BV16*C16 | BX16: 1226 | BY16: 14712 | BZ16: =BY16*C16 | CA16: 1370 | CB16: 16440 | CC16: =CB16*C16 | CD16: =AT16+AW16+AZ16+BC16+BF16+BI16+BL16+BO16+BR16+BU16+BX16+CA16 | CE16: =AU16+AX16+BA16+BD16+BG16+BJ16+BM16+BP16+BS16+BV16+BY16+CB16 | CF16: =AV16+AY16+BB16+BE16+BH16+BK16+BN16+BQ16+BT16+BW16+BZ16+CC16 | CG16: =+CE16/12 | CH16: =+CF16/12 | CI16: 1802 | CJ16: 21628 | CK16: =CJ16*C16 | CL16: 1079 | CM16: 12952 | CN16: =CM16*C16 | DS16: =CI16+CL16+CO16+CR16+CU16+CX16+DA16+DD16+DG16+DJ16+DM16+DP16 | DT16: =CJ16+CM16+CP16+CS16+CV16+CY16+DB16+DE16+DH16+DK16+DN16+DQ16 | DU16: =CK16+CN16+CQ16+CT16+CW16+CZ16+DC16+DF16+DI16+DL16+DO16+DR16
A17: 12 | B17: Kaung Kyi (1 Liter)_40% | C17: 1 | D17: 1 * 12 | G17: =F17*$C17 | J17: =I17*$C17 | M17: =L17*$C17 | P17: =O17*$C17 | S17: =R17*$C17 | V17: =U17*$C17 | Y17: =X17*$C17 | AB17: =AA17*$C17 | AE17: =AD17*$C17 | AH17: =AG17*$C17 | AK17: =AJ17*$C17 | AN17: =AM17*$C17 | AO17: =E17+H17+K17+N17+Q17+T17+W17+Z17+AC17+AF17+AI17+AL17 | AP17: =F17+I17+L17+O17+R17+U17+X17+AA17+AD17+AG17+AJ17+AM17 | AQ17: =G17+J17+M17+P17+S17+V17+Y17+AB17+AE17+AH17+AK17+AN17 | AR17: =+AP17/12 | AS17: =+AQ17/12 | AY17: =AX17*$C17 | BB17: =BA17*$C17 | BE17: =BD17*$C17 | BH17: =BG17*$C17 | BK17: =BJ17*$C17 | BN17: =BM17*C17 | BQ17: =BP17*C17 | BT17: =BS17*C17 | BW17: =BV17*C17 | BZ17: =BY17*C17 | CC17: =CB17*C17 | CD17: =AT17+AW17+AZ17+BC17+BF17+BI17+BL17+BO17+BR17+BU17+BX17+CA17 | CE17: =AU17+AX17+BA17+BD17+BG17+BJ17+BM17+BP17+BS17+BV17+BY17+CB17 | CF17: =AV17+AY17+BB17+BE17+BH17+BK17+BN17+BQ17+BT17+BW17+BZ17+CC17 | CG17: =+CE17/12 | CH17: =+CF17/12 | CK17: =CJ17*C17 | CN17: =CM17*C17 | DS17: =CI17+CL17+CO17+CR17+CU17+CX17+DA17+DD17+DG17+DJ17+DM17+DP17 | DT17: =CJ17+CM17+CP17+CS17+CV17+CY17+DB17+DE17+DH17+DK17+DN17+DQ17 | DU17: =CK17+CN17+CQ17+CT17+CW17+CZ17+DC17+DF17+DI17+DL17+DO17+DR17
A18: 13 | B18: Kaung Kyi (0.6 Liter)_25% | C18: 0.6 | D18: 1 * 12 | E18: 45 | F18: 540 | G18: =F18*$C18 | H18: 25 | I18: 300 | J18: =I18*$C18 | K18: 41 | L18: 492 | M18: =L18*$C18 | N18: 6 | O18: 72 | P18: =O18*$C18 | S18: =R18*$C18 | T18: 3 | U18: 36 | V18: =U18*$C18 | W18: 21 | X18: 252 | Y18: =X18*$C18 | AB18: =AA18*$C18 | AC18: 50 | AD18: 600 | AE18: =AD18*$C18 | AF18: 50 | AG18: 600 | AH18: =AG18*$C18 | AI18: 80 | AJ18: 960 | AK18: =AJ18*$C18 | AL18: 10 | AM18: 120 | AN18: =AM18*$C18 | AO18: =E18+H18+K18+N18+Q18+T18+W18+Z18+AC18+AF18+AI18+AL18 | AP18: =F18+I18+L18+O18+R18+U18+X18+AA18+AD18+AG18+AJ18+AM18 | AQ18: =G18+J18+M18+P18+S18+V18+Y18+AB18+AE18+AH18+AK18+AN18 | AR18: =+AP18/12 | AS18: =+AQ18/12 | AT18: 21 | AU18: 252 | AV18: 151.2 | AW18: 35 | AX18: 420 | AY18: 252 | AZ18: 20 | BA18: 240 | BB18: =BA18*$C18 | BC18: 15 | BD18: 180 | BE18: =BD18*$C18 | BF18: 40 | BG18: 480 | BH18: =BG18*$C18 | BI18: 20 | BJ18: 240 | BK18: =BJ18*$C18 | BL18: 20 | BM18: 240 | BN18: =BM18*C18 | BO18: 20 | BP18: 240 | BQ18: =BP18*C18 | BR18: 30 | BS18: 360 | BT18: =BS18*C18 | BU18: 35 | BV18: 420 | BW18: =BV18*C18 | BZ18: =BY18*C18 | CA18: 20 | CB18: 240 | CC18: =CB18*C18 | CD18: =AT18+AW18+AZ18+BC18+BF18+BI18+BL18+BO18+BR18+BU18+BX18+CA18 | CE18: =AU18+AX18+BA18+BD18+BG18+BJ18+BM18+BP18+BS18+BV18+BY18+CB18 | CF18: =AV18+AY18+BB18+BE18+BH18+BK18+BN18+BQ18+BT18+BW18+BZ18+CC18 | CG18: =+CE18/12 | CH18: =+CF18/12 | CK18: =CJ18*C18 | CN18: =CM18*C18 | DS18: =CI18+CL18+CO18+CR18+CU18+CX18+DA18+DD18+DG18+DJ18+DM18+DP18 | DT18: =CJ18+CM18+CP18+CS18+CV18+CY18+DB18+DE18+DH18+DK18+DN18+DQ18 | DU18: =CK18+CN18+CQ18+CT18+CW18+CZ18+DC18+DF18+DI18+DL18+DO18+DR18
A19: 14 | B19: Kaung Kyi (0.6 Liter)_40% | C19: 0.6 | D19: 1 * 12 | G19: =F19*$C19 | J19: =I19*$C19 | M19: =L19*$C19 | P19: =O19*$C19 | S19: =R19*$C19 | V19: =U19*$C19 | Y19: =X19*$C19 | AB19: =AA19*$C19 | AE19: =AD19*$C19 | AH19: =AG19*$C19 | AK19: =AJ19*$C19 | AN19: =AM19*$C19 | AO19: =E19+H19+K19+N19+Q19+T19+W19+Z19+AC19+AF19+AI19+AL19 | AP19: =F19+I19+L19+O19+R19+U19+X19+AA19+AD19+AG19+AJ19+AM19 | AQ19: =G19+J19+M19+P19+S19+V19+Y19+AB19+AE19+AH19+AK19+AN19 | AR19: =+AP19/12 | AS19: =+AQ19/12 | AY19: =AX19*$C19 | BB19: =BA19*$C19 | BE19: =BD19*$C19 | BH19: =BG19*$C19 | BK19: =BJ19*$C19 | BN19: =BM19*C19 | BQ19: =BP19*C19 | BT19: =BS19*C19 | BW19: =BV19*C19 | BZ19: =BY19*C19 | CC19: =CB19*C19 | CD19: =AT19+AW19+AZ19+BC19+BF19+BI19+BL19+BO19+BR19+BU19+BX19+CA19 | CE19: =AU19+AX19+BA19+BD19+BG19+BJ19+BM19+BP19+BS19+BV19+BY19+CB19 | CF19: =AV19+AY19+BB19+BE19+BH19+BK19+BN19+BQ19+BT19+BW19+BZ19+CC19 | CG19: =+CE19/12 | CH19: =+CF19/12 | CK19: =CJ19*C19 | CN19: =CM19*C19 | DS19: =CI19+CL19+CO19+CR19+CU19+CX19+DA19+DD19+DG19+DJ19+DM19+DP19 | DT19: =CJ19+CM19+CP19+CS19+CV19+CY19+DB19+DE19+DH19+DK19+DN19+DQ19 | DU19: =CK19+CN19+CQ19+CT19+CW19+CZ19+DC19+DF19+DI19+DL19+DO19+DR19
A20: 15 | B20: Kaung Kyi (0.35 Liter)_25% | C20: 0.35 | D20: 1 * 40 | G20: =F20*$C20 | J20: =I20*$C20 | M20: =L20*$C20 | P20: =O20*$C20 | S20: =R20*$C20 | V20: =U20*$C20 | Y20: =X20*$C20 | AB20: =AA20*$C20 | AE20: =AD20*$C20 | AH20: =AG20*$C20 | AK20: =AJ20*$C20 | AN20: =AM20*$C20 | AO20: =E20+H20+K20+N20+Q20+T20+W20+Z20+AC20+AF20+AI20+AL20 | AP20: =F20+I20+L20+O20+R20+U20+X20+AA20+AD20+AG20+AJ20+AM20 | AQ20: =G20+J20+M20+P20+S20+V20+Y20+AB20+AE20+AH20+AK20+AN20 | AR20: =+AP20/12 | AS20: =+AQ20/12 | AY20: =AX20*$C20 | BB20: =BA20*$C20 | BE20: =BD20*$C20 | BH20: =BG20*$C20 | BK20: =BJ20*$C20 | BN20: =BM20*C20 | BQ20: =BP20*C20 | BT20: =BS20*C20 | BW20: =BV20*C20 | BZ20: =BY20*C20 | CC20: =CB20*C20 | CD20: =AT20+AW20+AZ20+BC20+BF20+BI20+BL20+BO20+BR20+BU20+BX20+CA20 | CE20: =AU20+AX20+BA20+BD20+BG20+BJ20+BM20+BP20+BS20+BV20+BY20+CB20 | CF20: =AV20+AY20+BB20+BE20+BH20+BK20+BN20+BQ20+BT20+BW20+BZ20+CC20 | CG20: =+CE20/12 | CH20: =+CF20/12 | CK20: =CJ20*C20 | CN20: =CM20*C20 | DS20: =CI20+CL20+CO20+CR20+CU20+CX20+DA20+DD20+DG20+DJ20+DM20+DP20 | DT20: =CJ20+CM20+CP20+CS20+CV20+CY20+DB20+DE20+DH20+DK20+DN20+DQ20 | DU20: =CK20+CN20+CQ20+CT20+CW20+CZ20+DC20+DF20+DI20+DL20+DO20+DR20
A21: 16 | B21: Kaung Kyi ( 0.35 Liter) - 40% | C21: 0.35 | D21: 1 * 40 | G21: =F21*$C21 | J21: =I21*$C21 | M21: =L21*$C21 | P21: =O21*$C21 | S21: =R21*$C21 | V21: =U21*$C21 | Y21: =X21*$C21 | AB21: =AA21*$C21 | AE21: =AD21*$C21 | AH21: =AG21*$C21 | AK21: =AJ21*$C21 | AN21: =AM21*$C21 | AO21: =E21+H21+K21+N21+Q21+T21+W21+Z21+AC21+AF21+AI21+AL21 | AP21: =F21+I21+L21+O21+R21+U21+X21+AA21+AD21+AG21+AJ21+AM21 | AQ21: =G21+J21+M21+P21+S21+V21+Y21+AB21+AE21+AH21+AK21+AN21 | AR21: =+AP21/12 | AS21: =+AQ21/12 | AY21: =AX21*$C21 | BB21: =BA21*$C21 | BE21: =BD21*$C21 | BH21: =BG21*$C21 | BK21: =BJ21*$C21 | BN21: =BM21*C21 | BQ21: =BP21*C21 | BT21: =BS21*C21 | BW21: =BV21*C21 | BZ21: =BY21*C21 | CC21: =CB21*C21 | CD21: =AT21+AW21+AZ21+BC21+BF21+BI21+BL21+BO21+BR21+BU21+BX21+CA21 | CE21: =AU21+AX21+BA21+BD21+BG21+BJ21+BM21+BP21+BS21+BV21+BY21+CB21 | CF21: =AV21+AY21+BB21+BE21+BH21+BK21+BN21+BQ21+BT21+BW21+BZ21+CC21 | CG21: =+CE21/12 | CH21: =+CF21/12 | CK21: =CJ21*C21 | CN21: =CM21*C21 | DS21: =CI21+CL21+CO21+CR21+CU21+CX21+DA21+DD21+DG21+DJ21+DM21+DP21 | DT21: =CJ21+CM21+CP21+CS21+CV21+CY21+DB21+DE21+DH21+DK21+DN21+DQ21 | DU21: =CK21+CN21+CQ21+CT21+CW21+CZ21+DC21+DF21+DI21+DL21+DO21+DR21
A22: 17 | B22: Kaung Kyi | C22: 0.64 | D22: 1 * 14 | E22: 2817 | F22: 39438 | G22: =F22*$C22 | H22: 1867 | I22: 26144 | J22: =I22*$C22 | K22: 2439 | L22: 34146 | M22: =L22*$C22 | N22: 1962 | O22: 27468 | P22: =O22*$C22 | Q22: 2186 | R22: 30610 | S22: =R22*$C22 | T22: 2058 | U22: 28812 | V22: =U22*$C22 | W22: 2040 | X22: 28564 | Y22: =X22*$C22 | Z22: 1903 | AA22: 26642 | AB22: =AA22*$C22 | AC22: 2209 | AD22: 30926 | AE22: =AD22*$C22 | AF22: 2230 | AG22: 31220 | AH22: =AG22*$C22 | AI22: 2634 | AJ22: 36876 | AK22: =AJ22*$C22 | AL22: 3346 | AM22: 46844 | AN22: =AM22*$C22 | AO22: =E22+H22+K22+N22+Q22+T22+W22+Z22+AC22+AF22+AI22+AL22 | AP22: =F22+I22+L22+O22+R22+U22+X22+AA22+AD22+AG22+AJ22+AM22 | AQ22: =G22+J22+M22+P22+S22+V22+Y22+AB22+AE22+AH22+AK22+AN22 | AR22: =+AP22/12 | AS22: =+AQ22/12 | AT22: 3057 | AU22: 42798 | AV22: 27390.72 | AW22: 2022 | AX22: 28308 | AY22: 18117.12 | AZ22: 2227 | BA22: 31178 | BB22: =BA22*$C22 | BC22: 2562 | BD22: 35868 | BE22: =BD22*$C22 | BF22: 2506 | BG22: 35087 | BH22: =BG22*$C22 | BI22: 2301 | BJ22: 32225 | BK22: =BJ22*$C22 | BL22: 2440 | BM22: 34167 | BN22: =BM22*C22 | BO22: 2165 | BP22: 30310 | BQ22: =BP22*C22 | BR22: 2356 | BS22: 32993 | BT22: =BS22*C22 | BU22: 2421 | BV22: 33894 | BW22: =BV22*C22 | BX22: 2401 | BY22: 33614 | BZ22: =BY22*C22 | CA22: 2475 | CB22: 34650 | CC22: =CB22*C22 | CD22: =AT22+AW22+AZ22+BC22+BF22+BI22+BL22+BO22+BR22+BU22+BX22+CA22 | CE22: =AU22+AX22+BA22+BD22+BG22+BJ22+BM22+BP22+BS22+BV22+BY22+CB22 | CF22: =AV22+AY22+BB22+BE22+BH22+BK22+BN22+BQ22+BT22+BW22+BZ22+CC22 | CG22: =+CE22/12 | CH22: =+CF22/12 | CI22: 2093 | CJ22: 29302 | CK22: =CJ22*C22 | CL22: 2066 | CM22: 28924 | CN22: =CM22*C22 | DS22: =CI22+CL22+CO22+CR22+CU22+CX22+DA22+DD22+DG22+DJ22+DM22+DP22 | DT22: =CJ22+CM22+CP22+CS22+CV22+CY22+DB22+DE22+DH22+DK22+DN22+DQ22 | DU22: =CK22+CN22+CQ22+CT22+CW22+CZ22+DC22+DF22+DI22+DL22+DO22+DR22
A23: 18 | B23: Kaung Kyi (40%) | C23: 0.64 | D23: 1 * 14 | G23: =F23*$C23 | J23: =I23*$C23 | M23: =L23*$C23 | P23: =O23*$C23 | S23: =R23*$C23 | V23: =U23*$C23 | Y23: =X23*$C23 | AB23: =AA23*$C23 | AE23: =AD23*$C23 | AH23: =AG23*$C23 | AK23: =AJ23*$C23 | AN23: =AM23*$C23 | AO23: =E23+H23+K23+N23+Q23+T23+W23+Z23+AC23+AF23+AI23+AL23 | AP23: =F23+I23+L23+O23+R23+U23+X23+AA23+AD23+AG23+AJ23+AM23 | AQ23: =G23+J23+M23+P23+S23+V23+Y23+AB23+AE23+AH23+AK23+AN23 | AR23: =+AP23/12 | AS23: =+AQ23/12 | AY23: =AX23*$C23 | BB23: =BA23*$C23 | BE23: =BD23*$C23 | BH23: =BG23*$C23 | BK23: =BJ23*$C23 | BN23: =BM23*C23 | BQ23: =BP23*C23 | BT23: =BS23*C23 | BW23: =BV23*C23 | BZ23: =BY23*C23 | CC23: =CB23*C23 | CD23: =AT23+AW23+AZ23+BC23+BF23+BI23+BL23+BO23+BR23+BU23+BX23+CA23 | CE23: =AU23+AX23+BA23+BD23+BG23+BJ23+BM23+BP23+BS23+BV23+BY23+CB23 | CF23: =AV23+AY23+BB23+BE23+BH23+BK23+BN23+BQ23+BT23+BW23+BZ23+CC23 | CG23: =+CE23/12 | CH23: =+CF23/12 | CK23: =CJ23*C23 | CN23: =CM23*C23 | DS23: =CI23+CL23+CO23+CR23+CU23+CX23+DA23+DD23+DG23+DJ23+DM23+DP23 | DT23: =CJ23+CM23+CP23+CS23+CV23+CY23+DB23+DE23+DH23+DK23+DN23+DQ23 | DU23: =CK23+CN23+CQ23+CT23+CW23+CZ23+DC23+DF23+DI23+DL23+DO23+DR23
A24: 19 | B24: Kaung Kyi (46%) | C24: 0.64 | D24: 1 * 14 | G24: =F24*$C24 | J24: =I24*$C24 | M24: =L24*$C24 | P24: =O24*$C24 | S24: =R24*$C24 | V24: =U24*$C24 | Y24: =X24*$C24 | AB24: =AA24*$C24 | AE24: =AD24*$C24 | AH24: =AG24*$C24 | AK24: =AJ24*$C24 | AN24: =AM24*$C24 | AO24: =E24+H24+K24+N24+Q24+T24+W24+Z24+AC24+AF24+AI24+AL24 | AP24: =F24+I24+L24+O24+R24+U24+X24+AA24+AD24+AG24+AJ24+AM24 | AQ24: =G24+J24+M24+P24+S24+V24+Y24+AB24+AE24+AH24+AK24+AN24 | AR24: =+AP24/12 | AS24: =+AQ24/12 | AY24: =AX24*$C24 | BB24: =BA24*$C24 | BE24: =BD24*$C24 | BH24: =BG24*$C24 | BK24: =BJ24*$C24 | BN24: =BM24*C24 | BQ24: =BP24*C24 | BT24: =BS24*C24 | BW24: =BV24*C24 | BZ24: =BY24*C24 | CC24: =CB24*C24 | CD24: =AT24+AW24+AZ24+BC24+BF24+BI24+BL24+BO24+BR24+BU24+BX24+CA24 | CE24: =AU24+AX24+BA24+BD24+BG24+BJ24+BM24+BP24+BS24+BV24+BY24+CB24 | CF24: =AV24+AY24+BB24+BE24+BH24+BK24+BN24+BQ24+BT24+BW24+BZ24+CC24 | CG24: =+CE24/12 | CH24: =+CF24/12 | CK24: =CJ24*C24 | CN24: =CM24*C24 | DS24: =CI24+CL24+CO24+CR24+CU24+CX24+DA24+DD24+DG24+DJ24+DM24+DP24 | DT24: =CJ24+CM24+CP24+CS24+CV24+CY24+DB24+DE24+DH24+DK24+DN24+DQ24 | DU24: =CK24+CN24+CQ24+CT24+CW24+CZ24+DC24+DF24+DI24+DL24+DO24+DR24
G25: =F25*$C25 | J25: =I25*$C25 | M25: =L25*$C25 | P25: =O25*$C25 | S25: =R25*$C25 | V25: =U25*$C25 | Y25: =X25*$C25 | AB25: =AA25*$C25 | AE25: =AD25*$C25 | AH25: =AG25*$C25 | AK25: =AJ25*$C25 | AN25: =AM25*$C25 | AO25: =E25+H25+K25+N25+Q25+T25+W25+Z25+AC25+AF25+AI25+AL25 | AP25: =F25+I25+L25+O25+R25+U25+X25+AA25+AD25+AG25+AJ25+AM25 | AQ25: =G25+J25+M25+P25+S25+V25+Y25+AB25+AE25+AH25+AK25+AN25 | AR25: =+AP25/12 | AS25: =+AQ25/12 | AY25: =AX25*$C25 | BB25: =BA25*$C25 | BE25: =BD25*$C25 | BH25: =BG25*$C25 | BK25: =BJ25*$C25 | BN25: =BM25*C25 | BQ25: =BP25*C25 | BT25: =BS25*C25 | BW25: =BV25*C25 | BZ25: =BY25*C25 | CC25: =CB25*C25 | CD25: =AT25+AW25+AZ25+BC25+BF25+BI25+BL25+BO25+BR25+BU25+BX25+CA25 | CE25: =AU25+AX25+BA25+BD25+BG25+BJ25+BM25+BP25+BS25+BV25+BY25+CB25 | CF25: =AV25+AY25+BB25+BE25+BH25+BK25+BN25+BQ25+BT25+BW25+BZ25+CC25 | CG25: =+CE25/12 | CH25: =+CF25/12 | CK25: =CJ25*C25 | CN25: =CM25*C25 | DS25: =CI25+CL25+CO25+CR25+CU25+CX25+DA25+DD25+DG25+DJ25+DM25+DP25 | DT25: =CJ25+CM25+CP25+CS25+CV25+CY25+DB25+DE25+DH25+DK25+DN25+DQ25 | DU25: =CK25+CN25+CQ25+CT25+CW25+CZ25+DC25+DF25+DI25+DL25+DO25+DR25
A26: 20 | B26: မိုးနဲကွန်ကီကော်ဘူး(1 Liter) | C26: 1 | D26: 1 * 12 | G26: =F26*$C26 | J26: =I26*$C26 | M26: =L26*$C26 | P26: =O26*$C26 | S26: =R26*$C26 | V26: =U26*$C26 | Y26: =X26*$C26 | AB26: =AA26*$C26 | AE26: =AD26*$C26 | AH26: =AG26*$C26 | AK26: =AJ26*$C26 | AN26: =AM26*$C26 | AO26: =E26+H26+K26+N26+Q26+T26+W26+Z26+AC26+AF26+AI26+AL26 | AP26: =F26+I26+L26+O26+R26+U26+X26+AA26+AD26+AG26+AJ26+AM26 | AQ26: =G26+J26+M26+P26+S26+V26+Y26+AB26+AE26+AH26+AK26+AN26 | AR26: =+AP26/12 | AS26: =+AQ26/12 | AY26: =AX26*$C26 | BB26: =BA26*$C26 | BC26: 100 | BD26: 1200 | BE26: =BD26*$C26 | BF26: 85 | BG26: 1020 | BH26: =BG26*$C26 | BI26: 10 | BJ26: 120 | BK26: =BJ26*$C26 | BL26: 42 | BM26: 504 | BN26: =BM26*C26 | BQ26: =BP26*C26 | BT26: =BS26*C26 | BW26: =BV26*C26 | BZ26: =BY26*C26 | CC26: =CB26*C26 | CD26: =AT26+AW26+AZ26+BC26+BF26+BI26+BL26+BO26+BR26+BU26+BX26+CA26 | CE26: =AU26+AX26+BA26+BD26+BG26+BJ26+BM26+BP26+BS26+BV26+BY26+CB26 | CF26: =AV26+AY26+BB26+BE26+BH26+BK26+BN26+BQ26+BT26+BW26+BZ26+CC26 | CG26: =+CE26/12 | CH26: =+CF26/12 | CK26: =CJ26*C26 | CN26: =CM26*C26 | DS26: =CI26+CL26+CO26+CR26+CU26+CX26+DA26+DD26+DG26+DJ26+DM26+DP26 | DT26: =CJ26+CM26+CP26+CS26+CV26+CY26+DB26+DE26+DH26+DK26+DN26+DQ26 | DU26: =CK26+CN26+CQ26+CT26+CW26+CZ26+DC26+DF26+DI26+DL26+DO26+DR26
A27: 21 | B27: မိုးနဲကွန်ကီကော်ဘူး(0.6 Liter) | C27: 0.6 | D27: 1 * 12 | G27: =F27*$C27 | M27: =L27*$C27 | P27: =O27*$C27 | S27: =R27*$C27 | V27: =U27*$C27 | Y27: =X27*$C27 | AB27: =AA27*$C27 | AE27: =AD27*$C27 | AH27: =AG27*$C27 | AK27: =AJ27*$C27 | AN27: =AM27*$C27 | AO27: =E27+H27+K27+N27+Q27+T27+W27+Z27+AC27+AF27+AI27+AL27 | AP27: =F27+I27+L27+O27+R27+U27+X27+AA27+AD27+AG27+AJ27+AM27 | AQ27: =G27+J27+M27+P27+S27+V27+Y27+AB27+AE27+AH27+AK27+AN27 | AR27: =+AP27/12 | AS27: =+AQ27/12 | BB27: =BA27*$C27 | BE27: =BD27*$C27 | BH27: =BG27*$C27 | BK27: =BJ27*$C27 | BN27: =BM27*C27 | BQ27: =BP27*C27 | BT27: =BS27*C27 | BW27: =BV27*C27 | BZ27: =BY27*C27 | CC27: =CB27*C27 | CD27: =AT27+AW27+AZ27+BC27+BF27+BI27+BL27+BO27+BR27+BU27+BX27+CA27 | CE27: =AU27+AX27+BA27+BD27+BG27+BJ27+BM27+BP27+BS27+BV27+BY27+CB27 | CF27: =AV27+AY27+BB27+BE27+BH27+BK27+BN27+BQ27+BT27+BW27+BZ27+CC27 | CG27: =+CE27/12 | CH27: =+CF27/12 | CK27: =CJ27*C27 | CN27: =CM27*C27 | DS27: =CI27+CL27+CO27+CR27+CU27+CX27+DA27+DD27+DG27+DJ27+DM27+DP27 | DT27: =CJ27+CM27+CP27+CS27+CV27+CY27+DB27+DE27+DH27+DK27+DN27+DQ27 | DU27: =CK27+CN27+CQ27+CT27+CW27+CZ27+DC27+DF27+DI27+DL27+DO27+DR27
A28: 22 | B28: Moe Nae Kon Ki | C28: 0.64 | D28: 1 * 14 | E28: 1338 | F28: 18732 | G28: =F28*$C28 | H28: 1113 | I28: 15582 | J28: =I28*$C28 | K28: 1185 | L28: 16590 | M28: =L28*$C28 | N28: 892 | O28: 12488 | P28: =O28*$C28 | Q28: 1047 | R28: 14660 | S28: =R28*$C28 | T28: 1078 | U28: 15093 | V28: =U28*$C28 | W28: 1435 | X28: 20092 | Y28: =X28*$C28 | Z28: 827 | AA28: 11585 | AB28: =AA28*$C28 | AC28: 1177 | AD28: 16478 | AE28: =AD28*$C28 | AF28: 1160 | AG28: 16240 | AH28: =AG28*$C28 | AI28: 1285 | AJ28: 17994 | AK28: =AJ28*$C28 | AL28: 1299 | AM28: 18194 | AN28: =AM28*$C28 | AO28: =E28+H28+K28+N28+Q28+T28+W28+Z28+AC28+AF28+AI28+AL28 | AP28: =F28+I28+L28+O28+R28+U28+X28+AA28+AD28+AG28+AJ28+AM28 | AQ28: =G28+J28+M28+P28+S28+V28+Y28+AB28+AE28+AH28+AK28+AN28 | AR28: =+AP28/12 | AS28: =+AQ28/12 | AT28: 1323 | AU28: 18531 | AV28: 11859.84 | AW28: 895 | AX28: 12530 | AY28: 8019.2 | AZ28: 868 | BA28: 12161 | BB28: =BA28*$C28 | BC28: 755 | BD28: 10574 | BE28: =BD28*$C28 | BF28: 1330 | BG28: 18631 | BH28: =BG28*$C28 | BI28: 933 | BJ28: 13065 | BK28: =BJ28*$C28 | BL28: 1139 | BM28: 15949 | BN28: =BM28*C28 | BO28: 894 | BP28: 12516 | BQ28: =BP28*C28 | BR28: 1130 | BS28: 15820 | BT28: =BS28*C28 | BU28: 1327 | BV28: 18580 | BW28: =BV28*C28 | BX28: 1244 | BY28: 17416 | BZ28: =BY28*C28 | CA28: 1259 | CB28: 17637 | CC28: =CB28*C28 | CD28: =AT28+AW28+AZ28+BC28+BF28+BI28+BL28+BO28+BR28+BU28+BX28+CA28 | CE28: =AU28+AX28+BA28+BD28+BG28+BJ28+BM28+BP28+BS28+BV28+BY28+CB28 | CF28: =AV28+AY28+BB28+BE28+BH28+BK28+BN28+BQ28+BT28+BW28+BZ28+CC28 | CG28: =+CE28/12 | CH28: =+CF28/12 | CI28: 1234 | CJ28: 17280 | CK28: =CJ28*C28 | CL28: 634 | CM28: 8876 | CN28: =CM28*C28 | DS28: =CI28+CL28+CO28+CR28+CU28+CX28+DA28+DD28+DG28+DJ28+DM28+DP28 | DT28: =CJ28+CM28+CP28+CS28+CV28+CY28+DB28+DE28+DH28+DK28+DN28+DQ28 | DU28: =CK28+CN28+CQ28+CT28+CW28+CZ28+DC28+DF28+DI28+DL28+DO28+DR28
A29: 23 | B29: ‌မျောက်ရှယ် | C29: 0.64 | D29: 1 * 14 | G29: =F29*$C29 | J29: =I29*$C29 | M29: =L29*$C29 | P29: =O29*$C29 | S29: =R29*$C29 | V29: =U29*$C29 | Y29: =X29*$C29 | AB29: =AA29*$C29 | AE29: =AD29*$C29 | AH29: =AG29*$C29 | AK29: =AJ29*$C29 | AN29: =AM29*$C29 | AO29: =E29+H29+K29+N29+Q29+T29+W29+Z29+AC29+AF29+AI29+AL29 | AP29: =F29+I29+L29+O29+R29+U29+X29+AA29+AD29+AG29+AJ29+AM29 | AQ29: =G29+J29+M29+P29+S29+V29+Y29+AB29+AE29+AH29+AK29+AN29 | AR29: =+AP29/12 | AS29: =+AQ29/12 | AY29: =AX29*$C29 | BB29: =BA29*$C29 | BE29: =BD29*$C29 | BH29: =BG29*$C29 | BK29: =BJ29*$C29 | BN29: =BM29*C29 | BQ29: =BP29*C29 | BT29: =BS29*C29 | BW29: =BV29*C29 | BZ29: =BY29*C29 | CC29: =CB29*C29 | CD29: =AT29+AW29+AZ29+BC29+BF29+BI29+BL29+BO29+BR29+BU29+BX29+CA29 | CE29: =AU29+AX29+BA29+BD29+BG29+BJ29+BM29+BP29+BS29+BV29+BY29+CB29 | CF29: =AV29+AY29+BB29+BE29+BH29+BK29+BN29+BQ29+BT29+BW29+BZ29+CC29 | CG29: =+CE29/12 | CH29: =+CF29/12 | CK29: =CJ29*C29 | CN29: =CM29*C29 | DS29: =CI29+CL29+CO29+CR29+CU29+CX29+DA29+DD29+DG29+DJ29+DM29+DP29 | DT29: =CJ29+CM29+CP29+CS29+CV29+CY29+DB29+DE29+DH29+DK29+DN29+DQ29 | DU29: =CK29+CN29+CQ29+CT29+CW29+CZ29+DC29+DF29+DI29+DL29+DO29+DR29
G30: =F30*$C30 | J30: =I30*$C30 | M30: =L30*$C30 | P30: =O30*$C30 | S30: =R30*$C30 | V30: =U30*$C30 | Y30: =X30*$C30 | AB30: =AA30*$C30 | AE30: =AD30*$C30 | AH30: =AG30*$C30 | AK30: =AJ30*$C30 | AN30: =AM30*$C30 | AO30: =E30+H30+K30+N30+Q30+T30+W30+Z30+AC30+AF30+AI30+AL30 | AP30: =F30+I30+L30+O30+R30+U30+X30+AA30+AD30+AG30+AJ30+AM30 | AQ30: =G30+J30+M30+P30+S30+V30+Y30+AB30+AE30+AH30+AK30+AN30 | AR30: =+AP30/12 | AS30: =+AQ30/12 | AY30: =AX30*$C30 | BB30: =BA30*$C30 | BE30: =BD30*$C30 | BH30: =BG30*$C30 | BK30: =BJ30*$C30 | BN30: =BM30*C30 | BQ30: =BP30*C30 | BT30: =BS30*C30 | BW30: =BV30*C30 | BZ30: =BY30*C30 | CC30: =CB30*C30 | CD30: =AT30+AW30+AZ30+BC30+BF30+BI30+BL30+BO30+BR30+BU30+BX30+CA30 | CE30: =AU30+AX30+BA30+BD30+BG30+BJ30+BM30+BP30+BS30+BV30+BY30+CB30 | CF30: =AV30+AY30+BB30+BE30+BH30+BK30+BN30+BQ30+BT30+BW30+BZ30+CC30 | CG30: =+CE30/12 | CH30: =+CF30/12 | CK30: =CJ30*C30 | CN30: =CM30*C30 | DS30: =CI30+CL30+CO30+CR30+CU30+CX30+DA30+DD30+DG30+DJ30+DM30+DP30 | DT30: =CJ30+CM30+CP30+CS30+CV30+CY30+DB30+DE30+DH30+DK30+DN30+DQ30 | DU30: =CK30+CN30+CQ30+CT30+CW30+CZ30+DC30+DF30+DI30+DL30+DO30+DR30
A31: 24 | B31: Zayawaddy Red(1 Liter)30% | C31: 1 | D31: 1 * 12 | G31: =F31*$C31 | J31: =I31*$C31 | M31: =L31*$C31 | P31: =O31*$C31 | S31: =R31*$C31 | V31: =U31*$C31 | Y31: =X31*$C31 | AB31: =AA31*$C31 | AE31: =AD31*$C31 | AH31: =AG31*$C31 | AK31: =AJ31*$C31 | AN31: =AM31*$C31 | AO31: =E31+H31+K31+N31+Q31+T31+W31+Z31+AC31+AF31+AI31+AL31 | AP31: =F31+I31+L31+O31+R31+U31+X31+AA31+AD31+AG31+AJ31+AM31 | AQ31: =G31+J31+M31+P31+S31+V31+Y31+AB31+AE31+AH31+AK31+AN31 | AR31: =+AP31/12 | AS31: =+AQ31/12 | AY31: =AX31*$C31 | BB31: =BA31*$C31 | BE31: =BD31*$C31 | BF31: 70 | BG31: 840 | BH31: =BG31*$C31 | BI31: 95 | BJ31: 1140 | BK31: =BJ31*$C31 | BN31: =BM31*C31 | BQ31: =BP31*C31 | BT31: =BS31*C31 | BW31: =BV31*C31 | BZ31: =BY31*C31 | CC31: =CB31*C31 | CD31: =AT31+AW31+AZ31+BC31+BF31+BI31+BL31+BO31+BR31+BU31+BX31+CA31 | CE31: =AU31+AX31+BA31+BD31+BG31+BJ31+BM31+BP31+BS31+BV31+BY31+CB31 | CF31: =AV31+AY31+BB31+BE31+BH31+BK31+BN31+BQ31+BT31+BW31+BZ31+CC31 | CG31: =+CE31/12 | CH31: =+CF31/12 | CK31: =CJ31*C31 | CN31: =CM31*C31 | DS31: =CI31+CL31+CO31+CR31+CU31+CX31+DA31+DD31+DG31+DJ31+DM31+DP31 | DT31: =CJ31+CM31+CP31+CS31+CV31+CY31+DB31+DE31+DH31+DK31+DN31+DQ31 | DU31: =CK31+CN31+CQ31+CT31+CW31+CZ31+DC31+DF31+DI31+DL31+DO31+DR31
A32: 25 | B32: Zayawaddy Red(1 Liter)40% | C32: 1 | D32: 1 * 12 | G32: =F32*$C32 | J32: =I32*$C32 | M32: =L32*$C32 | P32: =O32*$C32 | S32: =R32*$C32 | V32: =U32*$C32 | Y32: =X32*$C32 | AB32: =AA32*$C32 | AE32: =AD32*$C32 | AH32: =AG32*$C32 | AK32: =AJ32*$C32 | AN32: =AM32*$C32 | AO32: =E32+H32+K32+N32+Q32+T32+W32+Z32+AC32+AF32+AI32+AL32 | AP32: =F32+I32+L32+O32+R32+U32+X32+AA32+AD32+AG32+AJ32+AM32 | AQ32: =G32+J32+M32+P32+S32+V32+Y32+AB32+AE32+AH32+AK32+AN32 | AR32: =+AP32/12 | AS32: =+AQ32/12 | AY32: =AX32*$C32 | BB32: =BA32*$C32 | BE32: =BD32*$C32 | BH32: =BG32*$C32 | BK32: =BJ32*$C32 | BN32: =BM32*C32 | BQ32: =BP32*C32 | BT32: =BS32*C32 | BW32: =BV32*C32 | BZ32: =BY32*C32 | CC32: =CB32*C32 | CD32: =AT32+AW32+AZ32+BC32+BF32+BI32+BL32+BO32+BR32+BU32+BX32+CA32 | CE32: =AU32+AX32+BA32+BD32+BG32+BJ32+BM32+BP32+BS32+BV32+BY32+CB32 | CF32: =AV32+AY32+BB32+BE32+BH32+BK32+BN32+BQ32+BT32+BW32+BZ32+CC32 | CG32: =+CE32/12 | CH32: =+CF32/12 | CK32: =CJ32*C32 | CN32: =CM32*C32 | DS32: =CI32+CL32+CO32+CR32+CU32+CX32+DA32+DD32+DG32+DJ32+DM32+DP32 | DT32: =CJ32+CM32+CP32+CS32+CV32+CY32+DB32+DE32+DH32+DK32+DN32+DQ32 | DU32: =CK32+CN32+CQ32+CT32+CW32+CZ32+DC32+DF32+DI32+DL32+DO32+DR32
A33: 26 | B33: Zayawaddy Red(0.6 Liter)30% | C33: 0.6 | D33: 1 * 12 | G33: =F33*$C33 | J33: =I33*$C33 | M33: =L33*$C33 | P33: =O33*$C33 | S33: =R33*$C33 | V33: =U33*$C33 | Y33: =X33*$C33 | AB33: =AA33*$C33 | AE33: =AD33*$C33 | AH33: =AG33*$C33 | AK33: =AJ33*$C33 | AN33: =AM33*$C33 | AO33: =E33+H33+K33+N33+Q33+T33+W33+Z33+AC33+AF33+AI33+AL33 | AP33: =F33+I33+L33+O33+R33+U33+X33+AA33+AD33+AG33+AJ33+AM33 | AQ33: =G33+J33+M33+P33+S33+V33+Y33+AB33+AE33+AH33+AK33+AN33 | AR33: =+AP33/12 | AS33: =+AQ33/12 | AY33: =AX33*$C33 | BB33: =BA33*$C33 | BE33: =BD33*$C33 | BH33: =BG33*$C33 | BK33: =BJ33*$C33 | BN33: =BM33*C33 | BQ33: =BP33*C33 | BT33: =BS33*C33 | BW33: =BV33*C33 | BZ33: =BY33*C33 | CC33: =CB33*C33 | CD33: =AT33+AW33+AZ33+BC33+BF33+BI33+BL33+BO33+BR33+BU33+BX33+CA33 | CE33: =AU33+AX33+BA33+BD33+BG33+BJ33+BM33+BP33+BS33+BV33+BY33+CB33 | CF33: =AV33+AY33+BB33+BE33+BH33+BK33+BN33+BQ33+BT33+BW33+BZ33+CC33 | CG33: =+CE33/12 | CH33: =+CF33/12 | CK33: =CJ33*C33 | CN33: =CM33*C33 | DS33: =CI33+CL33+CO33+CR33+CU33+CX33+DA33+DD33+DG33+DJ33+DM33+DP33 | DT33: =CJ33+CM33+CP33+CS33+CV33+CY33+DB33+DE33+DH33+DK33+DN33+DQ33 | DU33: =CK33+CN33+CQ33+CT33+CW33+CZ33+DC33+DF33+DI33+DL33+DO33+DR33
A34: 27 | B34: Zayawaddy Red(0.6 Liter)40% | C34: 0.6 | D34: 1 * 12 | G34: =F34*$C34 | J34: =I34*$C34 | M34: =L34*$C34 | P34: =O34*$C34 | S34: =R34*$C34 | V34: =U34*$C34 | Y34: =X34*$C34 | AB34: =AA34*$C34 | AE34: =AD34*$C34 | AH34: =AG34*$C34 | AK34: =AJ34*$C34 | AN34: =AM34*$C34 | AO34: =E34+H34+K34+N34+Q34+T34+W34+Z34+AC34+AF34+AI34+AL34 | AP34: =F34+I34+L34+O34+R34+U34+X34+AA34+AD34+AG34+AJ34+AM34 | AQ34: =G34+J34+M34+P34+S34+V34+Y34+AB34+AE34+AH34+AK34+AN34 | AR34: =+AP34/12 | AS34: =+AQ34/12 | AY34: =AX34*$C34 | BB34: =BA34*$C34 | BE34: =BD34*$C34 | BH34: =BG34*$C34 | BK34: =BJ34*$C34 | BN34: =BM34*C34 | BQ34: =BP34*C34 | BT34: =BS34*C34 | BW34: =BV34*C34 | BZ34: =BY34*C34 | CC34: =CB34*C34 | CD34: =AT34+AW34+AZ34+BC34+BF34+BI34+BL34+BO34+BR34+BU34+BX34+CA34 | CE34: =AU34+AX34+BA34+BD34+BG34+BJ34+BM34+BP34+BS34+BV34+BY34+CB34 | CF34: =AV34+AY34+BB34+BE34+BH34+BK34+BN34+BQ34+BT34+BW34+BZ34+CC34 | CG34: =+CE34/12 | CH34: =+CF34/12 | CK34: =CJ34*C34 | CN34: =CM34*C34 | DS34: =CI34+CL34+CO34+CR34+CU34+CX34+DA34+DD34+DG34+DJ34+DM34+DP34 | DT34: =CJ34+CM34+CP34+CS34+CV34+CY34+DB34+DE34+DH34+DK34+DN34+DQ34 | DU34: =CK34+CN34+CQ34+CT34+CW34+CZ34+DC34+DF34+DI34+DL34+DO34+DR34
A35: 28 | B35: Zayawaddy Red(0.35 Liter)40% | C35: 0.35 | D35: 1 * 40 | G35: =F35*$C35 | J35: =I35*$C35 | M35: =L35*$C35 | P35: =O35*$C35 | S35: =R35*$C35 | V35: =U35*$C35 | Y35: =X35*$C35 | AB35: =AA35*$C35 | AE35: =AD35*$C35 | AH35: =AG35*$C35 | AK35: =AJ35*$C35 | AN35: =AM35*$C35 | AO35: =E35+H35+K35+N35+Q35+T35+W35+Z35+AC35+AF35+AI35+AL35 | AP35: =F35+I35+L35+O35+R35+U35+X35+AA35+AD35+AG35+AJ35+AM35 | AQ35: =G35+J35+M35+P35+S35+V35+Y35+AB35+AE35+AH35+AK35+AN35 | AR35: =+AP35/12 | AS35: =+AQ35/12 | AY35: =AX35*$C35 | BB35: =BA35*$C35 | BE35: =BD35*$C35 | BH35: =BG35*$C35 | BK35: =BJ35*$C35 | BN35: =BM35*C35 | BQ35: =BP35*C35 | BT35: =BS35*C35 | BW35: =BV35*C35 | BZ35: =BY35*C35 | CC35: =CB35*C35 | CD35: =AT35+AW35+AZ35+BC35+BF35+BI35+BL35+BO35+BR35+BU35+BX35+CA35 | CE35: =AU35+AX35+BA35+BD35+BG35+BJ35+BM35+BP35+BS35+BV35+BY35+CB35 | CF35: =AV35+AY35+BB35+BE35+BH35+BK35+BN35+BQ35+BT35+BW35+BZ35+CC35 | CG35: =+CE35/12 | CH35: =+CF35/12 | CK35: =CJ35*C35 | CN35: =CM35*C35 | DS35: =CI35+CL35+CO35+CR35+CU35+CX35+DA35+DD35+DG35+DJ35+DM35+DP35 | DT35: =CJ35+CM35+CP35+CS35+CV35+CY35+DB35+DE35+DH35+DK35+DN35+DQ35 | DU35: =CK35+CN35+CQ35+CT35+CW35+CZ35+DC35+DF35+DI35+DL35+DO35+DR35
A36: 29 | B36: ဇေယျဝတီ Smooth (စိမ်း) | C36: 0.7 | D36: 1 * 12 | G36: =F36*$C36 | J36: =I36*$C36 | M36: =L36*$C36 | P36: =O36*$C36 | S36: =R36*$C36 | V36: =U36*$C36 | Y36: =X36*$C36 | AB36: =AA36*$C36 | AE36: =AD36*$C36 | AH36: =AG36*$C36 | AK36: =AJ36*$C36 | AN36: =AM36*$C36 | AO36: =E36+H36+K36+N36+Q36+T36+W36+Z36+AC36+AF36+AI36+AL36 | AP36: =F36+I36+L36+O36+R36+U36+X36+AA36+AD36+AG36+AJ36+AM36 | AQ36: =G36+J36+M36+P36+S36+V36+Y36+AB36+AE36+AH36+AK36+AN36 | AR36: =+AP36/12 | AS36: =+AQ36/12 | AY36: =AX36*$C36 | BB36: =BA36*$C36 | BE36: =BD36*$C36 | BH36: =BG36*$C36 | BK36: =BJ36*$C36 | BN36: =BM36*C36 | BQ36: =BP36*C36 | BT36: =BS36*C36 | BW36: =BV36*C36 | BZ36: =BY36*C36 | CC36: =CB36*C36 | CD36: =AT36+AW36+AZ36+BC36+BF36+BI36+BL36+BO36+BR36+BU36+BX36+CA36 | CE36: =AU36+AX36+BA36+BD36+BG36+BJ36+BM36+BP36+BS36+BV36+BY36+CB36 | CF36: =AV36+AY36+BB36+BE36+BH36+BK36+BN36+BQ36+BT36+BW36+BZ36+CC36 | CG36: =+CE36/12 | CH36: =+CF36/12 | CK36: =CJ36*C36 | CN36: =CM36*C36 | DS36: =CI36+CL36+CO36+CR36+CU36+CX36+DA36+DD36+DG36+DJ36+DM36+DP36 | DT36: =CJ36+CM36+CP36+CS36+CV36+CY36+DB36+DE36+DH36+DK36+DN36+DQ36 | DU36: =CK36+CN36+CQ36+CT36+CW36+CZ36+DC36+DF36+DI36+DL36+DO36+DR36
A37: 30 | B37: Zayawaddy Red | C37: 0.7 | D37: 1 * 12 | E37: 65 | F37: 780 | G37: =F37*$C37 | H37: 91 | I37: 1092 | J37: =I37*$C37 | K37: 122 | L37: 1464 | M37: =L37*$C37 | N37: 148 | O37: 1776 | P37: =O37*$C37 | Q37: 63 | R37: 756 | S37: =R37*$C37 | T37: 90 | U37: 1080 | V37: =U37*$C37 | W37: 110 | X37: 1320 | Y37: =X37*$C37 | Z37: 95 | AA37: 1140 | AB37: =AA37*$C37 | AC37: 140 | AD37: 1680 | AE37: =AD37*$C37 | AF37: 150 | AG37: 1800 | AH37: =AG37*$C37 | AI37: 145 | AJ37: 1740 | AK37: =AJ37*$C37 | AL37: 180 | AM37: 2160 | AN37: =AM37*$C37 | AO37: =E37+H37+K37+N37+Q37+T37+W37+Z37+AC37+AF37+AI37+AL37 | AP37: =F37+I37+L37+O37+R37+U37+X37+AA37+AD37+AG37+AJ37+AM37 | AQ37: =G37+J37+M37+P37+S37+V37+Y37+AB37+AE37+AH37+AK37+AN37 | AR37: =+AP37/12 | AS37: =+AQ37/12 | AT37: 65 | AU37: 780 | AV37: 546 | AW37: 30 | AX37: 360 | AY37: 252 | AZ37: 175 | BA37: 2100 | BB37: =BA37*$C37 | BC37: 35 | BD37: 420 | BE37: =BD37*$C37 | BF37: 65 | BG37: 780 | BH37: =BG37*$C37 | BI37: 75 | BJ37: 900 | BK37: =BJ37*$C37 | BL37: 105 | BM37: 1260 | BN37: =BM37*C37 | BO37: 30 | BP37: 360 | BQ37: =BP37*C37 | BR37: 70 | BS37: 840 | BT37: =BS37*C37 | BU37: 73 | BV37: 879 | BW37: =BV37*C37 | BX37: 80 | BY37: 960 | BZ37: =BY37*C37 | CA37: 124 | CB37: 1492 | CC37: =CB37*C37 | CD37: =AT37+AW37+AZ37+BC37+BF37+BI37+BL37+BO37+BR37+BU37+BX37+CA37 | CE37: =AU37+AX37+BA37+BD37+BG37+BJ37+BM37+BP37+BS37+BV37+BY37+CB37 | CF37: =AV37+AY37+BB37+BE37+BH37+BK37+BN37+BQ37+BT37+BW37+BZ37+CC37 | CG37: =+CE37/12 | CH37: =+CF37/12 | CI37: 40 | CJ37: 480 | CK37: =CJ37*C37 | CL37: 15 | CM37: 180 | CN37: =CM37*C37 | DS37: =CI37+CL37+CO37+CR37+CU37+CX37+DA37+DD37+DG37+DJ37+DM37+DP37 | DT37: =CJ37+CM37+CP37+CS37+CV37+CY37+DB37+DE37+DH37+DK37+DN37+DQ37 | DU37: =CK37+CN37+CQ37+CT37+CW37+CZ37+DC37+DF37+DI37+DL37+DO37+DR37
A38: 31 | B38: Zeyawaddy Rum (43%) | C38: 0.68 | D38: 1 * 12 | G38: =F38*$C38 | H38: 39 | I38: 479 | J38: =I38*$C38 | K38: 66 | L38: 801 | M38: =L38*$C38 | N38: 61 | O38: 738 | P38: =O38*$C38 | Q38: 8 | R38: 103 | S38: =R38*$C38 | T38: 44 | U38: 535 | V38: =U38*$C38 | W38: 37 | X38: 454 | Y38: =X38*$C38 | Z38: 28 | AA38: 336 | AB38: =AA38*$C38 | AE38: =AD38*$C38 | AH38: =AG38*$C38 | AI38: 14 | AJ38: 168 | AK38: =AJ38*$C38 | AL38: 10 | AM38: 120 | AN38: =AM38*$C38 | AO38: =E38+H38+K38+N38+Q38+T38+W38+Z38+AC38+AF38+AI38+AL38 | AP38: =F38+I38+L38+O38+R38+U38+X38+AA38+AD38+AG38+AJ38+AM38 | AQ38: =G38+J38+M38+P38+S38+V38+Y38+AB38+AE38+AH38+AK38+AN38 | AR38: =+AP38/12 | AS38: =+AQ38/12 | AT38: 1 | AU38: 12 | AV38: 8.16 | AY38: =AX38*$C38 | BB38: =BA38*$C38 | BE38: =BD38*$C38 | BH38: =BG38*$C38 | BK38: =BJ38*$C38 | BN38: =BM38*C38 | BQ38: =BP38*C38 | BT38: =BS38*C38 | BW38: =BV38*C38 | BZ38: =BY38*C38 | CC38: =CB38*C38 | CD38: =AT38+AW38+AZ38+BC38+BF38+BI38+BL38+BO38+BR38+BU38+BX38+CA38 | CE38: =AU38+AX38+BA38+BD38+BG38+BJ38+BM38+BP38+BS38+BV38+BY38+CB38 | CF38: =AV38+AY38+BB38+BE38+BH38+BK38+BN38+BQ38+BT38+BW38+BZ38+CC38 | CG38: =+CE38/12 | CH38: =+CF38/12 | CK38: =CJ38*C38 | CN38: =CM38*C38 | DS38: =CI38+CL38+CO38+CR38+CU38+CX38+DA38+DD38+DG38+DJ38+DM38+DP38 | DT38: =CJ38+CM38+CP38+CS38+CV38+CY38+DB38+DE38+DH38+DK38+DN38+DQ38 | DU38: =CK38+CN38+CQ38+CT38+CW38+CZ38+DC38+DF38+DI38+DL38+DO38+DR38
A39: 32 | B39: Zeyawaddy Rum (43%) | C39: 0.64 | D39: 1 * 12 | G39: =F39*$C39 | J39: =I39*$C39 | M39: =L39*$C39 | P39: =O39*$C39 | S39: =R39*$C39 | V39: =U39*$C39 | Y39: =X39*$C39 | AB39: =AA39*$C39 | AE39: =AD39*$C39 | AH39: =AG39*$C39 | AK39: =AJ39*$C39 | AN39: =AM39*$C39 | AO39: =E39+H39+K39+N39+Q39+T39+W39+Z39+AC39+AF39+AI39+AL39 | AP39: =F39+I39+L39+O39+R39+U39+X39+AA39+AD39+AG39+AJ39+AM39 | AQ39: =G39+J39+M39+P39+S39+V39+Y39+AB39+AE39+AH39+AK39+AN39 | AR39: =+AP39/12 | AS39: =+AQ39/12 | AY39: =AX39*$C39 | BB39: =BA39*$C39 | BE39: =BD39*$C39 | BH39: =BG39*$C39 | BK39: =BJ39*$C39 | BN39: =BM39*C39 | BQ39: =BP39*C39 | BT39: =BS39*C39 | BW39: =BV39*C39 | BZ39: =BY39*C39 | CC39: =CB39*C39 | CD39: =AT39+AW39+AZ39+BC39+BF39+BI39+BL39+BO39+BR39+BU39+BX39+CA39 | CE39: =AU39+AX39+BA39+BD39+BG39+BJ39+BM39+BP39+BS39+BV39+BY39+CB39 | CF39: =AV39+AY39+BB39+BE39+BH39+BK39+BN39+BQ39+BT39+BW39+BZ39+CC39 | CG39: =+CE39/12 | CH39: =+CF39/12 | CK39: =CJ39*C39 | CN39: =CM39*C39 | DS39: =CI39+CL39+CO39+CR39+CU39+CX39+DA39+DD39+DG39+DJ39+DM39+DP39 | DT39: =CJ39+CM39+CP39+CS39+CV39+CY39+DB39+DE39+DH39+DK39+DN39+DQ39 | DU39: =CK39+CN39+CQ39+CT39+CW39+CZ39+DC39+DF39+DI39+DL39+DO39+DR39
A40: 33 | B40: ဇေယျဝတီ Smooth (နီ) | C40: 0.64 | D40: 1 * 14 | G40: =F40*$C40 | J40: =I40*$C40 | M40: =L40*$C40 | P40: =O40*$C40 | S40: =R40*$C40 | V40: =U40*$C40 | Y40: =X40*$C40 | AB40: =AA40*$C40 | AE40: =AD40*$C40 | AH40: =AG40*$C40 | AK40: =AJ40*$C40 | AN40: =AM40*$C40 | AO40: =E40+H40+K40+N40+Q40+T40+W40+Z40+AC40+AF40+AI40+AL40 | AP40: =F40+I40+L40+O40+R40+U40+X40+AA40+AD40+AG40+AJ40+AM40 | AQ40: =G40+J40+M40+P40+S40+V40+Y40+AB40+AE40+AH40+AK40+AN40 | AR40: =+AP40/12 | AS40: =+AQ40/12 | AY40: =AX40*$C40 | BB40: =BA40*$C40 | BE40: =BD40*$C40 | BH40: =BG40*$C40 | BK40: =BJ40*$C40 | BN40: =BM40*C40 | BQ40: =BP40*C40 | BT40: =BS40*C40 | BW40: =BV40*C40 | BZ40: =BY40*C40 | CC40: =CB40*C40 | CD40: =AT40+AW40+AZ40+BC40+BF40+BI40+BL40+BO40+BR40+BU40+BX40+CA40 | CE40: =AU40+AX40+BA40+BD40+BG40+BJ40+BM40+BP40+BS40+BV40+BY40+CB40 | CF40: =AV40+AY40+BB40+BE40+BH40+BK40+BN40+BQ40+BT40+BW40+BZ40+CC40 | CG40: =+CE40/12 | CH40: =+CF40/12 | CK40: =CJ40*C40 | CN40: =CM40*C40 | DS40: =CI40+CL40+CO40+CR40+CU40+CX40+DA40+DD40+DG40+DJ40+DM40+DP40 | DT40: =CJ40+CM40+CP40+CS40+CV40+CY40+DB40+DE40+DH40+DK40+DN40+DQ40 | DU40: =CK40+CN40+CQ40+CT40+CW40+CZ40+DC40+DF40+DI40+DL40+DO40+DR40
A41: 34 | B41: Zayawaddy Red | C41: 0.64 | D41: 1 * 14 | E41: 1521 | F41: 21294 | G41: =F41*$C41 | H41: 1018 | I41: 14257 | J41: =I41*$C41 | K41: 1230 | L41: 17220 | M41: =L41*$C41 | N41: 998 | O41: 13972 | P41: =O41*$C41 | Q41: 1214 | R41: 16996 | S41: =R41*$C41 | T41: 1142 | U41: 15988 | V41: =U41*$C41 | W41: 1174 | X41: 16443 | Y41: =X41*$C41 | Z41: 1195 | AA41: 16730 | AB41: =AA41*$C41 | AC41: 1313 | AD41: 18382 | AE41: =AD41*$C41 | AF41: 1087 | AG41: 15218 | AH41: =AG41*$C41 | AI41: 992 | AJ41: 13888 | AK41: =AJ41*$C41 | AL41: 1268 | AM41: 17752 | AN41: =AM41*$C41 | AO41: =E41+H41+K41+N41+Q41+T41+W41+Z41+AC41+AF41+AI41+AL41 | AP41: =F41+I41+L41+O41+R41+U41+X41+AA41+AD41+AG41+AJ41+AM41 | AQ41: =G41+J41+M41+P41+S41+V41+Y41+AB41+AE41+AH41+AK41+AN41 | AR41: =+AP41/12 | AS41: =+AQ41/12 | AT41: 1144 | AU41: 16019 | AV41: 10252.16 | AW41: 1088 | AX41: 15232 | AY41: 9748.48 | AZ41: 1600 | BA41: 22400 | BB41: =BA41*$C41 | BC41: 962 | BD41: 13479 | BE41: =BD41*$C41 | BF41: 1155 | BG41: 16170 | BH41: =BG41*$C41 | BI41: 915 | BJ41: 12816 | BK41: =BJ41*$C41 | BL41: 1180 | BM41: 16520 | BN41: =BM41*C41 | BO41: 1142 | BP41: 15992 | BQ41: =BP41*C41 | BR41: 1403 | BS41: 19642 | BT41: =BS41*C41 | BU41: 1027 | BV41: 14380 | BW41: =BV41*C41 | BX41: 973 | BY41: 13622 | BZ41: =BY41*C41 | CA41: 1232 | CB41: 17248 | CC41: =CB41*C41 | CD41: =AT41+AW41+AZ41+BC41+BF41+BI41+BL41+BO41+BR41+BU41+BX41+CA41 | CE41: =AU41+AX41+BA41+BD41+BG41+BJ41+BM41+BP41+BS41+BV41+BY41+CB41 | CF41: =AV41+AY41+BB41+BE41+BH41+BK41+BN41+BQ41+BT41+BW41+BZ41+CC41 | CG41: =+CE41/12 | CH41: =+CF41/12 | CI41: 1251 | CJ41: 17514 | CK41: =CJ41*C41 | CL41: 882 | CM41: 12348 | CN41: =CM41*C41 | DS41: =CI41+CL41+CO41+CR41+CU41+CX41+DA41+DD41+DG41+DJ41+DM41+DP41 | DT41: =CJ41+CM41+CP41+CS41+CV41+CY41+DB41+DE41+DH41+DK41+DN41+DQ41 | DU41: =CK41+CN41+CQ41+CT41+CW41+CZ41+DC41+DF41+DI41+DL41+DO41+DR41
A42: 35 | B42: Zayawaddy Red | C42: 0.64 | D42: 1 * 24 | G42: =F42*$C42 | J42: =I42*$C42 | M42: =L42*$C42 | P42: =O42*$C42 | S42: =R42*$C42 | V42: =U42*$C42 | Y42: =X42*$C42 | AB42: =AA42*$C42 | AE42: =AD42*$C42 | AH42: =AG42*$C42 | AK42: =AJ42*$C42 | AN42: =AM42*$C42 | AO42: =E42+H42+K42+N42+Q42+T42+W42+Z42+AC42+AF42+AI42+AL42 | AP42: =F42+I42+L42+O42+R42+U42+X42+AA42+AD42+AG42+AJ42+AM42 | AQ42: =G42+J42+M42+P42+S42+V42+Y42+AB42+AE42+AH42+AK42+AN42 | AR42: =+AP42/12 | AS42: =+AQ42/12 | AY42: =AX42*$C42 | BB42: =BA42*$C42 | BE42: =BD42*$C42 | BH42: =BG42*$C42 | BK42: =BJ42*$C42 | BN42: =BM42*C42 | BQ42: =BP42*C42 | BT42: =BS42*C42 | BW42: =BV42*C42 | BZ42: =BY42*C42 | CC42: =CB42*C42 | CD42: =AT42+AW42+AZ42+BC42+BF42+BI42+BL42+BO42+BR42+BU42+BX42+CA42 | CE42: =AU42+AX42+BA42+BD42+BG42+BJ42+BM42+BP42+BS42+BV42+BY42+CB42 | CF42: =AV42+AY42+BB42+BE42+BH42+BK42+BN42+BQ42+BT42+BW42+BZ42+CC42 | CG42: =+CE42/12 | CH42: =+CF42/12 | CK42: =CJ42*C42 | CN42: =CM42*C42 | DS42: =CI42+CL42+CO42+CR42+CU42+CX42+DA42+DD42+DG42+DJ42+DM42+DP42 | DT42: =CJ42+CM42+CP42+CS42+CV42+CY42+DB42+DE42+DH42+DK42+DN42+DQ42 | DU42: =CK42+CN42+CQ42+CT42+CW42+CZ42+DC42+DF42+DI42+DL42+DO42+DR42
A43: 36 | B43: ဇေယျဝတီ Red (ပု) | C43: 0.68 | D43: 1 * 14 | G43: =F43*$C43 | J43: =I43*$C43 | M43: =L43*$C43 | P43: =O43*$C43 | S43: =R43*$C43 | V43: =U43*$C43 | Y43: =X43*$C43 | AB43: =AA43*$C43 | AE43: =AD43*$C43 | AH43: =AG43*$C43 | AK43: =AJ43*$C43 | AN43: =AM43*$C43 | AO43: =E43+H43+K43+N43+Q43+T43+W43+Z43+AC43+AF43+AI43+AL43 | AP43: =F43+I43+L43+O43+R43+U43+X43+AA43+AD43+AG43+AJ43+AM43 | AQ43: =G43+J43+M43+P43+S43+V43+Y43+AB43+AE43+AH43+AK43+AN43 | AR43: =+AP43/12 | AS43: =+AQ43/12 | AY43: =AX43*$C43 | BB43: =BA43*$C43 | BE43: =BD43*$C43 | BH43: =BG43*$C43 | BK43: =BJ43*$C43 | BN43: =BM43*C43 | BQ43: =BP43*C43 | BT43: =BS43*C43 | BW43: =BV43*C43 | BZ43: =BY43*C43 | CC43: =CB43*C43 | CD43: =AT43+AW43+AZ43+BC43+BF43+BI43+BL43+BO43+BR43+BU43+BX43+CA43 | CE43: =AU43+AX43+BA43+BD43+BG43+BJ43+BM43+BP43+BS43+BV43+BY43+CB43 | CF43: =AV43+AY43+BB43+BE43+BH43+BK43+BN43+BQ43+BT43+BW43+BZ43+CC43 | CG43: =+CE43/12 | CH43: =+CF43/12 | CK43: =CJ43*C43 | CN43: =CM43*C43 | DS43: =CI43+CL43+CO43+CR43+CU43+CX43+DA43+DD43+DG43+DJ43+DM43+DP43 | DT43: =CJ43+CM43+CP43+CS43+CV43+CY43+DB43+DE43+DH43+DK43+DN43+DQ43 | DU43: =CK43+CN43+CQ43+CT43+CW43+CZ43+DC43+DF43+DI43+DL43+DO43+DR43
A44: 37 | B44: ဇေယျဝတီ Red (ပု) | C44: 0.64 | D44: 1 * 14 | G44: =F44*$C44 | J44: =I44*$C44 | M44: =L44*$C44 | N44: 5 | O44: 70 | P44: =O44*$C44 | R44: 7 | S44: =R44*$C44 | T44: 17 | U44: 246 | V44: =U44*$C44 | W44: 17 | X44: 238 | Y44: =X44*$C44 | Z44: 16 | AA44: 224 | AB44: =AA44*$C44 | AE44: =AD44*$C44 | AH44: =AG44*$C44 | AK44: =AJ44*$C44 | AL44: 3 | AM44: 42 | AN44: =AM44*$C44 | AO44: =E44+H44+K44+N44+Q44+T44+W44+Z44+AC44+AF44+AI44+AL44 | AP44: =F44+I44+L44+O44+R44+U44+X44+AA44+AD44+AG44+AJ44+AM44 | AQ44: =G44+J44+M44+P44+S44+V44+Y44+AB44+AE44+AH44+AK44+AN44 | AR44: =+AP44/12 | AS44: =+AQ44/12 | AY44: =AX44*$C44 | BB44: =BA44*$C44 | BE44: =BD44*$C44 | BH44: =BG44*$C44 | BK44: =BJ44*$C44 | BN44: =BM44*C44 | BQ44: =BP44*C44 | BT44: =BS44*C44 | BW44: =BV44*C44 | BZ44: =BY44*C44 | CC44: =CB44*C44 | CD44: =AT44+AW44+AZ44+BC44+BF44+BI44+BL44+BO44+BR44+BU44+BX44+CA44 | CE44: =AU44+AX44+BA44+BD44+BG44+BJ44+BM44+BP44+BS44+BV44+BY44+CB44 | CF44: =AV44+AY44+BB44+BE44+BH44+BK44+BN44+BQ44+BT44+BW44+BZ44+CC44 | CG44: =+CE44/12 | CH44: =+CF44/12 | CK44: =CJ44*C44 | CN44: =CM44*C44 | DS44: =CI44+CL44+CO44+CR44+CU44+CX44+DA44+DD44+DG44+DJ44+DM44+DP44 | DT44: =CJ44+CM44+CP44+CS44+CV44+CY44+DB44+DE44+DH44+DK44+DN44+DQ44 | DU44: =CK44+CN44+CQ44+CT44+CW44+CZ44+DC44+DF44+DI44+DL44+DO44+DR44
A45: 38 | B45: ‌ဇေယျဝတီ Red (ice) | C45: 0.64 | D45: 1 * 14 | G45: =F45*$C45 | J45: =I45*$C45 | M45: =L45*$C45 | P45: =O45*$C45 | S45: =R45*$C45 | V45: =U45*$C45 | Y45: =X45*$C45 | AB45: =AA45*$C45 | AE45: =AD45*$C45 | AH45: =AG45*$C45 | AK45: =AJ45*$C45 | AN45: =AM45*$C45 | AO45: =E45+H45+K45+N45+Q45+T45+W45+Z45+AC45+AF45+AI45+AL45 | AP45: =F45+I45+L45+O45+R45+U45+X45+AA45+AD45+AG45+AJ45+AM45 | AQ45: =G45+J45+M45+P45+S45+V45+Y45+AB45+AE45+AH45+AK45+AN45 | AR45: =+AP45/12 | AS45: =+AQ45/12 | AY45: =AX45*$C45 | BB45: =BA45*$C45 | BE45: =BD45*$C45 | BH45: =BG45*$C45 | BK45: =BJ45*$C45 | BN45: =BM45*C45 | BQ45: =BP45*C45 | BT45: =BS45*C45 | BW45: =BV45*C45 | BZ45: =BY45*C45 | CC45: =CB45*C45 | CD45: =AT45+AW45+AZ45+BC45+BF45+BI45+BL45+BO45+BR45+BU45+BX45+CA45 | CE45: =AU45+AX45+BA45+BD45+BG45+BJ45+BM45+BP45+BS45+BV45+BY45+CB45 | CF45: =AV45+AY45+BB45+BE45+BH45+BK45+BN45+BQ45+BT45+BW45+BZ45+CC45 | CG45: =+CE45/12 | CH45: =+CF45/12 | CK45: =CJ45*C45 | CN45: =CM45*C45 | DS45: =CI45+CL45+CO45+CR45+CU45+CX45+DA45+DD45+DG45+DJ45+DM45+DP45 | DT45: =CJ45+CM45+CP45+CS45+CV45+CY45+DB45+DE45+DH45+DK45+DN45+DQ45 | DU45: =CK45+CN45+CQ45+CT45+CW45+CZ45+DC45+DF45+DI45+DL45+DO45+DR45
A46: 39 | B46: ‌ဇေယျဝတီ Red (ice) | C46: 0.64 | D46: 1 * 14 | G46: =F46*$C46 | J46: =I46*$C46 | M46: =L46*$C46 | P46: =O46*$C46 | S46: =R46*$C46 | V46: =U46*$C46 | Y46: =X46*$C46 | AB46: =AA46*$C46 | AE46: =AD46*$C46 | AH46: =AG46*$C46 | AK46: =AJ46*$C46 | AN46: =AM46*$C46 | AO46: =E46+H46+K46+N46+Q46+T46+W46+Z46+AC46+AF46+AI46+AL46 | AP46: =F46+I46+L46+O46+R46+U46+X46+AA46+AD46+AG46+AJ46+AM46 | AQ46: =G46+J46+M46+P46+S46+V46+Y46+AB46+AE46+AH46+AK46+AN46 | AR46: =+AP46/12 | AS46: =+AQ46/12 | AY46: =AX46*$C46 | BB46: =BA46*$C46 | BE46: =BD46*$C46 | BH46: =BG46*$C46 | BK46: =BJ46*$C46 | BN46: =BM46*C46 | BQ46: =BP46*C46 | BT46: =BS46*C46 | BW46: =BV46*C46 | BZ46: =BY46*C46 | CC46: =CB46*C46 | CD46: =AT46+AW46+AZ46+BC46+BF46+BI46+BL46+BO46+BR46+BU46+BX46+CA46 | CE46: =AU46+AX46+BA46+BD46+BG46+BJ46+BM46+BP46+BS46+BV46+BY46+CB46 | CF46: =AV46+AY46+BB46+BE46+BH46+BK46+BN46+BQ46+BT46+BW46+BZ46+CC46 | CG46: =+CE46/12 | CH46: =+CF46/12 | CK46: =CJ46*C46 | CN46: =CM46*C46 | DS46: =CI46+CL46+CO46+CR46+CU46+CX46+DA46+DD46+DG46+DJ46+DM46+DP46 | DT46: =CJ46+CM46+CP46+CS46+CV46+CY46+DB46+DE46+DH46+DK46+DN46+DQ46 | DU46: =CK46+CN46+CQ46+CT46+CW46+CZ46+DC46+DF46+DI46+DL46+DO46+DR46
A47: 40 | B47: ‌ဇေယျဝတီ Red (ice) | C47: 0.64 | D47: 1 * 14 | G47: =F47*$C47 | J47: =I47*$C47 | M47: =L47*$C47 | P47: =O47*$C47 | S47: =R47*$C47 | V47: =U47*$C47 | Y47: =X47*$C47 | AB47: =AA47*$C47 | AE47: =AD47*$C47 | AH47: =AG47*$C47 | AK47: =AJ47*$C47 | AN47: =AM47*$C47 | AO47: =E47+H47+K47+N47+Q47+T47+W47+Z47+AC47+AF47+AI47+AL47 | AP47: =F47+I47+L47+O47+R47+U47+X47+AA47+AD47+AG47+AJ47+AM47 | AQ47: =G47+J47+M47+P47+S47+V47+Y47+AB47+AE47+AH47+AK47+AN47 | AR47: =+AP47/12 | AS47: =+AQ47/12 | AY47: =AX47*$C47 | BB47: =BA47*$C47 | BE47: =BD47*$C47 | BH47: =BG47*$C47 | BK47: =BJ47*$C47 | BN47: =BM47*C47 | BQ47: =BP47*C47 | BT47: =BS47*C47 | BW47: =BV47*C47 | BZ47: =BY47*C47 | CC47: =CB47*C47 | CD47: =AT47+AW47+AZ47+BC47+BF47+BI47+BL47+BO47+BR47+BU47+BX47+CA47 | CE47: =AU47+AX47+BA47+BD47+BG47+BJ47+BM47+BP47+BS47+BV47+BY47+CB47 | CF47: =AV47+AY47+BB47+BE47+BH47+BK47+BN47+BQ47+BT47+BW47+BZ47+CC47 | CG47: =+CE47/12 | CH47: =+CF47/12 | CK47: =CJ47*C47 | CN47: =CM47*C47 | DS47: =CI47+CL47+CO47+CR47+CU47+CX47+DA47+DD47+DG47+DJ47+DM47+DP47 | DT47: =CJ47+CM47+CP47+CS47+CV47+CY47+DB47+DE47+DH47+DK47+DN47+DQ47 | DU47: =CK47+CN47+CQ47+CT47+CW47+CZ47+DC47+DF47+DI47+DL47+DO47+DR47
G48: =F48*$C48 | J48: =I48*$C48 | M48: =L48*$C48 | P48: =O48*$C48 | S48: =R48*$C48 | V48: =U48*$C48 | Y48: =X48*$C48 | AB48: =AA48*$C48 | AE48: =AD48*$C48 | AH48: =AG48*$C48 | AK48: =AJ48*$C48 | AN48: =AM48*$C48 | AO48: =E48+H48+K48+N48+Q48+T48+W48+Z48+AC48+AF48+AI48+AL48 | AP48: =F48+I48+L48+O48+R48+U48+X48+AA48+AD48+AG48+AJ48+AM48 | AQ48: =G48+J48+M48+P48+S48+V48+Y48+AB48+AE48+AH48+AK48+AN48 | AR48: =+AP48/12 | AS48: =+AQ48/12 | AY48: =AX48*$C48 | BB48: =BA48*$C48 | BE48: =BD48*$C48 | BH48: =BG48*$C48 | BK48: =BJ48*$C48 | BN48: =BM48*C48 | BQ48: =BP48*C48 | BT48: =BS48*C48 | BW48: =BV48*C48 | BZ48: =BY48*C48 | CC48: =CB48*C48 | CD48: =AT48+AW48+AZ48+BC48+BF48+BI48+BL48+BO48+BR48+BU48+BX48+CA48 | CE48: =AU48+AX48+BA48+BD48+BG48+BJ48+BM48+BP48+BS48+BV48+BY48+CB48 | CF48: =AV48+AY48+BB48+BE48+BH48+BK48+BN48+BQ48+BT48+BW48+BZ48+CC48 | CG48: =+CE48/12 | CH48: =+CF48/12 | CK48: =CJ48*C48 | CN48: =CM48*C48 | DS48: =CI48+CL48+CO48+CR48+CU48+CX48+DA48+DD48+DG48+DJ48+DM48+DP48 | DT48: =CJ48+CM48+CP48+CS48+CV48+CY48+DB48+DE48+DH48+DK48+DN48+DQ48 | DU48: =CK48+CN48+CQ48+CT48+CW48+CZ48+DC48+DF48+DI48+DL48+DO48+DR48
A49: 41 | B49: မြန်မာရှောက်ပျား(1 Liter) | C49: 1 | D49: 1 * 12 | G49: =F49*$C49 | J49: =I49*$C49 | M49: =L49*$C49 | P49: =O49*$C49 | S49: =R49*$C49 | V49: =U49*$C49 | Y49: =X49*$C49 | AB49: =AA49*$C49 | AE49: =AD49*$C49 | AH49: =AG49*$C49 | AK49: =AJ49*$C49 | AN49: =AM49*$C49 | AO49: =E49+H49+K49+N49+Q49+T49+W49+Z49+AC49+AF49+AI49+AL49 | AP49: =F49+I49+L49+O49+R49+U49+X49+AA49+AD49+AG49+AJ49+AM49 | AQ49: =G49+J49+M49+P49+S49+V49+Y49+AB49+AE49+AH49+AK49+AN49 | AR49: =+AP49/12 | AS49: =+AQ49/12 | AY49: =AX49*$C49 | BB49: =BA49*$C49 | BE49: =BD49*$C49 | BH49: =BG49*$C49 | BK49: =BJ49*$C49 | BN49: =BM49*C49 | BQ49: =BP49*C49 | BT49: =BS49*C49 | BW49: =BV49*C49 | BZ49: =BY49*C49 | CC49: =CB49*C49 | CD49: =AT49+AW49+AZ49+BC49+BF49+BI49+BL49+BO49+BR49+BU49+BX49+CA49 | CE49: =AU49+AX49+BA49+BD49+BG49+BJ49+BM49+BP49+BS49+BV49+BY49+CB49 | CF49: =AV49+AY49+BB49+BE49+BH49+BK49+BN49+BQ49+BT49+BW49+BZ49+CC49 | CG49: =+CE49/12 | CH49: =+CF49/12 | CK49: =CJ49*C49 | CN49: =CM49*C49 | DS49: =CI49+CL49+CO49+CR49+CU49+CX49+DA49+DD49+DG49+DJ49+DM49+DP49 | DT49: =CJ49+CM49+CP49+CS49+CV49+CY49+DB49+DE49+DH49+DK49+DN49+DQ49 | DU49: =CK49+CN49+CQ49+CT49+CW49+CZ49+DC49+DF49+DI49+DL49+DO49+DR49
A50: 42 | B50: မြန်မာရှောက်ပျား(1 Liter) | C50: 1 | D50: 1 * 24 | G50: =F50*$C50 | J50: =I50*$C50 | M50: =L50*$C50 | P50: =O50*$C50 | S50: =R50*$C50 | V50: =U50*$C50 | Y50: =X50*$C50 | AB50: =AA50*$C50 | AE50: =AD50*$C50 | AH50: =AG50*$C50 | AK50: =AJ50*$C50 | AN50: =AM50*$C50 | AO50: =E50+H50+K50+N50+Q50+T50+W50+Z50+AC50+AF50+AI50+AL50 | AP50: =F50+I50+L50+O50+R50+U50+X50+AA50+AD50+AG50+AJ50+AM50 | AQ50: =G50+J50+M50+P50+S50+V50+Y50+AB50+AE50+AH50+AK50+AN50 | AR50: =+AP50/12 | AS50: =+AQ50/12 | AY50: =AX50*$C50 | BB50: =BA50*$C50 | BE50: =BD50*$C50 | BH50: =BG50*$C50 | BK50: =BJ50*$C50 | BN50: =BM50*C50 | BQ50: =BP50*C50 | BT50: =BS50*C50 | BW50: =BV50*C50 | BZ50: =BY50*C50 | CC50: =CB50*C50 | CD50: =AT50+AW50+AZ50+BC50+BF50+BI50+BL50+BO50+BR50+BU50+BX50+CA50 | CE50: =AU50+AX50+BA50+BD50+BG50+BJ50+BM50+BP50+BS50+BV50+BY50+CB50 | CF50: =AV50+AY50+BB50+BE50+BH50+BK50+BN50+BQ50+BT50+BW50+BZ50+CC50 | CG50: =+CE50/12 | CH50: =+CF50/12 | CK50: =CJ50*C50 | CN50: =CM50*C50 | DS50: =CI50+CL50+CO50+CR50+CU50+CX50+DA50+DD50+DG50+DJ50+DM50+DP50 | DT50: =CJ50+CM50+CP50+CS50+CV50+CY50+DB50+DE50+DH50+DK50+DN50+DQ50 | DU50: =CK50+CN50+CQ50+CT50+CW50+CZ50+DC50+DF50+DI50+DL50+DO50+DR50
A51: 43 | B51: မြန်မာရှောက်ပျား | C51: 0.64 | D51: 1 * 14 | E51: 4350 | F51: 60900 | G51: =F51*$C51 | H51: 4056 | I51: 56784 | J51: =I51*$C51 | K51: 4079 | L51: 57106 | M51: =L51*$C51 | N51: 3470 | O51: 48580 | P51: =O51*$C51 | Q51: 3698 | R51: 51772 | S51: =R51*$C51 | T51: 4036 | U51: 56504 | V51: =U51*$C51 | W51: 4150 | X51: 58107 | Y51: =X51*$C51 | Z51: 3580 | AA51: 50127 | AB51: =AA51*$C51 | AC51: 4237 | AD51: 59318 | AE51: =AD51*$C51 | AF51: 3492 | AG51: 48888 | AH51: =AG51*$C51 | AI51: 3964 | AJ51: 55496 | AK51: =AJ51*$C51 | AL51: 4780 | AM51: 66920 | AN51: =AM51*$C51 | AO51: =E51+H51+K51+N51+Q51+T51+W51+Z51+AC51+AF51+AI51+AL51 | AP51: =F51+I51+L51+O51+R51+U51+X51+AA51+AD51+AG51+AJ51+AM51 | AQ51: =G51+J51+M51+P51+S51+V51+Y51+AB51+AE51+AH51+AK51+AN51 | AR51: =+AP51/12 | AS51: =+AQ51/12 | AT51: 4170 | AU51: 58380 | AV51: 37363.2 | AW51: 3175 | AX51: 44450 | AY51: 28448 | AZ51: 3527 | BA51: 49381 | BB51: =BA51*$C51 | BC51: 3317 | BD51: 46440 | BE51: =BD51*$C51 | BF51: 3600 | BG51: 50412 | BH51: =BG51*$C51 | BI51: 3825 | BJ51: 53550 | BK51: =BJ51*$C51 | BL51: 3978 | BM51: 55692 | BN51: =BM51*C51 | BO51: 3260 | BP51: 45640 | BQ51: =BP51*C51 | BR51: 4236 | BS51: 59306 | BT51: =BS51*C51 | BU51: 3609 | BV51: 50528 | BW51: =BV51*C51 | BX51: 3720 | BY51: 52080 | BZ51: =BY51*C51 | CA51: 3661 | CB51: 51254 | CC51: =CB51*C51 | CD51: =AT51+AW51+AZ51+BC51+BF51+BI51+BL51+BO51+BR51+BU51+BX51+CA51 | CE51: =AU51+AX51+BA51+BD51+BG51+BJ51+BM51+BP51+BS51+BV51+BY51+CB51 | CF51: =AV51+AY51+BB51+BE51+BH51+BK51+BN51+BQ51+BT51+BW51+BZ51+CC51 | CG51: =+CE51/12 | CH51: =+CF51/12 | CI51: 3617 | CJ51: 50638 | CK51: =CJ51*C51 | CL51: 3192 | CM51: 44690 | CN51: =CM51*C51 | DS51: =CI51+CL51+CO51+CR51+CU51+CX51+DA51+DD51+DG51+DJ51+DM51+DP51 | DT51: =CJ51+CM51+CP51+CS51+CV51+CY51+DB51+DE51+DH51+DK51+DN51+DQ51 | DU51: =CK51+CN51+CQ51+CT51+CW51+CZ51+DC51+DF51+DI51+DL51+DO51+DR51
A52: 44 | B52: မြန်မာရှောက်ပျား | C52: 0.64 | D52: 1 * 24 | G52: =F52*$C52 | J52: =I52*$C52 | M52: =L52*$C52 | P52: =O52*$C52 | S52: =R52*$C52 | V52: =U52*$C52 | Y52: =X52*$C52 | AB52: =AA52*$C52 | AE52: =AD52*$C52 | AH52: =AG52*$C52 | AK52: =AJ52*$C52 | AN52: =AM52*$C52 | AO52: =E52+H52+K52+N52+Q52+T52+W52+Z52+AC52+AF52+AI52+AL52 | AP52: =F52+I52+L52+O52+R52+U52+X52+AA52+AD52+AG52+AJ52+AM52 | AQ52: =G52+J52+M52+P52+S52+V52+Y52+AB52+AE52+AH52+AK52+AN52 | AR52: =+AP52/12 | AS52: =+AQ52/12 | AY52: =AX52*$C52 | BB52: =BA52*$C52 | BE52: =BD52*$C52 | BH52: =BG52*$C52 | BK52: =BJ52*$C52 | BN52: =BM52*C52 | BQ52: =BP52*C52 | BT52: =BS52*C52 | BW52: =BV52*C52 | BZ52: =BY52*C52 | CC52: =CB52*C52 | CD52: =AT52+AW52+AZ52+BC52+BF52+BI52+BL52+BO52+BR52+BU52+BX52+CA52 | CE52: =AU52+AX52+BA52+BD52+BG52+BJ52+BM52+BP52+BS52+BV52+BY52+CB52 | CF52: =AV52+AY52+BB52+BE52+BH52+BK52+BN52+BQ52+BT52+BW52+BZ52+CC52 | CG52: =+CE52/12 | CH52: =+CF52/12 | CK52: =CJ52*C52 | CN52: =CM52*C52 | DS52: =CI52+CL52+CO52+CR52+CU52+CX52+DA52+DD52+DG52+DJ52+DM52+DP52 | DT52: =CJ52+CM52+CP52+CS52+CV52+CY52+DB52+DE52+DH52+DK52+DN52+DQ52 | DU52: =CK52+CN52+CQ52+CT52+CW52+CZ52+DC52+DF52+DI52+DL52+DO52+DR52
G53: =F53*$C53 | J53: =I53*$C53 | M53: =L53*$C53 | P53: =O53*$C53 | S53: =R53*$C53 | V53: =U53*$C53 | Y53: =X53*$C53 | AB53: =AA53*$C53 | AE53: =AD53*$C53 | AH53: =AG53*$C53 | AK53: =AJ53*$C53 | AN53: =AM53*$C53 | AO53: =E53+H53+K53+N53+Q53+T53+W53+Z53+AC53+AF53+AI53+AL53 | AP53: =F53+I53+L53+O53+R53+U53+X53+AA53+AD53+AG53+AJ53+AM53 | AQ53: =G53+J53+M53+P53+S53+V53+Y53+AB53+AE53+AH53+AK53+AN53 | AR53: =+AP53/12 | AS53: =+AQ53/12 | AY53: =AX53*$C53 | BB53: =BA53*$C53 | BE53: =BD53*$C53 | BH53: =BG53*$C53 | BK53: =BJ53*$C53 | BN53: =BM53*C53 | BQ53: =BP53*C53 | BT53: =BS53*C53 | BW53: =BV53*C53 | BZ53: =BY53*C53 | CC53: =CB53*C53 | CD53: =AT53+AW53+AZ53+BC53+BF53+BI53+BL53+BO53+BR53+BU53+BX53+CA53 | CE53: =AU53+AX53+BA53+BD53+BG53+BJ53+BM53+BP53+BS53+BV53+BY53+CB53 | CF53: =AV53+AY53+BB53+BE53+BH53+BK53+BN53+BQ53+BT53+BW53+BZ53+CC53 | CG53: =+CE53/12 | CH53: =+CF53/12 | CK53: =CJ53*C53 | CN53: =CM53*C53 | DS53: =CI53+CL53+CO53+CR53+CU53+CX53+DA53+DD53+DG53+DJ53+DM53+DP53 | DT53: =CJ53+CM53+CP53+CS53+CV53+CY53+DB53+DE53+DH53+DK53+DN53+DQ53 | DU53: =CK53+CN53+CQ53+CT53+CW53+CZ53+DC53+DF53+DI53+DL53+DO53+DR53
G54: =F54*$C54 | J54: =I54*$C54 | M54: =L54*$C54 | P54: =O54*$C54 | S54: =R54*$C54 | V54: =U54*$C54 | Y54: =X54*$C54 | AB54: =AA54*$C54 | AE54: =AD54*$C54 | AH54: =AG54*$C54 | AK54: =AJ54*$C54 | AN54: =AM54*$C54 | AO54: =E54+H54+K54+N54+Q54+T54+W54+Z54+AC54+AF54+AI54+AL54 | AP54: =F54+I54+L54+O54+R54+U54+X54+AA54+AD54+AG54+AJ54+AM54 | AQ54: =G54+J54+M54+P54+S54+V54+Y54+AB54+AE54+AH54+AK54+AN54 | AR54: =+AP54/12 | AS54: =+AQ54/12 | AY54: =AX54*$C54 | BB54: =BA54*$C54 | BE54: =BD54*$C54 | BH54: =BG54*$C54 | BK54: =BJ54*$C54 | BN54: =BM54*C54 | BQ54: =BP54*C54 | BT54: =BS54*C54 | BW54: =BV54*C54 | BZ54: =BY54*C54 | CC54: =CB54*C54 | CD54: =AT54+AW54+AZ54+BC54+BF54+BI54+BL54+BO54+BR54+BU54+BX54+CA54 | CE54: =AU54+AX54+BA54+BD54+BG54+BJ54+BM54+BP54+BS54+BV54+BY54+CB54 | CF54: =AV54+AY54+BB54+BE54+BH54+BK54+BN54+BQ54+BT54+BW54+BZ54+CC54 | CG54: =+CE54/12 | CH54: =+CF54/12 | CK54: =CJ54*C54 | CN54: =CM54*C54 | DS54: =CI54+CL54+CO54+CR54+CU54+CX54+DA54+DD54+DG54+DJ54+DM54+DP54 | DT54: =CJ54+CM54+CP54+CS54+CV54+CY54+DB54+DE54+DH54+DK54+DN54+DQ54 | DU54: =CK54+CN54+CQ54+CT54+CW54+CZ54+DC54+DF54+DI54+DL54+DO54+DR54
A55: 45 | B55: သံပုရာအရက်(1 Liter) | C55: 1 | D55: 1 * 12 | G55: =F55*$C55 | J55: =I55*$C55 | M55: =L55*$C55 | P55: =O55*$C55 | S55: =R55*$C55 | V55: =U55*$C55 | Y55: =X55*$C55 | AB55: =AA55*$C55 | AE55: =AD55*$C55 | AH55: =AG55*$C55 | AK55: =AJ55*$C55 | AN55: =AM55*$C55 | AO55: =E55+H55+K55+N55+Q55+T55+W55+Z55+AC55+AF55+AI55+AL55 | AP55: =F55+I55+L55+O55+R55+U55+X55+AA55+AD55+AG55+AJ55+AM55 | AQ55: =G55+J55+M55+P55+S55+V55+Y55+AB55+AE55+AH55+AK55+AN55 | AR55: =+AP55/12 | AS55: =+AQ55/12 | AY55: =AX55*$C55 | BB55: =BA55*$C55 | BE55: =BD55*$C55 | BH55: =BG55*$C55 | BK55: =BJ55*$C55 | BN55: =BM55*C55 | BQ55: =BP55*C55 | BT55: =BS55*C55 | BW55: =BV55*C55 | BZ55: =BY55*C55 | CC55: =CB55*C55 | CD55: =AT55+AW55+AZ55+BC55+BF55+BI55+BL55+BO55+BR55+BU55+BX55+CA55 | CE55: =AU55+AX55+BA55+BD55+BG55+BJ55+BM55+BP55+BS55+BV55+BY55+CB55 | CF55: =AV55+AY55+BB55+BE55+BH55+BK55+BN55+BQ55+BT55+BW55+BZ55+CC55 | CG55: =+CE55/12 | CH55: =+CF55/12 | CK55: =CJ55*C55 | CN55: =CM55*C55 | DS55: =CI55+CL55+CO55+CR55+CU55+CX55+DA55+DD55+DG55+DJ55+DM55+DP55 | DT55: =CJ55+CM55+CP55+CS55+CV55+CY55+DB55+DE55+DH55+DK55+DN55+DQ55 | DU55: =CK55+CN55+CQ55+CT55+CW55+CZ55+DC55+DF55+DI55+DL55+DO55+DR55
A56: 46 | B56: သံပုရာအရက်(0.6 Liter) | C56: 0.6 | D56: 1 * 12 | G56: =F56*$C56 | J56: =I56*$C56 | M56: =L56*$C56 | P56: =O56*$C56 | S56: =R56*$C56 | V56: =U56*$C56 | Y56: =X56*$C56 | AB56: =AA56*$C56 | AE56: =AD56*$C56 | AH56: =AG56*$C56 | AK56: =AJ56*$C56 | AN56: =AM56*$C56 | AO56: =E56+H56+K56+N56+Q56+T56+W56+Z56+AC56+AF56+AI56+AL56 | AP56: =F56+I56+L56+O56+R56+U56+X56+AA56+AD56+AG56+AJ56+AM56 | AQ56: =G56+J56+M56+P56+S56+V56+Y56+AB56+AE56+AH56+AK56+AN56 | AR56: =+AP56/12 | AS56: =+AQ56/12 | AY56: =AX56*$C56 | BB56: =BA56*$C56 | BE56: =BD56*$C56 | BH56: =BG56*$C56 | BK56: =BJ56*$C56 | BN56: =BM56*C56 | BQ56: =BP56*C56 | BT56: =BS56*C56 | BW56: =BV56*C56 | BZ56: =BY56*C56 | CC56: =CB56*C56 | CD56: =AT56+AW56+AZ56+BC56+BF56+BI56+BL56+BO56+BR56+BU56+BX56+CA56 | CE56: =AU56+AX56+BA56+BD56+BG56+BJ56+BM56+BP56+BS56+BV56+BY56+CB56 | CF56: =AV56+AY56+BB56+BE56+BH56+BK56+BN56+BQ56+BT56+BW56+BZ56+CC56 | CG56: =+CE56/12 | CH56: =+CF56/12 | CK56: =CJ56*C56 | CN56: =CM56*C56 | DS56: =CI56+CL56+CO56+CR56+CU56+CX56+DA56+DD56+DG56+DJ56+DM56+DP56 | DT56: =CJ56+CM56+CP56+CS56+CV56+CY56+DB56+DE56+DH56+DK56+DN56+DQ56 | DU56: =CK56+CN56+CQ56+CT56+CW56+CZ56+DC56+DF56+DI56+DL56+DO56+DR56
A57: 47 | B57: သံပုရာအရက် | C57: 0.64 | D57: 1 * 14 | E57: 1549 | F57: 21686 | G57: =F57*$C57 | H57: 1384 | I57: 19388 | J57: =I57*$C57 | K57: 1413 | L57: 19782 | M57: =L57*$C57 | N57: 1345 | O57: 18830 | P57: =O57*$C57 | Q57: 1362 | R57: 19068 | S57: =R57*$C57 | T57: 1536 | U57: 21511 | V57: =U57*$C57 | W57: 1976 | X57: 27664 | Y57: =X57*$C57 | Z57: 1213 | AA57: 16982 | AB57: =AA57*$C57 | AC57: 1581 | AD57: 22134 | AE57: =AD57*$C57 | AF57: 1630 | AG57: 22820 | AH57: =AG57*$C57 | AI57: 1215 | AJ57: 17010 | AK57: =AJ57*$C57 | AL57: 1377 | AM57: 19278 | AN57: =AM57*$C57 | AO57: =E57+H57+K57+N57+Q57+T57+W57+Z57+AC57+AF57+AI57+AL57 | AP57: =F57+I57+L57+O57+R57+U57+X57+AA57+AD57+AG57+AJ57+AM57 | AQ57: =G57+J57+M57+P57+S57+V57+Y57+AB57+AE57+AH57+AK57+AN57 | AR57: =+AP57/12 | AS57: =+AQ57/12 | AT57: 1422 | AU57: 19911 | AV57: 12743.04 | AW57: 1060 | AX57: 14840 | AY57: 9497.6 | AZ57: 1190 | BA57: 16663 | BB57: =BA57*$C57 | BC57: 1076 | BD57: 15064 | BE57: =BD57*$C57 | BF57: 1121 | BG57: 15694 | BH57: =BG57*$C57 | BI57: 1185 | BJ57: 16590 | BK57: =BJ57*$C57 | BL57: 1273 | BM57: 17822 | BN57: =BM57*C57 | BO57: 1293 | BP57: 18102 | BQ57: =BP57*C57 | BR57: 1518 | BS57: 21252 | BT57: =BS57*C57 | BU57: 1286 | BV57: 18004 | BW57: =BV57*C57 | BX57: 1170 | BY57: 16380 | BZ57: =BY57*C57 | CA57: 1375 | CB57: 19250 | CC57: =CB57*C57 | CD57: =AT57+AW57+AZ57+BC57+BF57+BI57+BL57+BO57+BR57+BU57+BX57+CA57 | CE57: =AU57+AX57+BA57+BD57+BG57+BJ57+BM57+BP57+BS57+BV57+BY57+CB57 | CF57: =AV57+AY57+BB57+BE57+BH57+BK57+BN57+BQ57+BT57+BW57+BZ57+CC57 | CG57: =+CE57/12 | CH57: =+CF57/12 | CI57: 1274 | CJ57: 17836 | CK57: =CJ57*C57 | CL57: 1065 | CM57: 14921 | CN57: =CM57*C57 | DS57: =CI57+CL57+CO57+CR57+CU57+CX57+DA57+DD57+DG57+DJ57+DM57+DP57 | DT57: =CJ57+CM57+CP57+CS57+CV57+CY57+DB57+DE57+DH57+DK57+DN57+DQ57 | DU57: =CK57+CN57+CQ57+CT57+CW57+CZ57+DC57+DF57+DI57+DL57+DO57+DR57
A58: 48 | B58: သံပုရာအရက် | C58: 0.64 | D58: 1 * 24 | G58: =F58*$C58 | J58: =I58*$C58 | M58: =L58*$C58 | P58: =O58*$C58 | S58: =R58*$C58 | V58: =U58*$C58 | Y58: =X58*$C58 | AB58: =AA58*$C58 | AE58: =AD58*$C58 | AH58: =AG58*$C58 | AK58: =AJ58*$C58 | AN58: =AM58*$C58 | AO58: =E58+H58+K58+N58+Q58+T58+W58+Z58+AC58+AF58+AI58+AL58 | AP58: =F58+I58+L58+O58+R58+U58+X58+AA58+AD58+AG58+AJ58+AM58 | AQ58: =G58+J58+M58+P58+S58+V58+Y58+AB58+AE58+AH58+AK58+AN58 | AR58: =+AP58/12 | AS58: =+AQ58/12 | AY58: =AX58*$C58 | BB58: =BA58*$C58 | BE58: =BD58*$C58 | BH58: =BG58*$C58 | BK58: =BJ58*$C58 | BN58: =BM58*C58 | BQ58: =BP58*C58 | BT58: =BS58*C58 | BW58: =BV58*C58 | BZ58: =BY58*C58 | CC58: =CB58*C58 | CD58: =AT58+AW58+AZ58+BC58+BF58+BI58+BL58+BO58+BR58+BU58+BX58+CA58 | CE58: =AU58+AX58+BA58+BD58+BG58+BJ58+BM58+BP58+BS58+BV58+BY58+CB58 | CF58: =AV58+AY58+BB58+BE58+BH58+BK58+BN58+BQ58+BT58+BW58+BZ58+CC58 | CG58: =+CE58/12 | CH58: =+CF58/12 | CK58: =CJ58*C58 | CN58: =CM58*C58 | DS58: =CI58+CL58+CO58+CR58+CU58+CX58+DA58+DD58+DG58+DJ58+DM58+DP58 | DT58: =CJ58+CM58+CP58+CS58+CV58+CY58+DB58+DE58+DH58+DK58+DN58+DQ58 | DU58: =CK58+CN58+CQ58+CT58+CW58+CZ58+DC58+DF58+DI58+DL58+DO58+DR58
G59: =F59*$C59 | J59: =I59*$C59 | M59: =L59*$C59 | P59: =O59*$C59 | S59: =R59*$C59 | V59: =U59*$C59 | Y59: =X59*$C59 | AB59: =AA59*$C59 | AE59: =AD59*$C59 | AH59: =AG59*$C59 | AK59: =AJ59*$C59 | AN59: =AM59*$C59 | AO59: =E59+H59+K59+N59+Q59+T59+W59+Z59+AC59+AF59+AI59+AL59 | AP59: =F59+I59+L59+O59+R59+U59+X59+AA59+AD59+AG59+AJ59+AM59 | AQ59: =G59+J59+M59+P59+S59+V59+Y59+AB59+AE59+AH59+AK59+AN59 | AR59: =+AP59/12 | AS59: =+AQ59/12 | AY59: =AX59*$C59 | BB59: =BA59*$C59 | BE59: =BD59*$C59 | BH59: =BG59*$C59 | BK59: =BJ59*$C59 | BN59: =BM59*C59 | BQ59: =BP59*C59 | BT59: =BS59*C59 | BW59: =BV59*C59 | BZ59: =BY59*C59 | CC59: =CB59*C59 | CD59: =AT59+AW59+AZ59+BC59+BF59+BI59+BL59+BO59+BR59+BU59+BX59+CA59 | CE59: =AU59+AX59+BA59+BD59+BG59+BJ59+BM59+BP59+BS59+BV59+BY59+CB59 | CF59: =AV59+AY59+BB59+BE59+BH59+BK59+BN59+BQ59+BT59+BW59+BZ59+CC59 | CG59: =+CE59/12 | CH59: =+CF59/12 | CK59: =CJ59*C59 | CN59: =CM59*C59 | DS59: =CI59+CL59+CO59+CR59+CU59+CX59+DA59+DD59+DG59+DJ59+DM59+DP59 | DT59: =CJ59+CM59+CP59+CS59+CV59+CY59+DB59+DE59+DH59+DK59+DN59+DQ59 | DU59: =CK59+CN59+CQ59+CT59+CW59+CZ59+DC59+DF59+DI59+DL59+DO59+DR59
A60: 49 | B60: Dagon Tamarind (1 Liter) | C60: 1 | D60: 1 * 12 | G60: =F60*$C60 | J60: =I60*$C60 | M60: =L60*$C60 | P60: =O60*$C60 | S60: =R60*$C60 | V60: =U60*$C60 | Y60: =X60*$C60 | AB60: =AA60*$C60 | AE60: =AD60*$C60 | AH60: =AG60*$C60 | AK60: =AJ60*$C60 | AN60: =AM60*$C60 | AO60: =E60+H60+K60+N60+Q60+T60+W60+Z60+AC60+AF60+AI60+AL60 | AP60: =F60+I60+L60+O60+R60+U60+X60+AA60+AD60+AG60+AJ60+AM60 | AQ60: =G60+J60+M60+P60+S60+V60+Y60+AB60+AE60+AH60+AK60+AN60 | AR60: =+AP60/12 | AS60: =+AQ60/12 | AY60: =AX60*$C60 | BB60: =BA60*$C60 | BE60: =BD60*$C60 | BH60: =BG60*$C60 | BK60: =BJ60*$C60 | BN60: =BM60*C60 | BQ60: =BP60*C60 | BT60: =BS60*C60 | BW60: =BV60*C60 | BZ60: =BY60*C60 | CC60: =CB60*C60 | CD60: =AT60+AW60+AZ60+BC60+BF60+BI60+BL60+BO60+BR60+BU60+BX60+CA60 | CE60: =AU60+AX60+BA60+BD60+BG60+BJ60+BM60+BP60+BS60+BV60+BY60+CB60 | CF60: =AV60+AY60+BB60+BE60+BH60+BK60+BN60+BQ60+BT60+BW60+BZ60+CC60 | CG60: =+CE60/12 | CH60: =+CF60/12 | CK60: =CJ60*C60 | CN60: =CM60*C60 | DS60: =CI60+CL60+CO60+CR60+CU60+CX60+DA60+DD60+DG60+DJ60+DM60+DP60 | DT60: =CJ60+CM60+CP60+CS60+CV60+CY60+DB60+DE60+DH60+DK60+DN60+DQ60 | DU60: =CK60+CN60+CQ60+CT60+CW60+CZ60+DC60+DF60+DI60+DL60+DO60+DR60
A61: 50 | B61: Dagon Tamarind-600ml | C61: 0.6 | G61: =F61*$C61 | J61: =I61*$C61 | M61: =L61*$C61 | P61: =O61*$C61 | S61: =R61*$C61 | V61: =U61*$C61 | Y61: =X61*$C61 | AB61: =AA61*$C61 | AE61: =AD61*$C61 | AH61: =AG61*$C61 | AK61: =AJ61*$C61 | AN61: =AM61*$C61 | AO61: =E61+H61+K61+N61+Q61+T61+W61+Z61+AC61+AF61+AI61+AL61 | AP61: =F61+I61+L61+O61+R61+U61+X61+AA61+AD61+AG61+AJ61+AM61 | AQ61: =G61+J61+M61+P61+S61+V61+Y61+AB61+AE61+AH61+AK61+AN61 | AR61: =+AP61/12 | AS61: =+AQ61/12 | AY61: =AX61*$C61 | BB61: =BA61*$C61 | BE61: =BD61*$C61 | BH61: =BG61*$C61 | BK61: =BJ61*$C61 | BN61: =BM61*C61 | BQ61: =BP61*C61 | BT61: =BS61*C61 | BW61: =BV61*C61 | BZ61: =BY61*C61 | CC61: =CB61*C61 | CD61: =AT61+AW61+AZ61+BC61+BF61+BI61+BL61+BO61+BR61+BU61+BX61+CA61 | CE61: =AU61+AX61+BA61+BD61+BG61+BJ61+BM61+BP61+BS61+BV61+BY61+CB61 | CF61: =AV61+AY61+BB61+BE61+BH61+BK61+BN61+BQ61+BT61+BW61+BZ61+CC61 | CG61: =+CE61/12 | CH61: =+CF61/12 | CK61: =CJ61*C61 | CN61: =CM61*C61 | DS61: =CI61+CL61+CO61+CR61+CU61+CX61+DA61+DD61+DG61+DJ61+DM61+DP61 | DT61: =CJ61+CM61+CP61+CS61+CV61+CY61+DB61+DE61+DH61+DK61+DN61+DQ61 | DU61: =CK61+CN61+CQ61+CT61+CW61+CZ61+DC61+DF61+DI61+DL61+DO61+DR61
A62: 51 | B62: Dagon Tamarind (0.35 Liter) | C62: 0.35 | D62: 1 * 40 | G62: =F62*$C62 | J62: =I62*$C62 | M62: =L62*$C62 | P62: =O62*$C62 | S62: =R62*$C62 | V62: =U62*$C62 | Y62: =X62*$C62 | AB62: =AA62*$C62 | AE62: =AD62*$C62 | AH62: =AG62*$C62 | AK62: =AJ62*$C62 | AN62: =AM62*$C62 | AO62: =E62+H62+K62+N62+Q62+T62+W62+Z62+AC62+AF62+AI62+AL62 | AP62: =F62+I62+L62+O62+R62+U62+X62+AA62+AD62+AG62+AJ62+AM62 | AQ62: =G62+J62+M62+P62+S62+V62+Y62+AB62+AE62+AH62+AK62+AN62 | AR62: =+AP62/12 | AS62: =+AQ62/12 | AY62: =AX62*$C62 | BB62: =BA62*$C62 | BE62: =BD62*$C62 | BH62: =BG62*$C62 | BK62: =BJ62*$C62 | BN62: =BM62*C62 | BQ62: =BP62*C62 | BT62: =BS62*C62 | BW62: =BV62*C62 | BZ62: =BY62*C62 | CC62: =CB62*C62 | CD62: =AT62+AW62+AZ62+BC62+BF62+BI62+BL62+BO62+BR62+BU62+BX62+CA62 | CE62: =AU62+AX62+BA62+BD62+BG62+BJ62+BM62+BP62+BS62+BV62+BY62+CB62 | CF62: =AV62+AY62+BB62+BE62+BH62+BK62+BN62+BQ62+BT62+BW62+BZ62+CC62 | CG62: =+CE62/12 | CH62: =+CF62/12 | CK62: =CJ62*C62 | CN62: =CM62*C62 | DS62: =CI62+CL62+CO62+CR62+CU62+CX62+DA62+DD62+DG62+DJ62+DM62+DP62 | DT62: =CJ62+CM62+CP62+CS62+CV62+CY62+DB62+DE62+DH62+DK62+DN62+DQ62 | DU62: =CK62+CN62+CQ62+CT62+CW62+CZ62+DC62+DF62+DI62+DL62+DO62+DR62
A63: 52 | B63: 2 in 1 မန်ကျည်း | C63: 0.64 | D63: 1 * 14 | G63: =F63*$C63 | H63: 2 | I63: 40 | J63: =I63*$C63 | M63: =L63*$C63 | P63: =O63*$C63 | Q63: 1 | R63: 14 | S63: =R63*$C63 | T63: 2 | U63: 35 | V63: =U63*$C63 | W63: 1 | X63: 14 | Y63: =X63*$C63 | AB63: =AA63*$C63 | AE63: =AD63*$C63 | AH63: =AG63*$C63 | AK63: =AJ63*$C63 | AN63: =AM63*$C63 | AO63: =E63+H63+K63+N63+Q63+T63+W63+Z63+AC63+AF63+AI63+AL63 | AP63: =F63+I63+L63+O63+R63+U63+X63+AA63+AD63+AG63+AJ63+AM63 | AQ63: =G63+J63+M63+P63+S63+V63+Y63+AB63+AE63+AH63+AK63+AN63 | AR63: =+AP63/12 | AS63: =+AQ63/12 | AY63: =AX63*$C63 | BB63: =BA63*$C63 | BE63: =BD63*$C63 | BH63: =BG63*$C63 | BK63: =BJ63*$C63 | BN63: =BM63*C63 | BQ63: =BP63*C63 | BT63: =BS63*C63 | BW63: =BV63*C63 | BZ63: =BY63*C63 | CA63: 41 | CB63: 574 | CC63: =CB63*C63 | CD63: =AT63+AW63+AZ63+BC63+BF63+BI63+BL63+BO63+BR63+BU63+BX63+CA63 | CE63: =AU63+AX63+BA63+BD63+BG63+BJ63+BM63+BP63+BS63+BV63+BY63+CB63 | CF63: =AV63+AY63+BB63+BE63+BH63+BK63+BN63+BQ63+BT63+BW63+BZ63+CC63 | CG63: =+CE63/12 | CH63: =+CF63/12 | CK63: =CJ63*C63 | CN63: =CM63*C63 | DS63: =CI63+CL63+CO63+CR63+CU63+CX63+DA63+DD63+DG63+DJ63+DM63+DP63 | DT63: =CJ63+CM63+CP63+CS63+CV63+CY63+DB63+DE63+DH63+DK63+DN63+DQ63 | DU63: =CK63+CN63+CQ63+CT63+CW63+CZ63+DC63+DF63+DI63+DL63+DO63+DR63
A64: 53 | B64: Dagon Tamarind | C64: 0.64 | D64: 1 * 14 | G64: =F64*$C64 | J64: =I64*$C64 | K64: 107 | L64: 1508 | M64: =L64*$C64 | N64: 7 | O64: 98 | P64: =O64*$C64 | Q64: 20 | R64: 285 | S64: =R64*$C64 | T64: 18 | U64: 252 | V64: =U64*$C64 | W64: 7 | X64: 105 | Y64: =X64*$C64 | Z64: 6 | AA64: 84 | AB64: =AA64*$C64 | AE64: =AD64*$C64 | AF64: 200 | AG64: 2800 | AH64: =AG64*$C64 | AK64: =AJ64*$C64 | AN64: =AM64*$C64 | AO64: =E64+H64+K64+N64+Q64+T64+W64+Z64+AC64+AF64+AI64+AL64 | AP64: =F64+I64+L64+O64+R64+U64+X64+AA64+AD64+AG64+AJ64+AM64 | AQ64: =G64+J64+M64+P64+S64+V64+Y64+AB64+AE64+AH64+AK64+AN64 | AR64: =+AP64/12 | AS64: =+AQ64/12 | AY64: =AX64*$C64 | BB64: =BA64*$C64 | BE64: =BD64*$C64 | BH64: =BG64*$C64 | BK64: =BJ64*$C64 | BN64: =BM64*C64 | BQ64: =BP64*C64 | BT64: =BS64*C64 | BW64: =BV64*C64 | BZ64: =BY64*C64 | CC64: =CB64*C64 | CD64: =AT64+AW64+AZ64+BC64+BF64+BI64+BL64+BO64+BR64+BU64+BX64+CA64 | CE64: =AU64+AX64+BA64+BD64+BG64+BJ64+BM64+BP64+BS64+BV64+BY64+CB64 | CF64: =AV64+AY64+BB64+BE64+BH64+BK64+BN64+BQ64+BT64+BW64+BZ64+CC64 | CG64: =+CE64/12 | CH64: =+CF64/12 | CK64: =CJ64*C64 | CN64: =CM64*C64 | DS64: =CI64+CL64+CO64+CR64+CU64+CX64+DA64+DD64+DG64+DJ64+DM64+DP64 | DT64: =CJ64+CM64+CP64+CS64+CV64+CY64+DB64+DE64+DH64+DK64+DN64+DQ64 | DU64: =CK64+CN64+CQ64+CT64+CW64+CZ64+DC64+DF64+DI64+DL64+DO64+DR64
G65: =F65*$C65 | J65: =I65*$C65 | M65: =L65*$C65 | P65: =O65*$C65 | S65: =R65*$C65 | V65: =U65*$C65 | Y65: =X65*$C65 | AB65: =AA65*$C65 | AE65: =AD65*$C65 | AH65: =AG65*$C65 | AK65: =AJ65*$C65 | AN65: =AM65*$C65 | AO65: =E65+H65+K65+N65+Q65+T65+W65+Z65+AC65+AF65+AI65+AL65 | AP65: =F65+I65+L65+O65+R65+U65+X65+AA65+AD65+AG65+AJ65+AM65 | AQ65: =G65+J65+M65+P65+S65+V65+Y65+AB65+AE65+AH65+AK65+AN65 | AR65: =+AP65/12 | AS65: =+AQ65/12 | AY65: =AX65*$C65 | BB65: =BA65*$C65 | BE65: =BD65*$C65 | BH65: =BG65*$C65 | BK65: =BJ65*$C65 | BN65: =BM65*C65 | BQ65: =BP65*C65 | BT65: =BS65*C65 | BW65: =BV65*C65 | BZ65: =BY65*C65 | CC65: =CB65*C65 | CD65: =AT65+AW65+AZ65+BC65+BF65+BI65+BL65+BO65+BR65+BU65+BX65+CA65 | CE65: =AU65+AX65+BA65+BD65+BG65+BJ65+BM65+BP65+BS65+BV65+BY65+CB65 | CF65: =AV65+AY65+BB65+BE65+BH65+BK65+BN65+BQ65+BT65+BW65+BZ65+CC65 | CG65: =+CE65/12 | CH65: =+CF65/12 | CK65: =CJ65*C65 | CN65: =CM65*C65 | DS65: =CI65+CL65+CO65+CR65+CU65+CX65+DA65+DD65+DG65+DJ65+DM65+DP65 | DT65: =CJ65+CM65+CP65+CS65+CV65+CY65+DB65+DE65+DH65+DK65+DN65+DQ65 | DU65: =CK65+CN65+CQ65+CT65+CW65+CZ65+DC65+DF65+DI65+DL65+DO65+DR65
A66: 54 | B66: Rice ကောက်ညှင်းစပါး(1 Liter) | C66: 1 | D66: 1 * 12 | G66: =F66*$C66 | J66: =I66*$C66 | M66: =L66*$C66 | P66: =O66*$C66 | S66: =R66*$C66 | V66: =U66*$C66 | Y66: =X66*$C66 | AB66: =AA66*$C66 | AE66: =AD66*$C66 | AH66: =AG66*$C66 | AK66: =AJ66*$C66 | AN66: =AM66*$C66 | AO66: =E66+H66+K66+N66+Q66+T66+W66+Z66+AC66+AF66+AI66+AL66 | AP66: =F66+I66+L66+O66+R66+U66+X66+AA66+AD66+AG66+AJ66+AM66 | AQ66: =G66+J66+M66+P66+S66+V66+Y66+AB66+AE66+AH66+AK66+AN66 | AR66: =+AP66/12 | AS66: =+AQ66/12 | AY66: =AX66*$C66 | BB66: =BA66*$C66 | BE66: =BD66*$C66 | BH66: =BG66*$C66 | BK66: =BJ66*$C66 | BN66: =BM66*C66 | BQ66: =BP66*C66 | BT66: =BS66*C66 | BW66: =BV66*C66 | BZ66: =BY66*C66 | CC66: =CB66*C66 | CD66: =AT66+AW66+AZ66+BC66+BF66+BI66+BL66+BO66+BR66+BU66+BX66+CA66 | CE66: =AU66+AX66+BA66+BD66+BG66+BJ66+BM66+BP66+BS66+BV66+BY66+CB66 | CF66: =AV66+AY66+BB66+BE66+BH66+BK66+BN66+BQ66+BT66+BW66+BZ66+CC66 | CG66: =+CE66/12 | CH66: =+CF66/12 | CK66: =CJ66*C66 | CN66: =CM66*C66 | DS66: =CI66+CL66+CO66+CR66+CU66+CX66+DA66+DD66+DG66+DJ66+DM66+DP66 | DT66: =CJ66+CM66+CP66+CS66+CV66+CY66+DB66+DE66+DH66+DK66+DN66+DQ66 | DU66: =CK66+CN66+CQ66+CT66+CW66+CZ66+DC66+DF66+DI66+DL66+DO66+DR66
A67: 55 | B67: Rice ကောက်ညှင်းစပါး(0.6 Liter) | C67: 0.6 | D67: 1 * 12 | G67: =F67*$C67 | J67: =I67*$C67 | M67: =L67*$C67 | P67: =O67*$C67 | S67: =R67*$C67 | V67: =U67*$C67 | Y67: =X67*$C67 | AB67: =AA67*$C67 | AE67: =AD67*$C67 | AH67: =AG67*$C67 | AK67: =AJ67*$C67 | AN67: =AM67*$C67 | AO67: =E67+H67+K67+N67+Q67+T67+W67+Z67+AC67+AF67+AI67+AL67 | AP67: =F67+I67+L67+O67+R67+U67+X67+AA67+AD67+AG67+AJ67+AM67 | AQ67: =G67+J67+M67+P67+S67+V67+Y67+AB67+AE67+AH67+AK67+AN67 | AR67: =+AP67/12 | AS67: =+AQ67/12 | AY67: =AX67*$C67 | BB67: =BA67*$C67 | BE67: =BD67*$C67 | BH67: =BG67*$C67 | BK67: =BJ67*$C67 | BN67: =BM67*C67 | BQ67: =BP67*C67 | BT67: =BS67*C67 | BW67: =BV67*C67 | BZ67: =BY67*C67 | CC67: =CB67*C67 | CD67: =AT67+AW67+AZ67+BC67+BF67+BI67+BL67+BO67+BR67+BU67+BX67+CA67 | CE67: =AU67+AX67+BA67+BD67+BG67+BJ67+BM67+BP67+BS67+BV67+BY67+CB67 | CF67: =AV67+AY67+BB67+BE67+BH67+BK67+BN67+BQ67+BT67+BW67+BZ67+CC67 | CG67: =+CE67/12 | CH67: =+CF67/12 | CK67: =CJ67*C67 | CN67: =CM67*C67 | DS67: =CI67+CL67+CO67+CR67+CU67+CX67+DA67+DD67+DG67+DJ67+DM67+DP67 | DT67: =CJ67+CM67+CP67+CS67+CV67+CY67+DB67+DE67+DH67+DK67+DN67+DQ67 | DU67: =CK67+CN67+CQ67+CT67+CW67+CZ67+DC67+DF67+DI67+DL67+DO67+DR67
A68: 56 | B68: Rice ကောက်ညှင်းစပါး | C68: 0.64 | D68: 1 * 14 | G68: =F68*$C68 | J68: =I68*$C68 | M68: =L68*$C68 | P68: =O68*$C68 | S68: =R68*$C68 | V68: =U68*$C68 | Y68: =X68*$C68 | AB68: =AA68*$C68 | AE68: =AD68*$C68 | AH68: =AG68*$C68 | AK68: =AJ68*$C68 | AN68: =AM68*$C68 | AO68: =E68+H68+K68+N68+Q68+T68+W68+Z68+AC68+AF68+AI68+AL68 | AP68: =F68+I68+L68+O68+R68+U68+X68+AA68+AD68+AG68+AJ68+AM68 | AQ68: =G68+J68+M68+P68+S68+V68+Y68+AB68+AE68+AH68+AK68+AN68 | AR68: =+AP68/12 | AS68: =+AQ68/12 | AY68: =AX68*$C68 | BB68: =BA68*$C68 | BE68: =BD68*$C68 | BH68: =BG68*$C68 | BK68: =BJ68*$C68 | BN68: =BM68*C68 | BQ68: =BP68*C68 | BT68: =BS68*C68 | BW68: =BV68*C68 | BZ68: =BY68*C68 | CC68: =CB68*C68 | CD68: =AT68+AW68+AZ68+BC68+BF68+BI68+BL68+BO68+BR68+BU68+BX68+CA68 | CE68: =AU68+AX68+BA68+BD68+BG68+BJ68+BM68+BP68+BS68+BV68+BY68+CB68 | CF68: =AV68+AY68+BB68+BE68+BH68+BK68+BN68+BQ68+BT68+BW68+BZ68+CC68 | CG68: =+CE68/12 | CH68: =+CF68/12 | CK68: =CJ68*C68 | CN68: =CM68*C68 | DS68: =CI68+CL68+CO68+CR68+CU68+CX68+DA68+DD68+DG68+DJ68+DM68+DP68 | DT68: =CJ68+CM68+CP68+CS68+CV68+CY68+DB68+DE68+DH68+DK68+DN68+DQ68 | DU68: =CK68+CN68+CQ68+CT68+CW68+CZ68+DC68+DF68+DI68+DL68+DO68+DR68
G69: =F69*$C69 | J69: =I69*$C69 | M69: =L69*$C69 | P69: =O69*$C69 | S69: =R69*$C69 | V69: =U69*$C69 | Y69: =X69*$C69 | AB69: =AA69*$C69 | AE69: =AD69*$C69 | AH69: =AG69*$C69 | AK69: =AJ69*$C69 | AN69: =AM69*$C69 | AO69: =E69+H69+K69+N69+Q69+T69+W69+Z69+AC69+AF69+AI69+AL69 | AP69: =F69+I69+L69+O69+R69+U69+X69+AA69+AD69+AG69+AJ69+AM69 | AQ69: =G69+J69+M69+P69+S69+V69+Y69+AB69+AE69+AH69+AK69+AN69 | AR69: =+AP69/12 | AS69: =+AQ69/12 | AY69: =AX69*$C69 | BB69: =BA69*$C69 | BE69: =BD69*$C69 | BH69: =BG69*$C69 | BK69: =BJ69*$C69 | BN69: =BM69*C69 | BQ69: =BP69*C69 | BT69: =BS69*C69 | BW69: =BV69*C69 | BZ69: =BY69*C69 | CC69: =CB69*C69 | CD69: =AT69+AW69+AZ69+BC69+BF69+BI69+BL69+BO69+BR69+BU69+BX69+CA69 | CE69: =AU69+AX69+BA69+BD69+BG69+BJ69+BM69+BP69+BS69+BV69+BY69+CB69 | CF69: =AV69+AY69+BB69+BE69+BH69+BK69+BN69+BQ69+BT69+BW69+BZ69+CC69 | CG69: =+CE69/12 | CH69: =+CF69/12 | CK69: =CJ69*C69 | CN69: =CM69*C69 | DS69: =CI69+CL69+CO69+CR69+CU69+CX69+DA69+DD69+DG69+DJ69+DM69+DP69 | DT69: =CJ69+CM69+CP69+CS69+CV69+CY69+DB69+DE69+DH69+DK69+DN69+DQ69 | DU69: =CK69+CN69+CQ69+CT69+CW69+CZ69+DC69+DF69+DI69+DL69+DO69+DR69
A70: 57 | B70: ကချင်ရိုးရာဆန်အရက်(1 Liter) | C70: 1 | D70: 1 * 12 | G70: =F70*$C70 | J70: =I70*$C70 | M70: =L70*$C70 | P70: =O70*$C70 | S70: =R70*$C70 | V70: =U70*$C70 | Y70: =X70*$C70 | AB70: =AA70*$C70 | AE70: =AD70*$C70 | AH70: =AG70*$C70 | AK70: =AJ70*$C70 | AN70: =AM70*$C70 | AO70: =E70+H70+K70+N70+Q70+T70+W70+Z70+AC70+AF70+AI70+AL70 | AP70: =F70+I70+L70+O70+R70+U70+X70+AA70+AD70+AG70+AJ70+AM70 | AQ70: =G70+J70+M70+P70+S70+V70+Y70+AB70+AE70+AH70+AK70+AN70 | AR70: =+AP70/12 | AS70: =+AQ70/12 | AY70: =AX70*$C70 | BB70: =BA70*$C70 | BE70: =BD70*$C70 | BH70: =BG70*$C70 | BK70: =BJ70*$C70 | BN70: =BM70*C70 | BQ70: =BP70*C70 | BT70: =BS70*C70 | BW70: =BV70*C70 | BZ70: =BY70*C70 | CC70: =CB70*C70 | CD70: =AT70+AW70+AZ70+BC70+BF70+BI70+BL70+BO70+BR70+BU70+BX70+CA70 | CE70: =AU70+AX70+BA70+BD70+BG70+BJ70+BM70+BP70+BS70+BV70+BY70+CB70 | CF70: =AV70+AY70+BB70+BE70+BH70+BK70+BN70+BQ70+BT70+BW70+BZ70+CC70 | CG70: =+CE70/12 | CH70: =+CF70/12 | CK70: =CJ70*C70 | CN70: =CM70*C70 | DS70: =CI70+CL70+CO70+CR70+CU70+CX70+DA70+DD70+DG70+DJ70+DM70+DP70 | DT70: =CJ70+CM70+CP70+CS70+CV70+CY70+DB70+DE70+DH70+DK70+DN70+DQ70 | DU70: =CK70+CN70+CQ70+CT70+CW70+CZ70+DC70+DF70+DI70+DL70+DO70+DR70
A71: 58 | B71: ကချင်ရိုးရာဆန်အရက်(0.6 Liter) | C71: 0.6 | D71: 1 * 12 | G71: =F71*$C71 | J71: =I71*$C71 | M71: =L71*$C71 | P71: =O71*$C71 | S71: =R71*$C71 | V71: =U71*$C71 | Y71: =X71*$C71 | AB71: =AA71*$C71 | AE71: =AD71*$C71 | AH71: =AG71*$C71 | AK71: =AJ71*$C71 | AN71: =AM71*$C71 | AO71: =E71+H71+K71+N71+Q71+T71+W71+Z71+AC71+AF71+AI71+AL71 | AP71: =F71+I71+L71+O71+R71+U71+X71+AA71+AD71+AG71+AJ71+AM71 | AQ71: =G71+J71+M71+P71+S71+V71+Y71+AB71+AE71+AH71+AK71+AN71 | AR71: =+AP71/12 | AS71: =+AQ71/12 | AY71: =AX71*$C71 | BB71: =BA71*$C71 | BE71: =BD71*$C71 | BH71: =BG71*$C71 | BK71: =BJ71*$C71 | BN71: =BM71*C71 | BQ71: =BP71*C71 | BT71: =BS71*C71 | BW71: =BV71*C71 | BZ71: =BY71*C71 | CC71: =CB71*C71 | CD71: =AT71+AW71+AZ71+BC71+BF71+BI71+BL71+BO71+BR71+BU71+BX71+CA71 | CE71: =AU71+AX71+BA71+BD71+BG71+BJ71+BM71+BP71+BS71+BV71+BY71+CB71 | CF71: =AV71+AY71+BB71+BE71+BH71+BK71+BN71+BQ71+BT71+BW71+BZ71+CC71 | CG71: =+CE71/12 | CH71: =+CF71/12 | CK71: =CJ71*C71 | CN71: =CM71*C71 | DS71: =CI71+CL71+CO71+CR71+CU71+CX71+DA71+DD71+DG71+DJ71+DM71+DP71 | DT71: =CJ71+CM71+CP71+CS71+CV71+CY71+DB71+DE71+DH71+DK71+DN71+DQ71 | DU71: =CK71+CN71+CQ71+CT71+CW71+CZ71+DC71+DF71+DI71+DL71+DO71+DR71
A72: 59 | B72: ကချင်ရိုးရာဆန်အရက် | C72: 0.64 | D72: 1 * 14 | G72: =F72*$C72 | J72: =I72*$C72 | M72: =L72*$C72 | P72: =O72*$C72 | S72: =R72*$C72 | V72: =U72*$C72 | Y72: =X72*$C72 | AB72: =AA72*$C72 | AE72: =AD72*$C72 | AH72: =AG72*$C72 | AK72: =AJ72*$C72 | AN72: =AM72*$C72 | AO72: =E72+H72+K72+N72+Q72+T72+W72+Z72+AC72+AF72+AI72+AL72 | AP72: =F72+I72+L72+O72+R72+U72+X72+AA72+AD72+AG72+AJ72+AM72 | AQ72: =G72+J72+M72+P72+S72+V72+Y72+AB72+AE72+AH72+AK72+AN72 | AR72: =+AP72/12 | AS72: =+AQ72/12 | AY72: =AX72*$C72 | BB72: =BA72*$C72 | BE72: =BD72*$C72 | BH72: =BG72*$C72 | BK72: =BJ72*$C72 | BN72: =BM72*C72 | BQ72: =BP72*C72 | BT72: =BS72*C72 | BW72: =BV72*C72 | BZ72: =BY72*C72 | CC72: =CB72*C72 | CD72: =AT72+AW72+AZ72+BC72+BF72+BI72+BL72+BO72+BR72+BU72+BX72+CA72 | CE72: =AU72+AX72+BA72+BD72+BG72+BJ72+BM72+BP72+BS72+BV72+BY72+CB72 | CF72: =AV72+AY72+BB72+BE72+BH72+BK72+BN72+BQ72+BT72+BW72+BZ72+CC72 | CG72: =+CE72/12 | CH72: =+CF72/12 | CK72: =CJ72*C72 | CN72: =CM72*C72 | DS72: =CI72+CL72+CO72+CR72+CU72+CX72+DA72+DD72+DG72+DJ72+DM72+DP72 | DT72: =CJ72+CM72+CP72+CS72+CV72+CY72+DB72+DE72+DH72+DK72+DN72+DQ72 | DU72: =CK72+CN72+CQ72+CT72+CW72+CZ72+DC72+DF72+DI72+DL72+DO72+DR72
G73: =F73*$C73 | J73: =I73*$C73 | M73: =L73*$C73 | P73: =O73*$C73 | S73: =R73*$C73 | V73: =U73*$C73 | Y73: =X73*$C73 | AB73: =AA73*$C73 | AE73: =AD73*$C73 | AH73: =AG73*$C73 | AK73: =AJ73*$C73 | AN73: =AM73*$C73 | AO73: =E73+H73+K73+N73+Q73+T73+W73+Z73+AC73+AF73+AI73+AL73 | AP73: =F73+I73+L73+O73+R73+U73+X73+AA73+AD73+AG73+AJ73+AM73 | AQ73: =G73+J73+M73+P73+S73+V73+Y73+AB73+AE73+AH73+AK73+AN73 | AR73: =+AP73/12 | AS73: =+AQ73/12 | AY73: =AX73*$C73 | BB73: =BA73*$C73 | BE73: =BD73*$C73 | BH73: =BG73*$C73 | BK73: =BJ73*$C73 | BN73: =BM73*C73 | BQ73: =BP73*C73 | BT73: =BS73*C73 | BW73: =BV73*C73 | BZ73: =BY73*C73 | CC73: =CB73*C73 | CD73: =AT73+AW73+AZ73+BC73+BF73+BI73+BL73+BO73+BR73+BU73+BX73+CA73 | CE73: =AU73+AX73+BA73+BD73+BG73+BJ73+BM73+BP73+BS73+BV73+BY73+CB73 | CF73: =AV73+AY73+BB73+BE73+BH73+BK73+BN73+BQ73+BT73+BW73+BZ73+CC73 | CG73: =+CE73/12 | CH73: =+CF73/12 | CK73: =CJ73*C73 | CN73: =CM73*C73 | DS73: =CI73+CL73+CO73+CR73+CU73+CX73+DA73+DD73+DG73+DJ73+DM73+DP73 | DT73: =CJ73+CM73+CP73+CS73+CV73+CY73+DB73+DE73+DH73+DK73+DN73+DQ73 | DU73: =CK73+CN73+CQ73+CT73+CW73+CZ73+DC73+DF73+DI73+DL73+DO73+DR73
A74: 60 | B74: Dagon Pineapple | C74: 0.64 | D74: 1 * 14 | G74: =F74*$C74 | J74: =I74*$C74 | M74: =L74*$C74 | P74: =O74*$C74 | S74: =R74*$C74 | V74: =U74*$C74 | Y74: =X74*$C74 | AB74: =AA74*$C74 | AE74: =AD74*$C74 | AH74: =AG74*$C74 | AK74: =AJ74*$C74 | AN74: =AM74*$C74 | AO74: =E74+H74+K74+N74+Q74+T74+W74+Z74+AC74+AF74+AI74+AL74 | AP74: =F74+I74+L74+O74+R74+U74+X74+AA74+AD74+AG74+AJ74+AM74 | AQ74: =G74+J74+M74+P74+S74+V74+Y74+AB74+AE74+AH74+AK74+AN74 | AR74: =+AP74/12 | AS74: =+AQ74/12 | AY74: =AX74*$C74 | BB74: =BA74*$C74 | BE74: =BD74*$C74 | BH74: =BG74*$C74 | BK74: =BJ74*$C74 | BN74: =BM74*C74 | BQ74: =BP74*C74 | BT74: =BS74*C74 | BW74: =BV74*C74 | BZ74: =BY74*C74 | CC74: =CB74*C74 | CD74: =AT74+AW74+AZ74+BC74+BF74+BI74+BL74+BO74+BR74+BU74+BX74+CA74 | CE74: =AU74+AX74+BA74+BD74+BG74+BJ74+BM74+BP74+BS74+BV74+BY74+CB74 | CF74: =AV74+AY74+BB74+BE74+BH74+BK74+BN74+BQ74+BT74+BW74+BZ74+CC74 | CG74: =+CE74/12 | CH74: =+CF74/12 | CK74: =CJ74*C74 | CN74: =CM74*C74 | DS74: =CI74+CL74+CO74+CR74+CU74+CX74+DA74+DD74+DG74+DJ74+DM74+DP74 | DT74: =CJ74+CM74+CP74+CS74+CV74+CY74+DB74+DE74+DH74+DK74+DN74+DQ74 | DU74: =CK74+CN74+CQ74+CT74+CW74+CZ74+DC74+DF74+DI74+DL74+DO74+DR74
A75: 61 | B75: Dagon Pineapple | C75: 0.64 | D75: 1 * 24 | G75: =F75*$C75 | H75: 20 | I75: 480 | J75: =I75*$C75 | K75: 25 | L75: 600 | M75: =L75*$C75 | P75: =O75*$C75 | S75: =R75*$C75 | U75: 12 | V75: =U75*$C75 | W75: 11 | X75: 264 | Y75: =X75*$C75 | AA75: 12 | AB75: =AA75*$C75 | AE75: =AD75*$C75 | AH75: =AG75*$C75 | AI75: 5 | AJ75: 120 | AK75: =AJ75*$C75 | AL75: 10 | AM75: 240 | AN75: =AM75*$C75 | AO75: =E75+H75+K75+N75+Q75+T75+W75+Z75+AC75+AF75+AI75+AL75 | AP75: =F75+I75+L75+O75+R75+U75+X75+AA75+AD75+AG75+AJ75+AM75 | AQ75: =G75+J75+M75+P75+S75+V75+Y75+AB75+AE75+AH75+AK75+AN75 | AR75: =+AP75/12 | AS75: =+AQ75/12 | AT75: 28 | AU75: 672 | AV75: 430.08 | AW75: 35 | AX75: 840 | AY75: 537.6 | AZ75: 30 | BA75: 720 | BB75: =BA75*$C75 | BC75: 65 | BD75: 1560 | BE75: =BD75*$C75 | BF75: 35 | BG75: 840 | BH75: =BG75*$C75 | BI75: 35 | BJ75: 840 | BK75: =BJ75*$C75 | BL75: 5 | BM75: 120 | BN75: =BM75*C75 | BO75: 22 | BP75: 528 | BQ75: =BP75*C75 | BR75: 45 | BS75: 1080 | BT75: =BS75*C75 | BU75: 20 | BV75: 480 | BW75: =BV75*C75 | BX75: 20 | BY75: 480 | BZ75: =BY75*C75 | CA75: 45 | CB75: 1080 | CC75: =CB75*C75 | CD75: =AT75+AW75+AZ75+BC75+BF75+BI75+BL75+BO75+BR75+BU75+BX75+CA75 | CE75: =AU75+AX75+BA75+BD75+BG75+BJ75+BM75+BP75+BS75+BV75+BY75+CB75 | CF75: =AV75+AY75+BB75+BE75+BH75+BK75+BN75+BQ75+BT75+BW75+BZ75+CC75 | CG75: =+CE75/12 | CH75: =+CF75/12 | CI75: 90 | CJ75: 2160 | CK75: =CJ75*C75 | CL75: 20 | CM75: 480 | CN75: =CM75*C75 | DS75: =CI75+CL75+CO75+CR75+CU75+CX75+DA75+DD75+DG75+DJ75+DM75+DP75 | DT75: =CJ75+CM75+CP75+CS75+CV75+CY75+DB75+DE75+DH75+DK75+DN75+DQ75 | DU75: =CK75+CN75+CQ75+CT75+CW75+CZ75+DC75+DF75+DI75+DL75+DO75+DR75
G76: =F76*$C76 | J76: =I76*$C76 | M76: =L76*$C76 | P76: =O76*$C76 | S76: =R76*$C76 | V76: =U76*$C76 | Y76: =X76*$C76 | AB76: =AA76*$C76 | AE76: =AD76*$C76 | AH76: =AG76*$C76 | AK76: =AJ76*$C76 | AN76: =AM76*$C76 | AO76: =E76+H76+K76+N76+Q76+T76+W76+Z76+AC76+AF76+AI76+AL76 | AP76: =F76+I76+L76+O76+R76+U76+X76+AA76+AD76+AG76+AJ76+AM76 | AQ76: =G76+J76+M76+P76+S76+V76+Y76+AB76+AE76+AH76+AK76+AN76 | AR76: =+AP76/12 | AS76: =+AQ76/12 | AY76: =AX76*$C76 | BB76: =BA76*$C76 | BE76: =BD76*$C76 | BH76: =BG76*$C76 | BK76: =BJ76*$C76 | BN76: =BM76*C76 | BQ76: =BP76*C76 | BT76: =BS76*C76 | BW76: =BV76*C76 | BZ76: =BY76*C76 | CC76: =CB76*C76 | CD76: =AT76+AW76+AZ76+BC76+BF76+BI76+BL76+BO76+BR76+BU76+BX76+CA76 | CE76: =AU76+AX76+BA76+BD76+BG76+BJ76+BM76+BP76+BS76+BV76+BY76+CB76 | CF76: =AV76+AY76+BB76+BE76+BH76+BK76+BN76+BQ76+BT76+BW76+BZ76+CC76 | CG76: =+CE76/12 | CH76: =+CF76/12 | CK76: =CJ76*C76 | CN76: =CM76*C76 | DS76: =CI76+CL76+CO76+CR76+CU76+CX76+DA76+DD76+DG76+DJ76+DM76+DP76 | DT76: =CJ76+CM76+CP76+CS76+CV76+CY76+DB76+DE76+DH76+DK76+DN76+DQ76 | DU76: =CK76+CN76+CQ76+CT76+CW76+CZ76+DC76+DF76+DI76+DL76+DO76+DR76
A77: 62 | B77: Cj-5 | C77: 0.64 | D77: 1 * 14 | G77: =F77*$C77 | J77: =I77*$C77 | M77: =L77*$C77 | P77: =O77*$C77 | S77: =R77*$C77 | V77: =U77*$C77 | Y77: =X77*$C77 | AB77: =AA77*$C77 | AE77: =AD77*$C77 | AH77: =AG77*$C77 | AK77: =AJ77*$C77 | AN77: =AM77*$C77 | AO77: =E77+H77+K77+N77+Q77+T77+W77+Z77+AC77+AF77+AI77+AL77 | AP77: =F77+I77+L77+O77+R77+U77+X77+AA77+AD77+AG77+AJ77+AM77 | AQ77: =G77+J77+M77+P77+S77+V77+Y77+AB77+AE77+AH77+AK77+AN77 | AR77: =+AP77/12 | AS77: =+AQ77/12 | AY77: =AX77*$C77 | BB77: =BA77*$C77 | BE77: =BD77*$C77 | BH77: =BG77*$C77 | BK77: =BJ77*$C77 | BN77: =BM77*C77 | BQ77: =BP77*C77 | BT77: =BS77*C77 | BW77: =BV77*C77 | BZ77: =BY77*C77 | CC77: =CB77*C77 | CD77: =AT77+AW77+AZ77+BC77+BF77+BI77+BL77+BO77+BR77+BU77+BX77+CA77 | CE77: =AU77+AX77+BA77+BD77+BG77+BJ77+BM77+BP77+BS77+BV77+BY77+CB77 | CF77: =AV77+AY77+BB77+BE77+BH77+BK77+BN77+BQ77+BT77+BW77+BZ77+CC77 | CG77: =+CE77/12 | CH77: =+CF77/12 | CK77: =CJ77*C77 | CN77: =CM77*C77 | DS77: =CI77+CL77+CO77+CR77+CU77+CX77+DA77+DD77+DG77+DJ77+DM77+DP77 | DT77: =CJ77+CM77+CP77+CS77+CV77+CY77+DB77+DE77+DH77+DK77+DN77+DQ77 | DU77: =CK77+CN77+CQ77+CT77+CW77+CZ77+DC77+DF77+DI77+DL77+DO77+DR77
A78: 63 | B78: Cj-5 | C78: 0.64 | D78: 1 * 24 | G78: =F78*$C78 | J78: =I78*$C78 | M78: =L78*$C78 | P78: =O78*$C78 | S78: =R78*$C78 | V78: =U78*$C78 | Y78: =X78*$C78 | AB78: =AA78*$C78 | AE78: =AD78*$C78 | AH78: =AG78*$C78 | AK78: =AJ78*$C78 | AN78: =AM78*$C78 | AO78: =E78+H78+K78+N78+Q78+T78+W78+Z78+AC78+AF78+AI78+AL78 | AP78: =F78+I78+L78+O78+R78+U78+X78+AA78+AD78+AG78+AJ78+AM78 | AQ78: =G78+J78+M78+P78+S78+V78+Y78+AB78+AE78+AH78+AK78+AN78 | AR78: =+AP78/12 | AS78: =+AQ78/12 | AY78: =AX78*$C78 | BB78: =BA78*$C78 | BE78: =BD78*$C78 | BH78: =BG78*$C78 | BK78: =BJ78*$C78 | BN78: =BM78*C78 | BQ78: =BP78*C78 | BT78: =BS78*C78 | BW78: =BV78*C78 | BZ78: =BY78*C78 | CC78: =CB78*C78 | CD78: =AT78+AW78+AZ78+BC78+BF78+BI78+BL78+BO78+BR78+BU78+BX78+CA78 | CE78: =AU78+AX78+BA78+BD78+BG78+BJ78+BM78+BP78+BS78+BV78+BY78+CB78 | CF78: =AV78+AY78+BB78+BE78+BH78+BK78+BN78+BQ78+BT78+BW78+BZ78+CC78 | CG78: =+CE78/12 | CH78: =+CF78/12 | CK78: =CJ78*C78 | CN78: =CM78*C78 | DS78: =CI78+CL78+CO78+CR78+CU78+CX78+DA78+DD78+DG78+DJ78+DM78+DP78 | DT78: =CJ78+CM78+CP78+CS78+CV78+CY78+DB78+DE78+DH78+DK78+DN78+DQ78 | DU78: =CK78+CN78+CQ78+CT78+CW78+CZ78+DC78+DF78+DI78+DL78+DO78+DR78
G79: =F79*$C79 | J79: =I79*$C79 | M79: =L79*$C79 | P79: =O79*$C79 | S79: =R79*$C79 | V79: =U79*$C79 | Y79: =X79*$C79 | AB79: =AA79*$C79 | AE79: =AD79*$C79 | AH79: =AG79*$C79 | AK79: =AJ79*$C79 | AN79: =AM79*$C79 | AO79: =E79+H79+K79+N79+Q79+T79+W79+Z79+AC79+AF79+AI79+AL79 | AP79: =F79+I79+L79+O79+R79+U79+X79+AA79+AD79+AG79+AJ79+AM79 | AQ79: =G79+J79+M79+P79+S79+V79+Y79+AB79+AE79+AH79+AK79+AN79 | AR79: =+AP79/12 | AS79: =+AQ79/12 | AY79: =AX79*$C79 | BB79: =BA79*$C79 | BE79: =BD79*$C79 | BH79: =BG79*$C79 | BK79: =BJ79*$C79 | BN79: =BM79*C79 | BQ79: =BP79*C79 | BT79: =BS79*C79 | BW79: =BV79*C79 | BZ79: =BY79*C79 | CC79: =CB79*C79 | CD79: =AT79+AW79+AZ79+BC79+BF79+BI79+BL79+BO79+BR79+BU79+BX79+CA79 | CE79: =AU79+AX79+BA79+BD79+BG79+BJ79+BM79+BP79+BS79+BV79+BY79+CB79 | CF79: =AV79+AY79+BB79+BE79+BH79+BK79+BN79+BQ79+BT79+BW79+BZ79+CC79 | CG79: =+CE79/12 | CH79: =+CF79/12 | CK79: =CJ79*C79 | CN79: =CM79*C79 | DS79: =CI79+CL79+CO79+CR79+CU79+CX79+DA79+DD79+DG79+DJ79+DM79+DP79 | DT79: =CJ79+CM79+CP79+CS79+CV79+CY79+DB79+DE79+DH79+DK79+DN79+DQ79 | DU79: =CK79+CN79+CQ79+CT79+CW79+CZ79+DC79+DF79+DI79+DL79+DO79+DR79
A80: 64 | B80: Super Red | C80: 0.64 | D80: 1 * 24 | G80: =F80*$C80 | J80: =I80*$C80 | M80: =L80*$C80 | P80: =O80*$C80 | S80: =R80*$C80 | V80: =U80*$C80 | Y80: =X80*$C80 | AB80: =AA80*$C80 | AE80: =AD80*$C80 | AH80: =AG80*$C80 | AK80: =AJ80*$C80 | AN80: =AM80*$C80 | AO80: =E80+H80+K80+N80+Q80+T80+W80+Z80+AC80+AF80+AI80+AL80 | AP80: =F80+I80+L80+O80+R80+U80+X80+AA80+AD80+AG80+AJ80+AM80 | AQ80: =G80+J80+M80+P80+S80+V80+Y80+AB80+AE80+AH80+AK80+AN80 | AR80: =+AP80/12 | AS80: =+AQ80/12 | AY80: =AX80*$C80 | BB80: =BA80*$C80 | BE80: =BD80*$C80 | BH80: =BG80*$C80 | BK80: =BJ80*$C80 | BN80: =BM80*C80 | BQ80: =BP80*C80 | BT80: =BS80*C80 | BW80: =BV80*C80 | BZ80: =BY80*C80 | CC80: =CB80*C80 | CD80: =AT80+AW80+AZ80+BC80+BF80+BI80+BL80+BO80+BR80+BU80+BX80+CA80 | CE80: =AU80+AX80+BA80+BD80+BG80+BJ80+BM80+BP80+BS80+BV80+BY80+CB80 | CF80: =AV80+AY80+BB80+BE80+BH80+BK80+BN80+BQ80+BT80+BW80+BZ80+CC80 | CG80: =+CE80/12 | CH80: =+CF80/12 | CK80: =CJ80*C80 | CN80: =CM80*C80 | DS80: =CI80+CL80+CO80+CR80+CU80+CX80+DA80+DD80+DG80+DJ80+DM80+DP80 | DT80: =CJ80+CM80+CP80+CS80+CV80+CY80+DB80+DE80+DH80+DK80+DN80+DQ80 | DU80: =CK80+CN80+CQ80+CT80+CW80+CZ80+DC80+DF80+DI80+DL80+DO80+DR80
A81: 65 | B81: Super Red (ပု) | C81: 0.64 | D81: 1 * 12 | G81: =F81*$C81 | J81: =I81*$C81 | M81: =L81*$C81 | P81: =O81*$C81 | S81: =R81*$C81 | V81: =U81*$C81 | Y81: =X81*$C81 | AB81: =AA81*$C81 | AE81: =AD81*$C81 | AH81: =AG81*$C81 | AK81: =AJ81*$C81 | AN81: =AM81*$C81 | AO81: =E81+H81+K81+N81+Q81+T81+W81+Z81+AC81+AF81+AI81+AL81 | AP81: =F81+I81+L81+O81+R81+U81+X81+AA81+AD81+AG81+AJ81+AM81 | AQ81: =G81+J81+M81+P81+S81+V81+Y81+AB81+AE81+AH81+AK81+AN81 | AR81: =+AP81/12 | AS81: =+AQ81/12 | AY81: =AX81*$C81 | BB81: =BA81*$C81 | BE81: =BD81*$C81 | BH81: =BG81*$C81 | BK81: =BJ81*$C81 | BN81: =BM81*C81 | BQ81: =BP81*C81 | BT81: =BS81*C81 | BW81: =BV81*C81 | BZ81: =BY81*C81 | CC81: =CB81*C81 | CD81: =AT81+AW81+AZ81+BC81+BF81+BI81+BL81+BO81+BR81+BU81+BX81+CA81 | CE81: =AU81+AX81+BA81+BD81+BG81+BJ81+BM81+BP81+BS81+BV81+BY81+CB81 | CF81: =AV81+AY81+BB81+BE81+BH81+BK81+BN81+BQ81+BT81+BW81+BZ81+CC81 | CG81: =+CE81/12 | CH81: =+CF81/12 | CK81: =CJ81*C81 | CN81: =CM81*C81 | DS81: =CI81+CL81+CO81+CR81+CU81+CX81+DA81+DD81+DG81+DJ81+DM81+DP81 | DT81: =CJ81+CM81+CP81+CS81+CV81+CY81+DB81+DE81+DH81+DK81+DN81+DQ81 | DU81: =CK81+CN81+CQ81+CT81+CW81+CZ81+DC81+DF81+DI81+DL81+DO81+DR81
A82: 66 | B82: Super Liquar | G82: =F82*$C82 | M82: =L82*$C82 | P82: =O82*$C82 | S82: =R82*$C82 | V82: =U82*$C82 | Y82: =X82*$C82 | AB82: =AA82*$C82 | AE82: =AD82*$C82 | AH82: =AG82*$C82 | AK82: =AJ82*$C82 | AN82: =AM82*$C82 | AO82: =E82+H82+K82+N82+Q82+T82+W82+Z82+AC82+AF82+AI82+AL82 | AP82: =F82+I82+L82+O82+R82+U82+X82+AA82+AD82+AG82+AJ82+AM82 | AQ82: =G82+J82+M82+P82+S82+V82+Y82+AB82+AE82+AH82+AK82+AN82 | AR82: =+AP82/12 | AS82: =+AQ82/12 | AY82: =AX82*$C82 | BB82: =BA82*$C82 | BE82: =BD82*$C82 | BH82: =BG82*$C82 | BK82: =BJ82*$C82 | BN82: =BM82*C82 | BQ82: =BP82*C82 | BT82: =BS82*C82 | BW82: =BV82*C82 | BZ82: =BY82*C82 | CC82: =CB82*C82 | CD82: =AT82+AW82+AZ82+BC82+BF82+BI82+BL82+BO82+BR82+BU82+BX82+CA82 | CE82: =AU82+AX82+BA82+BD82+BG82+BJ82+BM82+BP82+BS82+BV82+BY82+CB82 | CF82: =AV82+AY82+BB82+BE82+BH82+BK82+BN82+BQ82+BT82+BW82+BZ82+CC82 | CG82: =+CE82/12 | CH82: =+CF82/12 | CK82: =CJ82*C82 | CN82: =CM82*C82 | DS82: =CI82+CL82+CO82+CR82+CU82+CX82+DA82+DD82+DG82+DJ82+DM82+DP82 | DT82: =CJ82+CM82+CP82+CS82+CV82+CY82+DB82+DE82+DH82+DK82+DN82+DQ82 | DU82: =CK82+CN82+CQ82+CT82+CW82+CZ82+DC82+DF82+DI82+DL82+DO82+DR82
A83: 67 | B83: Super Liquar | G83: =F83*$C83 | M83: =L83*$C83 | P83: =O83*$C83 | S83: =R83*$C83 | V83: =U83*$C83 | Y83: =X83*$C83 | AB83: =AA83*$C83 | AE83: =AD83*$C83 | AH83: =AG83*$C83 | AK83: =AJ83*$C83 | AN83: =AM83*$C83 | AO83: =E83+H83+K83+N83+Q83+T83+W83+Z83+AC83+AF83+AI83+AL83 | AP83: =F83+I83+L83+O83+R83+U83+X83+AA83+AD83+AG83+AJ83+AM83 | AQ83: =G83+J83+M83+P83+S83+V83+Y83+AB83+AE83+AH83+AK83+AN83 | AR83: =+AP83/12 | AS83: =+AQ83/12 | AY83: =AX83*$C83 | BB83: =BA83*$C83 | BE83: =BD83*$C83 | BH83: =BG83*$C83 | BK83: =BJ83*$C83 | BN83: =BM83*C83 | BQ83: =BP83*C83 | BT83: =BS83*C83 | BW83: =BV83*C83 | BZ83: =BY83*C83 | CC83: =CB83*C83 | CD83: =AT83+AW83+AZ83+BC83+BF83+BI83+BL83+BO83+BR83+BU83+BX83+CA83 | CE83: =AU83+AX83+BA83+BD83+BG83+BJ83+BM83+BP83+BS83+BV83+BY83+CB83 | CF83: =AV83+AY83+BB83+BE83+BH83+BK83+BN83+BQ83+BT83+BW83+BZ83+CC83 | CG83: =+CE83/12 | CH83: =+CF83/12 | CK83: =CJ83*C83 | CN83: =CM83*C83 | DS83: =CI83+CL83+CO83+CR83+CU83+CX83+DA83+DD83+DG83+DJ83+DM83+DP83 | DT83: =CJ83+CM83+CP83+CS83+CV83+CY83+DB83+DE83+DH83+DK83+DN83+DQ83 | DU83: =CK83+CN83+CQ83+CT83+CW83+CZ83+DC83+DF83+DI83+DL83+DO83+DR83
A84: 68 | B84: Super Vodka (1Liter) -38% | G84: =F84*$C84 | M84: =L84*$C84 | P84: =O84*$C84 | S84: =R84*$C84 | V84: =U84*$C84 | Y84: =X84*$C84 | AB84: =AA84*$C84 | AE84: =AD84*$C84 | AH84: =AG84*$C84 | AK84: =AJ84*$C84 | AN84: =AM84*$C84 | AO84: =E84+H84+K84+N84+Q84+T84+W84+Z84+AC84+AF84+AI84+AL84 | AP84: =F84+I84+L84+O84+R84+U84+X84+AA84+AD84+AG84+AJ84+AM84 | AQ84: =G84+J84+M84+P84+S84+V84+Y84+AB84+AE84+AH84+AK84+AN84 | AR84: =+AP84/12 | AS84: =+AQ84/12 | AY84: =AX84*$C84 | BB84: =BA84*$C84 | BE84: =BD84*$C84 | BH84: =BG84*$C84 | BK84: =BJ84*$C84 | BN84: =BM84*C84 | BQ84: =BP84*C84 | BT84: =BS84*C84 | BW84: =BV84*C84 | BZ84: =BY84*C84 | CC84: =CB84*C84 | CD84: =AT84+AW84+AZ84+BC84+BF84+BI84+BL84+BO84+BR84+BU84+BX84+CA84 | CE84: =AU84+AX84+BA84+BD84+BG84+BJ84+BM84+BP84+BS84+BV84+BY84+CB84 | CF84: =AV84+AY84+BB84+BE84+BH84+BK84+BN84+BQ84+BT84+BW84+BZ84+CC84 | CG84: =+CE84/12 | CH84: =+CF84/12 | CK84: =CJ84*C84 | CN84: =CM84*C84 | DS84: =CI84+CL84+CO84+CR84+CU84+CX84+DA84+DD84+DG84+DJ84+DM84+DP84 | DT84: =CJ84+CM84+CP84+CS84+CV84+CY84+DB84+DE84+DH84+DK84+DN84+DQ84 | DU84: =CK84+CN84+CQ84+CT84+CW84+CZ84+DC84+DF84+DI84+DL84+DO84+DR84
G85: =F85*$C85 | J85: =I85*$C85 | M85: =L85*$C85 | P85: =O85*$C85 | S85: =R85*$C85 | V85: =U85*$C85 | Y85: =X85*$C85 | AB85: =AA85*$C85 | AE85: =AD85*$C85 | AH85: =AG85*$C85 | AK85: =AJ85*$C85 | AN85: =AM85*$C85 | AO85: =E85+H85+K85+N85+Q85+T85+W85+Z85+AC85+AF85+AI85+AL85 | AP85: =F85+I85+L85+O85+R85+U85+X85+AA85+AD85+AG85+AJ85+AM85 | AQ85: =G85+J85+M85+P85+S85+V85+Y85+AB85+AE85+AH85+AK85+AN85 | AR85: =+AP85/12 | AS85: =+AQ85/12 | AY85: =AX85*$C85 | BB85: =BA85*$C85 | BE85: =BD85*$C85 | BH85: =BG85*$C85 | BK85: =BJ85*$C85 | BN85: =BM85*C85 | BQ85: =BP85*C85 | BT85: =BS85*C85 | BW85: =BV85*C85 | BZ85: =BY85*C85 | CC85: =CB85*C85 | CD85: =AT85+AW85+AZ85+BC85+BF85+BI85+BL85+BO85+BR85+BU85+BX85+CA85 | CE85: =AU85+AX85+BA85+BD85+BG85+BJ85+BM85+BP85+BS85+BV85+BY85+CB85 | CF85: =AV85+AY85+BB85+BE85+BH85+BK85+BN85+BQ85+BT85+BW85+BZ85+CC85 | CG85: =+CE85/12 | CH85: =+CF85/12 | CK85: =CJ85*C85 | CN85: =CM85*C85 | DS85: =CI85+CL85+CO85+CR85+CU85+CX85+DA85+DD85+DG85+DJ85+DM85+DP85 | DT85: =CJ85+CM85+CP85+CS85+CV85+CY85+DB85+DE85+DH85+DK85+DN85+DQ85 | DU85: =CK85+CN85+CQ85+CT85+CW85+CZ85+DC85+DF85+DI85+DL85+DO85+DR85
A86: 69 | B86: ချယ်ရီ (Special)(1 Liter)မြန်မာ | C86: 1 | D86: 1 * 24 | G86: =F86*$C86 | J86: =I86*$C86 | M86: =L86*$C86 | P86: =O86*$C86 | S86: =R86*$C86 | V86: =U86*$C86 | Y86: =X86*$C86 | AB86: =AA86*$C86 | AE86: =AD86*$C86 | AH86: =AG86*$C86 | AK86: =AJ86*$C86 | AN86: =AM86*$C86 | AO86: =E86+H86+K86+N86+Q86+T86+W86+Z86+AC86+AF86+AI86+AL86 | AP86: =F86+I86+L86+O86+R86+U86+X86+AA86+AD86+AG86+AJ86+AM86 | AQ86: =G86+J86+M86+P86+S86+V86+Y86+AB86+AE86+AH86+AK86+AN86 | AR86: =+AP86/12 | AS86: =+AQ86/12 | AY86: =AX86*$C86 | BB86: =BA86*$C86 | BE86: =BD86*$C86 | BH86: =BG86*$C86 | BK86: =BJ86*$C86 | BN86: =BM86*C86 | BQ86: =BP86*C86 | BT86: =BS86*C86 | BW86: =BV86*C86 | BZ86: =BY86*C86 | CC86: =CB86*C86 | CD86: =AT86+AW86+AZ86+BC86+BF86+BI86+BL86+BO86+BR86+BU86+BX86+CA86 | CE86: =AU86+AX86+BA86+BD86+BG86+BJ86+BM86+BP86+BS86+BV86+BY86+CB86 | CF86: =AV86+AY86+BB86+BE86+BH86+BK86+BN86+BQ86+BT86+BW86+BZ86+CC86 | CG86: =+CE86/12 | CH86: =+CF86/12 | CK86: =CJ86*C86 | CN86: =CM86*C86 | DS86: =CI86+CL86+CO86+CR86+CU86+CX86+DA86+DD86+DG86+DJ86+DM86+DP86 | DT86: =CJ86+CM86+CP86+CS86+CV86+CY86+DB86+DE86+DH86+DK86+DN86+DQ86 | DU86: =CK86+CN86+CQ86+CT86+CW86+CZ86+DC86+DF86+DI86+DL86+DO86+DR86
A87: 70 | B87: ချယ်ရီ (Special)(1 Liter)Eng | C87: 1 | D87: 1 * 24 | G87: =F87*$C87 | J87: =I87*$C87 | M87: =L87*$C87 | P87: =O87*$C87 | S87: =R87*$C87 | V87: =U87*$C87 | Y87: =X87*$C87 | AB87: =AA87*$C87 | AE87: =AD87*$C87 | AH87: =AG87*$C87 | AK87: =AJ87*$C87 | AN87: =AM87*$C87 | AO87: =E87+H87+K87+N87+Q87+T87+W87+Z87+AC87+AF87+AI87+AL87 | AP87: =F87+I87+L87+O87+R87+U87+X87+AA87+AD87+AG87+AJ87+AM87 | AQ87: =G87+J87+M87+P87+S87+V87+Y87+AB87+AE87+AH87+AK87+AN87 | AR87: =+AP87/12 | AS87: =+AQ87/12 | AY87: =AX87*$C87 | BB87: =BA87*$C87 | BE87: =BD87*$C87 | BH87: =BG87*$C87 | BK87: =BJ87*$C87 | BN87: =BM87*C87 | BQ87: =BP87*C87 | BT87: =BS87*C87 | BW87: =BV87*C87 | BZ87: =BY87*C87 | CC87: =CB87*C87 | CD87: =AT87+AW87+AZ87+BC87+BF87+BI87+BL87+BO87+BR87+BU87+BX87+CA87 | CE87: =AU87+AX87+BA87+BD87+BG87+BJ87+BM87+BP87+BS87+BV87+BY87+CB87 | CF87: =AV87+AY87+BB87+BE87+BH87+BK87+BN87+BQ87+BT87+BW87+BZ87+CC87 | CG87: =+CE87/12 | CH87: =+CF87/12 | CK87: =CJ87*C87 | CN87: =CM87*C87 | DS87: =CI87+CL87+CO87+CR87+CU87+CX87+DA87+DD87+DG87+DJ87+DM87+DP87 | DT87: =CJ87+CM87+CP87+CS87+CV87+CY87+DB87+DE87+DH87+DK87+DN87+DQ87 | DU87: =CK87+CN87+CQ87+CT87+CW87+CZ87+DC87+DF87+DI87+DL87+DO87+DR87
A88: 71 | B88: ချယ်ရီအရက်သန့်(1 Liter) | C88: 1 | D88: 1 * 12 | G88: =F88*$C88 | J88: =I88*$C88 | M88: =L88*$C88 | P88: =O88*$C88 | S88: =R88*$C88 | V88: =U88*$C88 | Y88: =X88*$C88 | AB88: =AA88*$C88 | AE88: =AD88*$C88 | AH88: =AG88*$C88 | AK88: =AJ88*$C88 | AN88: =AM88*$C88 | AO88: =E88+H88+K88+N88+Q88+T88+W88+Z88+AC88+AF88+AI88+AL88 | AP88: =F88+I88+L88+O88+R88+U88+X88+AA88+AD88+AG88+AJ88+AM88 | AQ88: =G88+J88+M88+P88+S88+V88+Y88+AB88+AE88+AH88+AK88+AN88 | AR88: =+AP88/12 | AS88: =+AQ88/12 | AY88: =AX88*$C88 | BB88: =BA88*$C88 | BE88: =BD88*$C88 | BH88: =BG88*$C88 | BK88: =BJ88*$C88 | BN88: =BM88*C88 | BQ88: =BP88*C88 | BT88: =BS88*C88 | BW88: =BV88*C88 | BZ88: =BY88*C88 | CC88: =CB88*C88 | CD88: =AT88+AW88+AZ88+BC88+BF88+BI88+BL88+BO88+BR88+BU88+BX88+CA88 | CE88: =AU88+AX88+BA88+BD88+BG88+BJ88+BM88+BP88+BS88+BV88+BY88+CB88 | CF88: =AV88+AY88+BB88+BE88+BH88+BK88+BN88+BQ88+BT88+BW88+BZ88+CC88 | CG88: =+CE88/12 | CH88: =+CF88/12 | CK88: =CJ88*C88 | CN88: =CM88*C88 | DS88: =CI88+CL88+CO88+CR88+CU88+CX88+DA88+DD88+DG88+DJ88+DM88+DP88 | DT88: =CJ88+CM88+CP88+CS88+CV88+CY88+DB88+DE88+DH88+DK88+DN88+DQ88 | DU88: =CK88+CN88+CQ88+CT88+CW88+CZ88+DC88+DF88+DI88+DL88+DO88+DR88
A89: 72 | B89: ချယ်ရီကော်ဘူး(0.6 Liter) | C89: 0.6 | D89: 1 * 24 | G89: =F89*$C89 | J89: =I89*$C89 | M89: =L89*$C89 | P89: =O89*$C89 | S89: =R89*$C89 | V89: =U89*$C89 | W89: 40 | X89: 960 | Y89: =X89*$C89 | AB89: =AA89*$C89 | AE89: =AD89*$C89 | AH89: =AG89*$C89 | AI89: 1 | AJ89: 46 | AK89: =AJ89*$C89 | AL89: 17 | AM89: 408 | AN89: =AM89*$C89 | AO89: =E89+H89+K89+N89+Q89+T89+W89+Z89+AC89+AF89+AI89+AL89 | AP89: =F89+I89+L89+O89+R89+U89+X89+AA89+AD89+AG89+AJ89+AM89 | AQ89: =G89+J89+M89+P89+S89+V89+Y89+AB89+AE89+AH89+AK89+AN89 | AR89: =+AP89/12 | AS89: =+AQ89/12 | AT89: 32 | AU89: 768 | AV89: 460.8 | AW89: 29 | AX89: 696 | AY89: 417.6 | AZ89: 53 | BA89: 1272 | BB89: =BA89*$C89 | BC89: 25 | BD89: 600 | BE89: =BD89*$C89 | BF89: 28 | BG89: 672 | BH89: =BG89*$C89 | BI89: 28 | BJ89: 672 | BK89: =BJ89*$C89 | BL89: 40 | BM89: 960 | BN89: =BM89*C89 | BO89: 51 | BP89: 1224 | BQ89: =BP89*C89 | BR89: 40 | BS89: 960 | BT89: =BS89*C89 | BU89: 50 | BV89: 1200 | BW89: =BV89*C89 | BX89: 15 | BY89: 360 | BZ89: =BY89*C89 | CA89: 43 | CB89: 1032 | CC89: =CB89*C89 | CD89: =AT89+AW89+AZ89+BC89+BF89+BI89+BL89+BO89+BR89+BU89+BX89+CA89 | CE89: =AU89+AX89+BA89+BD89+BG89+BJ89+BM89+BP89+BS89+BV89+BY89+CB89 | CF89: =AV89+AY89+BB89+BE89+BH89+BK89+BN89+BQ89+BT89+BW89+BZ89+CC89 | CG89: =+CE89/12 | CH89: =+CF89/12 | CI89: 33 | CJ89: 792 | CK89: =CJ89*C89 | CL89: 27 | CM89: 648 | CN89: =CM89*C89 | DS89: =CI89+CL89+CO89+CR89+CU89+CX89+DA89+DD89+DG89+DJ89+DM89+DP89 | DT89: =CJ89+CM89+CP89+CS89+CV89+CY89+DB89+DE89+DH89+DK89+DN89+DQ89 | DU89: =CK89+CN89+CQ89+CT89+CW89+CZ89+DC89+DF89+DI89+DL89+DO89+DR89
A90: 73 | B90: ချယ်ရီအရက်သန့် | C90: 0.64 | D90: 1 * 14 | G90: =F90*$C90 | J90: =I90*$C90 | K90: 202 | L90: 2828 | M90: =L90*$C90 | N90: 12 | O90: 175 | P90: =O90*$C90 | Q90: 35 | R90: 503 | S90: =R90*$C90 | T90: 94 | U90: 1323 | V90: =U90*$C90 | W90: 5 | X90: 77 | Y90: =X90*$C90 | Z90: 2 | AA90: 28 | AB90: =AA90*$C90 | AE90: =AD90*$C90 | AH90: =AG90*$C90 | AK90: =AJ90*$C90 | AN90: =AM90*$C90 | AO90: =E90+H90+K90+N90+Q90+T90+W90+Z90+AC90+AF90+AI90+AL90 | AP90: =F90+I90+L90+O90+R90+U90+X90+AA90+AD90+AG90+AJ90+AM90 | AQ90: =G90+J90+M90+P90+S90+V90+Y90+AB90+AE90+AH90+AK90+AN90 | AR90: =+AP90/12 | AS90: =+AQ90/12 | AY90: =AX90*$C90 | BB90: =BA90*$C90 | BE90: =BD90*$C90 | BH90: =BG90*$C90 | BK90: =BJ90*$C90 | BN90: =BM90*C90 | BQ90: =BP90*C90 | BT90: =BS90*C90 | BW90: =BV90*C90 | BZ90: =BY90*C90 | CC90: =CB90*C90 | CD90: =AT90+AW90+AZ90+BC90+BF90+BI90+BL90+BO90+BR90+BU90+BX90+CA90 | CE90: =AU90+AX90+BA90+BD90+BG90+BJ90+BM90+BP90+BS90+BV90+BY90+CB90 | CF90: =AV90+AY90+BB90+BE90+BH90+BK90+BN90+BQ90+BT90+BW90+BZ90+CC90 | CG90: =+CE90/12 | CH90: =+CF90/12 | CK90: =CJ90*C90 | CN90: =CM90*C90 | DS90: =CI90+CL90+CO90+CR90+CU90+CX90+DA90+DD90+DG90+DJ90+DM90+DP90 | DT90: =CJ90+CM90+CP90+CS90+CV90+CY90+DB90+DE90+DH90+DK90+DN90+DQ90 | DU90: =CK90+CN90+CQ90+CT90+CW90+CZ90+DC90+DF90+DI90+DL90+DO90+DR90
G91: =F91*$C91 | J91: =I91*$C91 | M91: =L91*$C91 | P91: =O91*$C91 | S91: =R91*$C91 | V91: =U91*$C91 | Y91: =X91*$C91 | AB91: =AA91*$C91 | AE91: =AD91*$C91 | AH91: =AG91*$C91 | AK91: =AJ91*$C91 | AN91: =AM91*$C91 | AO91: =E91+H91+K91+N91+Q91+T91+W91+Z91+AC91+AF91+AI91+AL91 | AP91: =F91+I91+L91+O91+R91+U91+X91+AA91+AD91+AG91+AJ91+AM91 | AQ91: =G91+J91+M91+P91+S91+V91+Y91+AB91+AE91+AH91+AK91+AN91 | AR91: =+AP91/12 | AS91: =+AQ91/12 | AY91: =AX91*$C91 | BB91: =BA91*$C91 | BE91: =BD91*$C91 | BH91: =BG91*$C91 | BK91: =BJ91*$C91 | BN91: =BM91*C91 | BQ91: =BP91*C91 | BT91: =BS91*C91 | BW91: =BV91*C91 | BZ91: =BY91*C91 | CC91: =CB91*C91 | CD91: =AT91+AW91+AZ91+BC91+BF91+BI91+BL91+BO91+BR91+BU91+BX91+CA91 | CE91: =AU91+AX91+BA91+BD91+BG91+BJ91+BM91+BP91+BS91+BV91+BY91+CB91 | CF91: =AV91+AY91+BB91+BE91+BH91+BK91+BN91+BQ91+BT91+BW91+BZ91+CC91 | CG91: =+CE91/12 | CH91: =+CF91/12 | CK91: =CJ91*C91 | CN91: =CM91*C91 | DS91: =CI91+CL91+CO91+CR91+CU91+CX91+DA91+DD91+DG91+DJ91+DM91+DP91 | DT91: =CJ91+CM91+CP91+CS91+CV91+CY91+DB91+DE91+DH91+DK91+DN91+DQ91 | DU91: =CK91+CN91+CQ91+CT91+CW91+CZ91+DC91+DF91+DI91+DL91+DO91+DR91
A92: 74 | B92: ချယ်ရီသံပုရာ (1 Liter ) | C92: 1 | D92: 1 * 24 | G92: =F92*$C92 | J92: =I92*$C92 | M92: =L92*$C92 | P92: =O92*$C92 | S92: =R92*$C92 | V92: =U92*$C92 | Y92: =X92*$C92 | AB92: =AA92*$C92 | AE92: =AD92*$C92 | AH92: =AG92*$C92 | AK92: =AJ92*$C92 | AN92: =AM92*$C92 | AO92: =E92+H92+K92+N92+Q92+T92+W92+Z92+AC92+AF92+AI92+AL92 | AP92: =F92+I92+L92+O92+R92+U92+X92+AA92+AD92+AG92+AJ92+AM92 | AQ92: =G92+J92+M92+P92+S92+V92+Y92+AB92+AE92+AH92+AK92+AN92 | AR92: =+AP92/12 | AS92: =+AQ92/12 | AY92: =AX92*$C92 | BB92: =BA92*$C92 | BE92: =BD92*$C92 | BH92: =BG92*$C92 | BK92: =BJ92*$C92 | BN92: =BM92*C92 | BQ92: =BP92*C92 | BT92: =BS92*C92 | BW92: =BV92*C92 | BZ92: =BY92*C92 | CC92: =CB92*C92 | CD92: =AT92+AW92+AZ92+BC92+BF92+BI92+BL92+BO92+BR92+BU92+BX92+CA92 | CE92: =AU92+AX92+BA92+BD92+BG92+BJ92+BM92+BP92+BS92+BV92+BY92+CB92 | CF92: =AV92+AY92+BB92+BE92+BH92+BK92+BN92+BQ92+BT92+BW92+BZ92+CC92 | CG92: =+CE92/12 | CH92: =+CF92/12 | CK92: =CJ92*C92 | CN92: =CM92*C92 | DS92: =CI92+CL92+CO92+CR92+CU92+CX92+DA92+DD92+DG92+DJ92+DM92+DP92 | DT92: =CJ92+CM92+CP92+CS92+CV92+CY92+DB92+DE92+DH92+DK92+DN92+DQ92 | DU92: =CK92+CN92+CQ92+CT92+CW92+CZ92+DC92+DF92+DI92+DL92+DO92+DR92
A93: 75 | B93: ချယ်ရီသံပုရာ (1 Liter ) | C93: 1 | D93: 1 * 12 | G93: =F93*$C93 | J93: =I93*$C93 | M93: =L93*$C93 | P93: =O93*$C93 | S93: =R93*$C93 | V93: =U93*$C93 | Y93: =X93*$C93 | AB93: =AA93*$C93 | AE93: =AD93*$C93 | AH93: =AG93*$C93 | AI93: 3 | AJ93: 36 | AK93: =AJ93*$C93 | AL93: 3 | AM93: 36 | AN93: =AM93*$C93 | AO93: =E93+H93+K93+N93+Q93+T93+W93+Z93+AC93+AF93+AI93+AL93 | AP93: =F93+I93+L93+O93+R93+U93+X93+AA93+AD93+AG93+AJ93+AM93 | AQ93: =G93+J93+M93+P93+S93+V93+Y93+AB93+AE93+AH93+AK93+AN93 | AR93: =+AP93/12 | AS93: =+AQ93/12 | AT93: 27 | AU93: 324 | AV93: 324 | AW93: 2 | AX93: 24 | AY93: 24 | BB93: =BA93*$C93 | BC93: 2 | BD93: 24 | BE93: =BD93*$C93 | BF93: 2 | BG93: 24 | BH93: =BG93*$C93 | BK93: =BJ93*$C93 | BL93: 2 | BM93: 24 | BN93: =BM93*C93 | BQ93: =BP93*C93 | BR93: 25 | BS93: 300 | BT93: =BS93*C93 | BU93: 2 | BV93: 24 | BW93: =BV93*C93 | BZ93: =BY93*C93 | CA93: 6 | CB93: 72 | CC93: =CB93*C93 | CD93: =AT93+AW93+AZ93+BC93+BF93+BI93+BL93+BO93+BR93+BU93+BX93+CA93 | CE93: =AU93+AX93+BA93+BD93+BG93+BJ93+BM93+BP93+BS93+BV93+BY93+CB93 | CF93: =AV93+AY93+BB93+BE93+BH93+BK93+BN93+BQ93+BT93+BW93+BZ93+CC93 | CG93: =+CE93/12 | CH93: =+CF93/12 | CI93: 27 | CJ93: 324 | CK93: =CJ93*C93 | CL93: 42 | CM93: 504 | CN93: =CM93*C93 | DS93: =CI93+CL93+CO93+CR93+CU93+CX93+DA93+DD93+DG93+DJ93+DM93+DP93 | DT93: =CJ93+CM93+CP93+CS93+CV93+CY93+DB93+DE93+DH93+DK93+DN93+DQ93 | DU93: =CK93+CN93+CQ93+CT93+CW93+CZ93+DC93+DF93+DI93+DL93+DO93+DR93
A94: 76 | B94: ချယ်ရီသံပုရာ (0.6 Liter ) | C94: 0.6 | D94: 1 * 24 | G94: =F94*$C94 | J94: =I94*$C94 | M94: =L94*$C94 | P94: =O94*$C94 | S94: =R94*$C94 | V94: =U94*$C94 | Y94: =X94*$C94 | AB94: =AA94*$C94 | AE94: =AD94*$C94 | AH94: =AG94*$C94 | AK94: =AJ94*$C94 | AN94: =AM94*$C94 | AO94: =E94+H94+K94+N94+Q94+T94+W94+Z94+AC94+AF94+AI94+AL94 | AP94: =F94+I94+L94+O94+R94+U94+X94+AA94+AD94+AG94+AJ94+AM94 | AQ94: =G94+J94+M94+P94+S94+V94+Y94+AB94+AE94+AH94+AK94+AN94 | AR94: =+AP94/12 | AS94: =+AQ94/12 | AY94: =AX94*$C94 | BB94: =BA94*$C94 | BE94: =BD94*$C94 | BH94: =BG94*$C94 | BK94: =BJ94*$C94 | BL94: 2 | BM94: 48 | BN94: =BM94*C94 | BQ94: =BP94*C94 | BT94: =BS94*C94 | BU94: 3 | BV94: 72 | BW94: =BV94*C94 | BZ94: =BY94*C94 | CC94: =CB94*C94 | CD94: =AT94+AW94+AZ94+BC94+BF94+BI94+BL94+BO94+BR94+BU94+BX94+CA94 | CE94: =AU94+AX94+BA94+BD94+BG94+BJ94+BM94+BP94+BS94+BV94+BY94+CB94 | CF94: =AV94+AY94+BB94+BE94+BH94+BK94+BN94+BQ94+BT94+BW94+BZ94+CC94 | CG94: =+CE94/12 | CH94: =+CF94/12 | CI94: 3 | CJ94: 72 | CK94: =CJ94*C94 | CN94: =CM94*C94 | DS94: =CI94+CL94+CO94+CR94+CU94+CX94+DA94+DD94+DG94+DJ94+DM94+DP94 | DT94: =CJ94+CM94+CP94+CS94+CV94+CY94+DB94+DE94+DH94+DK94+DN94+DQ94 | DU94: =CK94+CN94+CQ94+CT94+CW94+CZ94+DC94+DF94+DI94+DL94+DO94+DR94
A95: 77 | B95: ချယ်ရီသံပုရာ | C95: 0.64 | D95: 1 * 14 | G95: =F95*$C95 | J95: =I95*$C95 | M95: =L95*$C95 | P95: =O95*$C95 | S95: =R95*$C95 | V95: =U95*$C95 | Y95: =X95*$C95 | AB95: =AA95*$C95 | AE95: =AD95*$C95 | AH95: =AG95*$C95 | AK95: =AJ95*$C95 | AN95: =AM95*$C95 | AO95: =E95+H95+K95+N95+Q95+T95+W95+Z95+AC95+AF95+AI95+AL95 | AP95: =F95+I95+L95+O95+R95+U95+X95+AA95+AD95+AG95+AJ95+AM95 | AQ95: =G95+J95+M95+P95+S95+V95+Y95+AB95+AE95+AH95+AK95+AN95 | AR95: =+AP95/12 | AS95: =+AQ95/12 | AY95: =AX95*$C95 | BB95: =BA95*$C95 | BE95: =BD95*$C95 | BH95: =BG95*$C95 | BK95: =BJ95*$C95 | BN95: =BM95*C95 | BQ95: =BP95*C95 | BT95: =BS95*C95 | BW95: =BV95*C95 | BZ95: =BY95*C95 | CC95: =CB95*C95 | CD95: =AT95+AW95+AZ95+BC95+BF95+BI95+BL95+BO95+BR95+BU95+BX95+CA95 | CE95: =AU95+AX95+BA95+BD95+BG95+BJ95+BM95+BP95+BS95+BV95+BY95+CB95 | CF95: =AV95+AY95+BB95+BE95+BH95+BK95+BN95+BQ95+BT95+BW95+BZ95+CC95 | CG95: =+CE95/12 | CH95: =+CF95/12 | CK95: =CJ95*C95 | CN95: =CM95*C95 | DS95: =CI95+CL95+CO95+CR95+CU95+CX95+DA95+DD95+DG95+DJ95+DM95+DP95 | DT95: =CJ95+CM95+CP95+CS95+CV95+CY95+DB95+DE95+DH95+DK95+DN95+DQ95 | DU95: =CK95+CN95+CQ95+CT95+CW95+CZ95+DC95+DF95+DI95+DL95+DO95+DR95
G96: =F96*$C96 | J96: =I96*$C96 | M96: =L96*$C96 | P96: =O96*$C96 | S96: =R96*$C96 | V96: =U96*$C96 | Y96: =X96*$C96 | AB96: =AA96*$C96 | AE96: =AD96*$C96 | AH96: =AG96*$C96 | AK96: =AJ96*$C96 | AN96: =AM96*$C96 | AO96: =E96+H96+K96+N96+Q96+T96+W96+Z96+AC96+AF96+AI96+AL96 | AP96: =F96+I96+L96+O96+R96+U96+X96+AA96+AD96+AG96+AJ96+AM96 | AQ96: =G96+J96+M96+P96+S96+V96+Y96+AB96+AE96+AH96+AK96+AN96 | AR96: =+AP96/12 | AS96: =+AQ96/12 | AY96: =AX96*$C96 | BB96: =BA96*$C96 | BE96: =BD96*$C96 | BH96: =BG96*$C96 | BK96: =BJ96*$C96 | BN96: =BM96*C96 | BQ96: =BP96*C96 | BT96: =BS96*C96 | BW96: =BV96*C96 | BZ96: =BY96*C96 | CC96: =CB96*C96 | CD96: =AT96+AW96+AZ96+BC96+BF96+BI96+BL96+BO96+BR96+BU96+BX96+CA96 | CE96: =AU96+AX96+BA96+BD96+BG96+BJ96+BM96+BP96+BS96+BV96+BY96+CB96 | CF96: =AV96+AY96+BB96+BE96+BH96+BK96+BN96+BQ96+BT96+BW96+BZ96+CC96 | CG96: =+CE96/12 | CH96: =+CF96/12 | CK96: =CJ96*C96 | CN96: =CM96*C96 | DS96: =CI96+CL96+CO96+CR96+CU96+CX96+DA96+DD96+DG96+DJ96+DM96+DP96 | DT96: =CJ96+CM96+CP96+CS96+CV96+CY96+DB96+DE96+DH96+DK96+DN96+DQ96 | DU96: =CK96+CN96+CQ96+CT96+CW96+CZ96+DC96+DF96+DI96+DL96+DO96+DR96
A97: 78 | B97: ရွှေမင်းသားခေါင်ရည် | C97: 0.75 | G97: =F97*$C97 | J97: =I97*$C97 | M97: =L97*$C97 | P97: =O97*$C97 | S97: =R97*$C97 | V97: =U97*$C97 | Y97: =X97*$C97 | AB97: =AA97*$C97 | AE97: =AD97*$C97 | AH97: =AG97*$C97 | AK97: =AJ97*$C97 | AN97: =AM97*$C97 | AO97: =E97+H97+K97+N97+Q97+T97+W97+Z97+AC97+AF97+AI97+AL97 | AP97: =F97+I97+L97+O97+R97+U97+X97+AA97+AD97+AG97+AJ97+AM97 | AQ97: =G97+J97+M97+P97+S97+V97+Y97+AB97+AE97+AH97+AK97+AN97 | AR97: =+AP97/12 | AS97: =+AQ97/12 | BB97: =BA97*$C97 | BE97: =BD97*$C97 | BH97: =BG97*$C97 | BK97: =BJ97*$C97 | BN97: =BM97*C97 | BQ97: =BP97*C97 | BT97: =BS97*C97 | BW97: =BV97*C97 | BZ97: =BY97*C97 | CC97: =CB97*C97 | CD97: =AT97+AW97+AZ97+BC97+BF97+BI97+BL97+BO97+BR97+BU97+BX97+CA97 | CE97: =AU97+AX97+BA97+BD97+BG97+BJ97+BM97+BP97+BS97+BV97+BY97+CB97 | CF97: =AV97+AY97+BB97+BE97+BH97+BK97+BN97+BQ97+BT97+BW97+BZ97+CC97 | CG97: =+CE97/12 | CH97: =+CF97/12 | CK97: =CJ97*C97 | CN97: =CM97*C97 | DS97: =CI97+CL97+CO97+CR97+CU97+CX97+DA97+DD97+DG97+DJ97+DM97+DP97 | DT97: =CJ97+CM97+CP97+CS97+CV97+CY97+DB97+DE97+DH97+DK97+DN97+DQ97 | DU97: =CK97+CN97+CQ97+CT97+CW97+CZ97+DC97+DF97+DI97+DL97+DO97+DR97
A98: 79 | B98: ရွှေမင်းသားခေါင်ရည် (0.6 Liter) | C98: 0.6 | D98: 1 * 12 | G98: =F98*$C98 | J98: =I98*$C98 | M98: =L98*$C98 | P98: =O98*$C98 | S98: =R98*$C98 | V98: =U98*$C98 | Y98: =X98*$C98 | AB98: =AA98*$C98 | AE98: =AD98*$C98 | AH98: =AG98*$C98 | AK98: =AJ98*$C98 | AN98: =AM98*$C98 | AO98: =E98+H98+K98+N98+Q98+T98+W98+Z98+AC98+AF98+AI98+AL98 | AP98: =F98+I98+L98+O98+R98+U98+X98+AA98+AD98+AG98+AJ98+AM98 | AQ98: =G98+J98+M98+P98+S98+V98+Y98+AB98+AE98+AH98+AK98+AN98 | AR98: =+AP98/12 | AS98: =+AQ98/12 | BB98: =BA98*$C98 | BE98: =BD98*$C98 | BH98: =BG98*$C98 | BI98: 243 | BJ98: 2916 | BK98: =BJ98*$C98 | BL98: 70 | BM98: 840 | BN98: =BM98*C98 | BO98: 50 | BP98: 600 | BQ98: =BP98*C98 | BR98: 31 | BS98: 372 | BT98: =BS98*C98 | BU98: 10 | BV98: 120 | BW98: =BV98*C98 | BZ98: =BY98*C98 | CC98: =CB98*C98 | CD98: =AT98+AW98+AZ98+BC98+BF98+BI98+BL98+BO98+BR98+BU98+BX98+CA98 | CE98: =AU98+AX98+BA98+BD98+BG98+BJ98+BM98+BP98+BS98+BV98+BY98+CB98 | CF98: =AV98+AY98+BB98+BE98+BH98+BK98+BN98+BQ98+BT98+BW98+BZ98+CC98 | CG98: =+CE98/12 | CH98: =+CF98/12 | CK98: =CJ98*C98 | CN98: =CM98*C98 | DS98: =CI98+CL98+CO98+CR98+CU98+CX98+DA98+DD98+DG98+DJ98+DM98+DP98 | DT98: =CJ98+CM98+CP98+CS98+CV98+CY98+DB98+DE98+DH98+DK98+DN98+DQ98 | DU98: =CK98+CN98+CQ98+CT98+CW98+CZ98+DC98+DF98+DI98+DL98+DO98+DR98
A99: 80 | B99: ရွှေမင်းသားခေါင်ရည် | C99: 0.64 | D99: 1*24 | G99: =F99*$C99 | H99: 1 | I99: 24 | J99: =I99*$C99 | K99: 4 | L99: 96 | M99: =L99*$C99 | N99: 22 | O99: 528 | P99: =O99*$C99 | Q99: 62 | R99: 1494 | S99: =R99*$C99 | T99: 64 | U99: 1536 | V99: =U99*$C99 | W99: 89 | X99: 2148 | Y99: =X99*$C99 | Z99: 21 | AA99: 516 | AB99: =AA99*$C99 | AE99: =AD99*$C99 | AH99: =AG99*$C99 | AI99: 10 | AJ99: 240 | AK99: =AJ99*$C99 | AL99: 32 | AM99: 768 | AN99: =AM99*$C99 | AO99: =E99+H99+K99+N99+Q99+T99+W99+Z99+AC99+AF99+AI99+AL99 | AP99: =F99+I99+L99+O99+R99+U99+X99+AA99+AD99+AG99+AJ99+AM99 | AQ99: =G99+J99+M99+P99+S99+V99+Y99+AB99+AE99+AH99+AK99+AN99 | AR99: =+AP99/12 | AS99: =+AQ99/12 | AT99: 23 | AU99: 552 | AV99: 353.28 | AW99: 80 | AX99: 1920 | AY99: 1228.8 | AZ99: 65 | BA99: 1560 | BB99: =BA99*$C99 | BC99: 72 | BD99: 1728 | BE99: =BD99*$C99 | BF99: 147 | BG99: 3528 | BH99: =BG99*$C99 | BI99: 6 | BJ99: 153 | BK99: =BJ99*$C99 | BL99: 70 | BM99: 1680 | BN99: =BM99*C99 | BO99: 40 | BP99: 967 | BQ99: =BP99*C99 | BR99: 23 | BS99: 552 | BT99: =BS99*C99 | BU99: 1 | BV99: 24 | BW99: =BV99*C99 | BX99: 45 | BY99: 1080 | BZ99: =BY99*C99 | CA99: 87 | CB99: 2088 | CC99: =CB99*C99 | CD99: =AT99+AW99+AZ99+BC99+BF99+BI99+BL99+BO99+BR99+BU99+BX99+CA99 | CE99: =AU99+AX99+BA99+BD99+BG99+BJ99+BM99+BP99+BS99+BV99+BY99+CB99 | CF99: =AV99+AY99+BB99+BE99+BH99+BK99+BN99+BQ99+BT99+BW99+BZ99+CC99 | CG99: =+CE99/12 | CH99: =+CF99/12 | CI99: 29 | CJ99: 715 | CK99: =CJ99*C99 | CL99: 61 | CM99: 1464 | CN99: =CM99*C99 | DS99: =CI99+CL99+CO99+CR99+CU99+CX99+DA99+DD99+DG99+DJ99+DM99+DP99 | DT99: =CJ99+CM99+CP99+CS99+CV99+CY99+DB99+DE99+DH99+DK99+DN99+DQ99 | DU99: =CK99+CN99+CQ99+CT99+CW99+CZ99+DC99+DF99+DI99+DL99+DO99+DR99
G100: =F100*$C100 | J100: =I100*$C100 | M100: =L100*$C100 | P100: =O100*$C100 | S100: =R100*$C100 | V100: =U100*$C100 | Y100: =X100*$C100 | AB100: =AA100*$C100 | AE100: =AD100*$C100 | AH100: =AG100*$C100 | AK100: =AJ100*$C100 | AN100: =AM100*$C100 | AO100: =E100+H100+K100+N100+Q100+T100+W100+Z100+AC100+AF100+AI100+AL100 | AP100: =F100+I100+L100+O100+R100+U100+X100+AA100+AD100+AG100+AJ100+AM100 | AQ100: =G100+J100+M100+P100+S100+V100+Y100+AB100+AE100+AH100+AK100+AN100 | AR100: =+AP100/12 | AS100: =+AQ100/12 | BB100: =BA100*$C100 | BE100: =BD100*$C100 | BH100: =BG100*$C100 | BK100: =BJ100*$C100 | BN100: =BM100*C100 | BQ100: =BP100*C100 | BT100: =BS100*C100 | BW100: =BV100*C100 | BZ100: =BY100*C100 | CC100: =CB100*C100 | CD100: =AT100+AW100+AZ100+BC100+BF100+BI100+BL100+BO100+BR100+BU100+BX100+CA100 | CE100: =AU100+AX100+BA100+BD100+BG100+BJ100+BM100+BP100+BS100+BV100+BY100+CB100 | CF100: =AV100+AY100+BB100+BE100+BH100+BK100+BN100+BQ100+BT100+BW100+BZ100+CC100 | CG100: =+CE100/12 | CH100: =+CF100/12 | CK100: =CJ100*C100 | CN100: =CM100*C100 | DS100: =CI100+CL100+CO100+CR100+CU100+CX100+DA100+DD100+DG100+DJ100+DM100+DP100 | DT100: =CJ100+CM100+CP100+CS100+CV100+CY100+DB100+DE100+DH100+DK100+DN100+DQ100 | DU100: =CK100+CN100+CQ100+CT100+CW100+CZ100+DC100+DF100+DI100+DL100+DO100+DR100
...

Sheet Tharzi
B1: 2024 - Sales Details Meiktila (Tharzi Township)
A2: Sr | B2: Product Name | C2: Ml | D2: Packing | E2: 45292 | H2: 45323 | K2: 45352 | N2: 45383 | Q2: 45413 | T2: 45444 | W2: 45474 | Z2: 45505 | AC2: 45536 | AF2: 45566 | AI2: 45597 | AL2: 45627 | AO2: 2024 Total | AR2: 2024 Average | AT2: 45658 | AW2: 45689 | AZ2: 45717 | BC2: 45748 | BF2: 45778 | BI2: 45809 | BL2: 45839 | BO2: 45870 | BR2: 45901 | BU2: 45931 | BX2: 45962 | CA2: 45992 | CD2: 2025 -Total | CG2: 2025 Average | CI2: 46023 | CL2: 46054 | CO2: 46082 | CR2: 46113 | CU2: 46143 | CX2: 46174 | DA2: 46204 | DD2: 46235 | DG2: 46266 | DJ2: 46296 | DM2: 46327 | DP2: 46357 | DS2: 2026 -Total | DV2: 2026 Average
E3: PK | F3: Bottle | G3: Liter | H3: PK | I3: Bottle | J3: Liter | K3: PK | L3: Bottle | M3: Liter | N3: PK | O3: Bottle | P3: Liter | Q3: PK | R3: Bottle | S3: Liter | T3: PK | U3: Bottle | V3: Liter | W3: PK | X3: Bottle | Y3: Liter | Z3: PK | AA3: Bottle | AB3: Liter | AC3: PK | AD3: Bottle | AE3: Liter | AF3: PK | AG3: Bottle | AH3: Liter | AI3: PK | AJ3: Bottle | AK3: Liter | AL3: PK | AM3: Bottle | AN3: Liter | AO3: PK | AP3: Bottle | AQ3: Liter | AR3: Bottle | AS3: Liter | AT3: PK | AU3: Bottle | AV3: Liter | AW3: PK | AX3: Bottle | AY3: Liter | AZ3: PK | BA3: Bottle | BB3: Liter | BC3: PK | BD3: Bottle | BE3: Liter | BF3: PK | BG3: Bottle | BH3: Liter | BI3: PK | BJ3: Bottle | BK3: Liter | BL3: PK | BM3: Bottle | BN3: Liter | BO3: PK | BP3: Bottle | BQ3: Liter | BR3: PK | BS3: Bottle | BT3: Liter | BU3: PK | BV3: Bottle | BW3: Liter | BX3: PK | BY3: Bottle | BZ3: Liter | CA3: PK | CB3: Bottle | CC3: Liter | CD3: PK | CE3: Bottle | CF3: Liter | CG3: Bottle | CH3: Liter | CI3: PK | CJ3: Bottle | CK3: Liter | CL3: PK | CM3: Bottle | CN3: Liter | CO3: PK | CP3: Bottle | CQ3: Liter | CR3: PK | CS3: Bottle | CT3: Liter | CU3: PK | CV3: Bottle | CW3: Liter | CX3: PK | CY3: Bottle | CZ3: Liter | DA3: PK | DB3: Bottle | DC3: Liter | DD3: PK | DE3: Bottle | DF3: Liter | DG3: PK | DH3: Bottle | DI3: Liter | DJ3: PK | DK3: Bottle | DL3: Liter | DM3: PK | DN3: Bottle | DO3: Liter | DP3: PK | DQ3: Bottle | DR3: Liter | DS3: PK | DT3: Bottle | DU3: Liter | DV3: Bottle | DW3: Liter
A4: 1 | B4: "Zay" Vodka 700-ml | C4: 0.7 | D4: 1 * 12 | J4: =I4*$C4 | K4: 5 | L4: 60 | M4: =L4*$C4 | N4: 12 | O4: 144 | P4: =O4*$C4 | Q4: 10 | R4: 120 | S4: =R4*$C4 | T4: 2 | U4: 24 | V4: =U4*$C4 | Y4: =X4*$C4 | AB4: =AA4*$C4 | AE4: =AD4*$C4 | AH4: =AG4*$C4 | AK4: =AJ4*$C4 | AN4: =AM4*$C4 | AO4: =E4+H4+K4+N4+Q4+T4+W4+Z4+AC4+AF4+AI4+AL4 | AP4: =F4+I4+L4+O4+R4+U4+X4+AA4+AD4+AG4+AJ4+AM4 | AQ4: =G4+J4+M4+P4+S4+V4+Y4+AB4+AE4+AH4+AK4+AN4 | AR4: =+AP4/12 | AS4: =+AQ4/12 | AY4: =AX4*$C4 | BK4: =BJ4*$C4 | BN4: =BM4*C4 | BQ4: =BP4*C4 | BT4: =BS4*C4 | BW4: =BV4*C4 | BZ4: =BY4*C4 | CC4: =CB4*C4 | CD4: =AT4+AW4+AZ4+BC4+BF4+BI4+BL4+BO4+BR4+BU4+BX4+CA4 | CE4: =AU4+AX4+BA4+BD4+BG4+BJ4+BM4+BP4+BS4+BV4+BY4+CB4 | CF4: =AV4+AY4+BB4+BE4+BH4+BK4+BN4+BQ4+BT4+BW4+BZ4+CC4 | CG4: =+CE4/12 | CH4: =+CF4/12 | CK4: =CJ4*C4 | CN4: =CM4*C4 | DS4: =CI4+CL4+CO4+CR4+CU4+CX4+DA4+DD4+DG4+DJ4+DM4+DP4 | DT4: =CJ4+CM4+CP4+CS4+CV4+CY4+DB4+DE4+DH4+DK4+DN4+DQ4 | DU4: =CK4+CN4+CQ4+CT4+CW4+CZ4+DC4+DF4+DI4+DL4+DO4+DR4
J5: =I5*$C5 | M5: =L5*$C5 | P5: =O5*$C5 | S5: =R5*$C5 | V5: =U5*$C5 | Y5: =X5*$C5 | AB5: =AA5*$C5 | AE5: =AD5*$C5 | AH5: =AG5*$C5 | AK5: =AJ5*$C5 | AN5: =AM5*$C5 | AO5: =E5+H5+K5+N5+Q5+T5+W5+Z5+AC5+AF5+AI5+AL5 | AP5: =F5+I5+L5+O5+R5+U5+X5+AA5+AD5+AG5+AJ5+AM5 | AQ5: =G5+J5+M5+P5+S5+V5+Y5+AB5+AE5+AH5+AK5+AN5 | AR5: =+AP5/12 | AS5: =+AQ5/12 | AY5: =AX5*$C5 | BK5: =BJ5*$C5 | BN5: =BM5*C5 | BQ5: =BP5*C5 | BT5: =BS5*C5 | BW5: =BV5*C5 | BZ5: =BY5*C5 | CC5: =CB5*C5 | CD5: =AT5+AW5+AZ5+BC5+BF5+BI5+BL5+BO5+BR5+BU5+BX5+CA5 | CE5: =AU5+AX5+BA5+BD5+BG5+BJ5+BM5+BP5+BS5+BV5+BY5+CB5 | CF5: =AV5+AY5+BB5+BE5+BH5+BK5+BN5+BQ5+BT5+BW5+BZ5+CC5 | CG5: =+CE5/12 | CH5: =+CF5/12 | CK5: =CJ5*C5 | CN5: =CM5*C5 | DS5: =CI5+CL5+CO5+CR5+CU5+CX5+DA5+DD5+DG5+DJ5+DM5+DP5 | DT5: =CJ5+CM5+CP5+CS5+CV5+CY5+DB5+DE5+DH5+DK5+DN5+DQ5 | DU5: =CK5+CN5+CQ5+CT5+CW5+CZ5+DC5+DF5+DI5+DL5+DO5+DR5
A6: 2 | B6: "Zay" Vodka (1 Liter) | C6: 1 | D6: 1 * 12 | J6: =I6*$C6 | M6: =L6*$C6 | P6: =O6*$C6 | S6: =R6*$C6 | V6: =U6*$C6 | Y6: =X6*$C6 | AB6: =AA6*$C6 | AE6: =AD6*$C6 | AH6: =AG6*$C6 | AK6: =AJ6*$C6 | AN6: =AM6*$C6 | AO6: =E6+H6+K6+N6+Q6+T6+W6+Z6+AC6+AF6+AI6+AL6 | AP6: =F6+I6+L6+O6+R6+U6+X6+AA6+AD6+AG6+AJ6+AM6 | AQ6: =G6+J6+M6+P6+S6+V6+Y6+AB6+AE6+AH6+AK6+AN6 | AR6: =+AP6/12 | AS6: =+AQ6/12 | AY6: =AX6*$C6 | BK6: =BJ6*$C6 | BN6: =BM6*C6 | BQ6: =BP6*C6 | BT6: =BS6*C6 | BW6: =BV6*C6 | BZ6: =BY6*C6 | CC6: =CB6*C6 | CD6: =AT6+AW6+AZ6+BC6+BF6+BI6+BL6+BO6+BR6+BU6+BX6+CA6 | CE6: =AU6+AX6+BA6+BD6+BG6+BJ6+BM6+BP6+BS6+BV6+BY6+CB6 | CF6: =AV6+AY6+BB6+BE6+BH6+BK6+BN6+BQ6+BT6+BW6+BZ6+CC6 | CG6: =+CE6/12 | CH6: =+CF6/12 | CK6: =CJ6*C6 | CN6: =CM6*C6 | DS6: =CI6+CL6+CO6+CR6+CU6+CX6+DA6+DD6+DG6+DJ6+DM6+DP6 | DT6: =CJ6+CM6+CP6+CS6+CV6+CY6+DB6+DE6+DH6+DK6+DN6+DQ6 | DU6: =CK6+CN6+CQ6+CT6+CW6+CZ6+DC6+DF6+DI6+DL6+DO6+DR6
A7: 3 | B7: "Zay" (1 Liter) | C7: 1 | D7: 1 * 12 | J7: =I7*$C7 | M7: =L7*$C7 | P7: =O7*$C7 | S7: =R7*$C7 | V7: =U7*$C7 | Y7: =X7*$C7 | AB7: =AA7*$C7 | AE7: =AD7*$C7 | AH7: =AG7*$C7 | AK7: =AJ7*$C7 | AN7: =AM7*$C7 | AO7: =E7+H7+K7+N7+Q7+T7+W7+Z7+AC7+AF7+AI7+AL7 | AP7: =F7+I7+L7+O7+R7+U7+X7+AA7+AD7+AG7+AJ7+AM7 | AQ7: =G7+J7+M7+P7+S7+V7+Y7+AB7+AE7+AH7+AK7+AN7 | AR7: =+AP7/12 | AS7: =+AQ7/12 | AY7: =AX7*$C7 | BK7: =BJ7*$C7 | BN7: =BM7*C7 | BQ7: =BP7*C7 | BT7: =BS7*C7 | BW7: =BV7*C7 | BZ7: =BY7*C7 | CC7: =CB7*C7 | CD7: =AT7+AW7+AZ7+BC7+BF7+BI7+BL7+BO7+BR7+BU7+BX7+CA7 | CE7: =AU7+AX7+BA7+BD7+BG7+BJ7+BM7+BP7+BS7+BV7+BY7+CB7 | CF7: =AV7+AY7+BB7+BE7+BH7+BK7+BN7+BQ7+BT7+BW7+BZ7+CC7 | CG7: =+CE7/12 | CH7: =+CF7/12 | CI7: 6 | CJ7: 72 | CK7: =CJ7*C7 | CN7: =CM7*C7 | DS7: =CI7+CL7+CO7+CR7+CU7+CX7+DA7+DD7+DG7+DJ7+DM7+DP7 | DT7: =CJ7+CM7+CP7+CS7+CV7+CY7+DB7+DE7+DH7+DK7+DN7+DQ7 | DU7: =CK7+CN7+CQ7+CT7+CW7+CZ7+DC7+DF7+DI7+DL7+DO7+DR7
A8: 4 | B8: "Zay" (0.6 Liter) | C8: 0.6 | D8: 1 * 12 | J8: =I8*$C8 | M8: =L8*$C8 | P8: =O8*$C8 | S8: =R8*$C8 | V8: =U8*$C8 | Y8: =X8*$C8 | AB8: =AA8*$C8 | AE8: =AD8*$C8 | AH8: =AG8*$C8 | AK8: =AJ8*$C8 | AN8: =AM8*$C8 | AO8: =E8+H8+K8+N8+Q8+T8+W8+Z8+AC8+AF8+AI8+AL8 | AP8: =F8+I8+L8+O8+R8+U8+X8+AA8+AD8+AG8+AJ8+AM8 | AQ8: =G8+J8+M8+P8+S8+V8+Y8+AB8+AE8+AH8+AK8+AN8 | AR8: =+AP8/12 | AS8: =+AQ8/12 | AY8: =AX8*$C8 | BK8: =BJ8*$C8 | BN8: =BM8*C8 | BQ8: =BP8*C8 | BT8: =BS8*C8 | BW8: =BV8*C8 | BZ8: =BY8*C8 | CC8: =CB8*C8 | CD8: =AT8+AW8+AZ8+BC8+BF8+BI8+BL8+BO8+BR8+BU8+BX8+CA8 | CE8: =AU8+AX8+BA8+BD8+BG8+BJ8+BM8+BP8+BS8+BV8+BY8+CB8 | CF8: =AV8+AY8+BB8+BE8+BH8+BK8+BN8+BQ8+BT8+BW8+BZ8+CC8 | CG8: =+CE8/12 | CH8: =+CF8/12 | CK8: =CJ8*C8 | CN8: =CM8*C8 | DS8: =CI8+CL8+CO8+CR8+CU8+CX8+DA8+DD8+DG8+DJ8+DM8+DP8 | DT8: =CJ8+CM8+CP8+CS8+CV8+CY8+DB8+DE8+DH8+DK8+DN8+DQ8 | DU8: =CK8+CN8+CQ8+CT8+CW8+CZ8+DC8+DF8+DI8+DL8+DO8+DR8
A9: 5 | B9: "Zay" (0.35 Liter) | C9: 0.35 | D9: 1 * 40 | J9: =I9*$C9 | M9: =L9*$C9 | P9: =O9*$C9 | S9: =R9*$C9 | V9: =U9*$C9 | Y9: =X9*$C9 | AB9: =AA9*$C9 | AE9: =AD9*$C9 | AH9: =AG9*$C9 | AK9: =AJ9*$C9 | AN9: =AM9*$C9 | AO9: =E9+H9+K9+N9+Q9+T9+W9+Z9+AC9+AF9+AI9+AL9 | AP9: =F9+I9+L9+O9+R9+U9+X9+AA9+AD9+AG9+AJ9+AM9 | AQ9: =G9+J9+M9+P9+S9+V9+Y9+AB9+AE9+AH9+AK9+AN9 | AR9: =+AP9/12 | AS9: =+AQ9/12 | AY9: =AX9*$C9 | BK9: =BJ9*$C9 | BN9: =BM9*C9 | BQ9: =BP9*C9 | BT9: =BS9*C9 | BW9: =BV9*C9 | BZ9: =BY9*C9 | CC9: =CB9*C9 | CD9: =AT9+AW9+AZ9+BC9+BF9+BI9+BL9+BO9+BR9+BU9+BX9+CA9 | CE9: =AU9+AX9+BA9+BD9+BG9+BJ9+BM9+BP9+BS9+BV9+BY9+CB9 | CF9: =AV9+AY9+BB9+BE9+BH9+BK9+BN9+BQ9+BT9+BW9+BZ9+CC9 | CG9: =+CE9/12 | CH9: =+CF9/12 | CK9: =CJ9*C9 | CN9: =CM9*C9 | DS9: =CI9+CL9+CO9+CR9+CU9+CX9+DA9+DD9+DG9+DJ9+DM9+DP9 | DT9: =CJ9+CM9+CP9+CS9+CV9+CY9+DB9+DE9+DH9+DK9+DN9+DQ9 | DU9: =CK9+CN9+CQ9+CT9+CW9+CZ9+DC9+DF9+DI9+DL9+DO9+DR9
A10: 6 | B10: "Zay" Vodka | C10: 0.7 | D10: 1 * 24 | J10: =I10*$C10 | M10: =L10*$C10 | P10: =O10*$C10 | S10: =R10*$C10 | V10: =U10*$C10 | Y10: =X10*$C10 | AB10: =AA10*$C10 | AE10: =AD10*$C10 | AH10: =AG10*$C10 | AK10: =AJ10*$C10 | AN10: =AM10*$C10 | AO10: =E10+H10+K10+N10+Q10+T10+W10+Z10+AC10+AF10+AI10+AL10 | AP10: =F10+I10+L10+O10+R10+U10+X10+AA10+AD10+AG10+AJ10+AM10 | AQ10: =G10+J10+M10+P10+S10+V10+Y10+AB10+AE10+AH10+AK10+AN10 | AR10: =+AP10/12 | AS10: =+AQ10/12 | AY10: =AX10*$C10 | BK10: =BJ10*$C10 | BN10: =BM10*C10 | BQ10: =BP10*C10 | BT10: =BS10*C10 | BW10: =BV10*C10 | BZ10: =BY10*C10 | CC10: =CB10*C10 | CD10: =AT10+AW10+AZ10+BC10+BF10+BI10+BL10+BO10+BR10+BU10+BX10+CA10 | CE10: =AU10+AX10+BA10+BD10+BG10+BJ10+BM10+BP10+BS10+BV10+BY10+CB10 | CF10: =AV10+AY10+BB10+BE10+BH10+BK10+BN10+BQ10+BT10+BW10+BZ10+CC10 | CG10: =+CE10/12 | CH10: =+CF10/12 | CK10: =CJ10*C10 | CN10: =CM10*C10 | DS10: =CI10+CL10+CO10+CR10+CU10+CX10+DA10+DD10+DG10+DJ10+DM10+DP10 | DT10: =CJ10+CM10+CP10+CS10+CV10+CY10+DB10+DE10+DH10+DK10+DN10+DQ10 | DU10: =CK10+CN10+CQ10+CT10+CW10+CZ10+DC10+DF10+DI10+DL10+DO10+DR10
A11: 7 | B11: "Zay" - 640ml | C11: 0.64 | D11: 1 * 24 | J11: =I11*$C11 | M11: =L11*$C11 | P11: =O11*$C11 | S11: =R11*$C11 | V11: =U11*$C11 | Y11: =X11*$C11 | AB11: =AA11*$C11 | AE11: =AD11*$C11 | AH11: =AG11*$C11 | AK11: =AJ11*$C11 | AN11: =AM11*$C11 | AO11: =E11+H11+K11+N11+Q11+T11+W11+Z11+AC11+AF11+AI11+AL11 | AP11: =F11+I11+L11+O11+R11+U11+X11+AA11+AD11+AG11+AJ11+AM11 | AQ11: =G11+J11+M11+P11+S11+V11+Y11+AB11+AE11+AH11+AK11+AN11 | AR11: =+AP11/12 | AS11: =+AQ11/12 | AY11: =AX11*$C11 | BK11: =BJ11*$C11 | BN11: =BM11*C11 | BQ11: =BP11*C11 | BT11: =BS11*C11 | BW11: =BV11*C11 | BZ11: =BY11*C11 | CC11: =CB11*C11 | CD11: =AT11+AW11+AZ11+BC11+BF11+BI11+BL11+BO11+BR11+BU11+BX11+CA11 | CE11: =AU11+AX11+BA11+BD11+BG11+BJ11+BM11+BP11+BS11+BV11+BY11+CB11 | CF11: =AV11+AY11+BB11+BE11+BH11+BK11+BN11+BQ11+BT11+BW11+BZ11+CC11 | CG11: =+CE11/12 | CH11: =+CF11/12 | CK11: =CJ11*C11 | CN11: =CM11*C11 | DS11: =CI11+CL11+CO11+CR11+CU11+CX11+DA11+DD11+DG11+DJ11+DM11+DP11 | DT11: =CJ11+CM11+CP11+CS11+CV11+CY11+DB11+DE11+DH11+DK11+DN11+DQ11 | DU11: =CK11+CN11+CQ11+CT11+CW11+CZ11+DC11+DF11+DI11+DL11+DO11+DR11
A12: 8 | B12: "Zay" - 640ml | C12: 0.64 | D12: 1 * 14 | E12: 79 | F12: 1106 | G12: =F12*$C12 | H12: 109 | I12: 1526 | J12: =I12*$C12 | K12: 94 | L12: 1316 | M12: =L12*$C12 | N12: 181 | O12: 2534 | P12: =O12*$C12 | Q12: 124 | R12: 1736 | S12: =R12*$C12 | T12: 160 | U12: 2240 | V12: =U12*$C12 | W12: 125 | X12: 1750 | Y12: =X12*$C12 | Z12: 84 | AA12: 1183 | AB12: =AA12*$C12 | AC12: 164 | AD12: 2305 | AE12: =AD12*$C12 | AF12: 125 | AG12: 1750 | AH12: =AG12*$C12 | AI12: 75 | AJ12: 1050 | AK12: =AJ12*$C12 | AL12: 110 | AM12: 1540 | AN12: =AM12*$C12 | AO12: =E12+H12+K12+N12+Q12+T12+W12+Z12+AC12+AF12+AI12+AL12 | AP12: =F12+I12+L12+O12+R12+U12+X12+AA12+AD12+AG12+AJ12+AM12 | AQ12: =G12+J12+M12+P12+S12+V12+Y12+AB12+AE12+AH12+AK12+AN12 | AR12: =+AP12/12 | AS12: =+AQ12/12 | AT12: 60 | AU12: 840 | AV12: 537.6 | AW12: 50 | AX12: 700 | AY12: 448 | AZ12: 70 | BA12: 980 | BB12: =BA12*$C12 | BC12: 45 | BD12: 630 | BE12: =BD12*$C12 | BF12: 53 | BG12: 742 | BH12: =BG12*$C12 | BI12: 45 | BJ12: 630 | BK12: =BJ12*$C12 | BL12: 60 | BM12: 840 | BN12: =BM12*C12 | BO12: 70 | BP12: 980 | BQ12: =BP12*C12 | BR12: 80 | BS12: 1120 | BT12: =BS12*C12 | BU12: 55 | BV12: 770 | BW12: =BV12*C12 | BX12: 65 | BY12: 910 | BZ12: =BY12*C12 | CA12: 35 | CB12: 490 | CC12: =CB12*C12 | CD12: =AT12+AW12+AZ12+BC12+BF12+BI12+BL12+BO12+BR12+BU12+BX12+CA12 | CE12: =AU12+AX12+BA12+BD12+BG12+BJ12+BM12+BP12+BS12+BV12+BY12+CB12 | CF12: =AV12+AY12+BB12+BE12+BH12+BK12+BN12+BQ12+BT12+BW12+BZ12+CC12 | CG12: =+CE12/12 | CH12: =+CF12/12 | CI12: 20 | CJ12: 280 | CK12: =CJ12*C12 | CL12: 50 | CM12: 700 | CN12: =CM12*C12 | DS12: =CI12+CL12+CO12+CR12+CU12+CX12+DA12+DD12+DG12+DJ12+DM12+DP12 | DT12: =CJ12+CM12+CP12+CS12+CV12+CY12+DB12+DE12+DH12+DK12+DN12+DQ12 | DU12: =CK12+CN12+CQ12+CT12+CW12+CZ12+DC12+DF12+DI12+DL12+DO12+DR12
A13: 9 | B13: "Zay" - 640ml | C13: 0.64 | D13: 1 * 12 | G13: =F13*$C13 | J13: =I13*$C13 | M13: =L13*$C13 | P13: =O13*$C13 | S13: =R13*$C13 | V13: =U13*$C13 | Y13: =X13*$C13 | AB13: =AA13*$C13 | AE13: =AD13*$C13 | AH13: =AG13*$C13 | AK13: =AJ13*$C13 | AN13: =AM13*$C13 | AO13: =E13+H13+K13+N13+Q13+T13+W13+Z13+AC13+AF13+AI13+AL13 | AP13: =F13+I13+L13+O13+R13+U13+X13+AA13+AD13+AG13+AJ13+AM13 | AQ13: =G13+J13+M13+P13+S13+V13+Y13+AB13+AE13+AH13+AK13+AN13 | AR13: =+AP13/12 | AS13: =+AQ13/12 | AY13: =AX13*$C13 | BB13: =BA13*$C13 | BE13: =BD13*$C13 | BH13: =BG13*$C13 | BK13: =BJ13*$C13 | BN13: =BM13*C13 | BQ13: =BP13*C13 | BT13: =BS13*C13 | BW13: =BV13*C13 | BZ13: =BY13*C13 | CC13: =CB13*C13 | CD13: =AT13+AW13+AZ13+BC13+BF13+BI13+BL13+BO13+BR13+BU13+BX13+CA13 | CE13: =AU13+AX13+BA13+BD13+BG13+BJ13+BM13+BP13+BS13+BV13+BY13+CB13 | CF13: =AV13+AY13+BB13+BE13+BH13+BK13+BN13+BQ13+BT13+BW13+BZ13+CC13 | CG13: =+CE13/12 | CH13: =+CF13/12 | CK13: =CJ13*C13 | CN13: =CM13*C13 | DS13: =CI13+CL13+CO13+CR13+CU13+CX13+DA13+DD13+DG13+DJ13+DM13+DP13 | DT13: =CJ13+CM13+CP13+CS13+CV13+CY13+DB13+DE13+DH13+DK13+DN13+DQ13 | DU13: =CK13+CN13+CQ13+CT13+CW13+CZ13+DC13+DF13+DI13+DL13+DO13+DR13
A14: 10 | B14: "Zay" - 640ml | C14: 0.64 | D14: 1 * 14 | G14: =F14*$C14 | M14: =L14*$C14 | P14: =O14*$C14 | S14: =R14*$C14 | V14: =U14*$C14 | Y14: =X14*$C14 | AB14: =AA14*$C14 | AE14: =AD14*$C14 | AH14: =AG14*$C14 | AK14: =AJ14*$C14 | AN14: =AM14*$C14 | AO14: =E14+H14+K14+N14+Q14+T14+W14+Z14+AC14+AF14+AI14+AL14 | AP14: =F14+I14+L14+O14+R14+U14+X14+AA14+AD14+AG14+AJ14+AM14 | AQ14: =G14+J14+M14+P14+S14+V14+Y14+AB14+AE14+AH14+AK14+AN14 | AR14: =+AP14/12 | AS14: =+AQ14/12 | BB14: =BA14*$C14 | BE14: =BD14*$C14 | BH14: =BG14*$C14 | BK14: =BJ14*$C14 | BN14: =BM14*C14 | BQ14: =BP14*C14 | BT14: =BS14*C14 | BW14: =BV14*C14 | BZ14: =BY14*C14 | CC14: =CB14*C14 | CD14: =AT14+AW14+AZ14+BC14+BF14+BI14+BL14+BO14+BR14+BU14+BX14+CA14 | CE14: =AU14+AX14+BA14+BD14+BG14+BJ14+BM14+BP14+BS14+BV14+BY14+CB14 | CF14: =AV14+AY14+BB14+BE14+BH14+BK14+BN14+BQ14+BT14+BW14+BZ14+CC14 | CG14: =+CE14/12 | CH14: =+CF14/12 | CK14: =CJ14*C14 | CN14: =CM14*C14 | DS14: =CI14+CL14+CO14+CR14+CU14+CX14+DA14+DD14+DG14+DJ14+DM14+DP14 | DT14: =CJ14+CM14+CP14+CS14+CV14+CY14+DB14+DE14+DH14+DK14+DN14+DQ14 | DU14: =CK14+CN14+CQ14+CT14+CW14+CZ14+DC14+DF14+DI14+DL14+DO14+DR14
G15: =F15*$C15 | J15: =I15*$C15 | M15: =L15*$C15 | P15: =O15*$C15 | S15: =R15*$C15 | V15: =U15*$C15 | Y15: =X15*$C15 | AB15: =AA15*$C15 | AE15: =AD15*$C15 | AH15: =AG15*$C15 | AK15: =AJ15*$C15 | AN15: =AM15*$C15 | AO15: =E15+H15+K15+N15+Q15+T15+W15+Z15+AC15+AF15+AI15+AL15 | AP15: =F15+I15+L15+O15+R15+U15+X15+AA15+AD15+AG15+AJ15+AM15 | AQ15: =G15+J15+M15+P15+S15+V15+Y15+AB15+AE15+AH15+AK15+AN15 | AR15: =+AP15/12 | AS15: =+AQ15/12 | AY15: =AX15*$C15 | BB15: =BA15*$C15 | BE15: =BD15*$C15 | BH15: =BG15*$C15 | BK15: =BJ15*$C15 | BN15: =BM15*C15 | BQ15: =BP15*C15 | BT15: =BS15*C15 | BW15: =BV15*C15 | BZ15: =BY15*C15 | CC15: =CB15*C15 | CD15: =AT15+AW15+AZ15+BC15+BF15+BI15+BL15+BO15+BR15+BU15+BX15+CA15 | CE15: =AU15+AX15+BA15+BD15+BG15+BJ15+BM15+BP15+BS15+BV15+BY15+CB15 | CF15: =AV15+AY15+BB15+BE15+BH15+BK15+BN15+BQ15+BT15+BW15+BZ15+CC15 | CG15: =+CE15/12 | CH15: =+CF15/12 | CK15: =CJ15*C15 | CN15: =CM15*C15 | DS15: =CI15+CL15+CO15+CR15+CU15+CX15+DA15+DD15+DG15+DJ15+DM15+DP15 | DT15: =CJ15+CM15+CP15+CS15+CV15+CY15+DB15+DE15+DH15+DK15+DN15+DQ15 | DU15: =CK15+CN15+CQ15+CT15+CW15+CZ15+DC15+DF15+DI15+DL15+DO15+DR15
A16: 11 | B16: Kaung Kyi (1 Liter)_25% | C16: 1 | D16: 1 * 12 | G16: =F16*$C16 | H16: 15 | I16: 180 | J16: =I16*$C16 | K16: 33 | L16: 396 | M16: =L16*$C16 | N16: 20 | O16: 240 | P16: =O16*$C16 | Q16: 67 | R16: 804 | S16: =R16*$C16 | T16: 20 | U16: 240 | V16: =U16*$C16 | Y16: =X16*$C16 | Z16: 50 | AA16: 600 | AB16: =AA16*$C16 | AC16: 20 | AD16: 240 | AE16: =AD16*$C16 | AH16: =AG16*$C16 | AI16: 15 | AJ16: 180 | AK16: =AJ16*$C16 | AL16: 95 | AM16: 1140 | AN16: =AM16*$C16 | AO16: =E16+H16+K16+N16+Q16+T16+W16+Z16+AC16+AF16+AI16+AL16 | AP16: =F16+I16+L16+O16+R16+U16+X16+AA16+AD16+AG16+AJ16+AM16 | AQ16: =G16+J16+M16+P16+S16+V16+Y16+AB16+AE16+AH16+AK16+AN16 | AR16: =+AP16/12 | AS16: =+AQ16/12 | AT16: 119 | AU16: 1428 | AV16: 1428 | AW16: 72 | AX16: 864 | AY16: 864 | AZ16: 90 | BA16: 1080 | BB16: =BA16*$C16 | BC16: 72 | BD16: 864 | BE16: =BD16*$C16 | BF16: 25 | BG16: 300 | BH16: =BG16*$C16 | BI16: 74 | BJ16: 888 | BK16: =BJ16*$C16 | BL16: 53 | BM16: 636 | BN16: =BM16*C16 | BO16: 40 | BP16: 480 | BQ16: =BP16*C16 | BR16: 44 | BS16: 528 | BT16: =BS16*C16 | BU16: 44 | BV16: 528 | BW16: =BV16*C16 | BX16: 43 | BY16: 516 | BZ16: =BY16*C16 | CA16: 38 | CB16: 456 | CC16: =CB16*C16 | CD16: =AT16+AW16+AZ16+BC16+BF16+BI16+BL16+BO16+BR16+BU16+BX16+CA16 | CE16: =AU16+AX16+BA16+BD16+BG16+BJ16+BM16+BP16+BS16+BV16+BY16+CB16 | CF16: =AV16+AY16+BB16+BE16+BH16+BK16+BN16+BQ16+BT16+BW16+BZ16+CC16 | CG16: =+CE16/12 | CH16: =+CF16/12 | CI16: 54 | CJ16: 648 | CK16: =CJ16*C16 | CL16: 80 | CM16: 960 | CN16: =CM16*C16 | DS16: =CI16+CL16+CO16+CR16+CU16+CX16+DA16+DD16+DG16+DJ16+DM16+DP16 | DT16: =CJ16+CM16+CP16+CS16+CV16+CY16+DB16+DE16+DH16+DK16+DN16+DQ16 | DU16: =CK16+CN16+CQ16+CT16+CW16+CZ16+DC16+DF16+DI16+DL16+DO16+DR16
A17: 12 | B17: Kaung Kyi (1 Liter)_40% | C17: 1 | D17: 1 * 12 | G17: =F17*$C17 | J17: =I17*$C17 | M17: =L17*$C17 | P17: =O17*$C17 | S17: =R17*$C17 | V17: =U17*$C17 | Y17: =X17*$C17 | AB17: =AA17*$C17 | AE17: =AD17*$C17 | AH17: =AG17*$C17 | AK17: =AJ17*$C17 | AN17: =AM17*$C17 | AO17: =E17+H17+K17+N17+Q17+T17+W17+Z17+AC17+AF17+AI17+AL17 | AP17: =F17+I17+L17+O17+R17+U17+X17+AA17+AD17+AG17+AJ17+AM17 | AQ17: =G17+J17+M17+P17+S17+V17+Y17+AB17+AE17+AH17+AK17+AN17 | AR17: =+AP17/12 | AS17: =+AQ17/12 | AY17: =AX17*$C17 | BB17: =BA17*$C17 | BE17: =BD17*$C17 | BH17: =BG17*$C17 | BK17: =BJ17*$C17 | BN17: =BM17*C17 | BQ17: =BP17*C17 | BT17: =BS17*C17 | BW17: =BV17*C17 | BZ17: =BY17*C17 | CC17: =CB17*C17 | CD17: =AT17+AW17+AZ17+BC17+BF17+BI17+BL17+BO17+BR17+BU17+BX17+CA17 | CE17: =AU17+AX17+BA17+BD17+BG17+BJ17+BM17+BP17+BS17+BV17+BY17+CB17 | CF17: =AV17+AY17+BB17+BE17+BH17+BK17+BN17+BQ17+BT17+BW17+BZ17+CC17 | CG17: =+CE17/12 | CH17: =+CF17/12 | CK17: =CJ17*C17 | CN17: =CM17*C17 | DS17: =CI17+CL17+CO17+CR17+CU17+CX17+DA17+DD17+DG17+DJ17+DM17+DP17 | DT17: =CJ17+CM17+CP17+CS17+CV17+CY17+DB17+DE17+DH17+DK17+DN17+DQ17 | DU17: =CK17+CN17+CQ17+CT17+CW17+CZ17+DC17+DF17+DI17+DL17+DO17+DR17
A18: 13 | B18: Kaung Kyi (0.6 Liter)_25% | C18: 0.6 | D18: 1 * 12 | G18: =F18*$C18 | J18: =I18*$C18 | M18: =L18*$C18 | P18: =O18*$C18 | S18: =R18*$C18 | V18: =U18*$C18 | Y18: =X18*$C18 | AB18: =AA18*$C18 | AE18: =AD18*$C18 | AH18: =AG18*$C18 | AK18: =AJ18*$C18 | AN18: =AM18*$C18 | AO18: =E18+H18+K18+N18+Q18+T18+W18+Z18+AC18+AF18+AI18+AL18 | AP18: =F18+I18+L18+O18+R18+U18+X18+AA18+AD18+AG18+AJ18+AM18 | AQ18: =G18+J18+M18+P18+S18+V18+Y18+AB18+AE18+AH18+AK18+AN18 | AR18: =+AP18/12 | AS18: =+AQ18/12 | AY18: =AX18*$C18 | BB18: =BA18*$C18 | BE18: =BD18*$C18 | BH18: =BG18*$C18 | BK18: =BJ18*$C18 | BN18: =BM18*C18 | BQ18: =BP18*C18 | BT18: =BS18*C18 | BW18: =BV18*C18 | BX18: 3 | BY18: 36 | BZ18: =BY18*C18 | CC18: =CB18*C18 | CD18: =AT18+AW18+AZ18+BC18+BF18+BI18+BL18+BO18+BR18+BU18+BX18+CA18 | CE18: =AU18+AX18+BA18+BD18+BG18+BJ18+BM18+BP18+BS18+BV18+BY18+CB18 | CF18: =AV18+AY18+BB18+BE18+BH18+BK18+BN18+BQ18+BT18+BW18+BZ18+CC18 | CG18: =+CE18/12 | CH18: =+CF18/12 | CK18: =CJ18*C18 | CN18: =CM18*C18 | DS18: =CI18+CL18+CO18+CR18+CU18+CX18+DA18+DD18+DG18+DJ18+DM18+DP18 | DT18: =CJ18+CM18+CP18+CS18+CV18+CY18+DB18+DE18+DH18+DK18+DN18+DQ18 | DU18: =CK18+CN18+CQ18+CT18+CW18+CZ18+DC18+DF18+DI18+DL18+DO18+DR18
A19: 14 | B19: Kaung Kyi (0.6 Liter)_40% | C19: 0.6 | D19: 1 * 12 | G19: =F19*$C19 | J19: =I19*$C19 | M19: =L19*$C19 | P19: =O19*$C19 | S19: =R19*$C19 | V19: =U19*$C19 | Y19: =X19*$C19 | AB19: =AA19*$C19 | AE19: =AD19*$C19 | AH19: =AG19*$C19 | AK19: =AJ19*$C19 | AN19: =AM19*$C19 | AO19: =E19+H19+K19+N19+Q19+T19+W19+Z19+AC19+AF19+AI19+AL19 | AP19: =F19+I19+L19+O19+R19+U19+X19+AA19+AD19+AG19+AJ19+AM19 | AQ19: =G19+J19+M19+P19+S19+V19+Y19+AB19+AE19+AH19+AK19+AN19 | AR19: =+AP19/12 | AS19: =+AQ19/12 | AY19: =AX19*$C19 | BB19: =BA19*$C19 | BE19: =BD19*$C19 | BH19: =BG19*$C19 | BK19: =BJ19*$C19 | BN19: =BM19*C19 | BQ19: =BP19*C19 | BT19: =BS19*C19 | BW19: =BV19*C19 | BZ19: =BY19*C19 | CC19: =CB19*C19 | CD19: =AT19+AW19+AZ19+BC19+BF19+BI19+BL19+BO19+BR19+BU19+BX19+CA19 | CE19: =AU19+AX19+BA19+BD19+BG19+BJ19+BM19+BP19+BS19+BV19+BY19+CB19 | CF19: =AV19+AY19+BB19+BE19+BH19+BK19+BN19+BQ19+BT19+BW19+BZ19+CC19 | CG19: =+CE19/12 | CH19: =+CF19/12 | CK19: =CJ19*C19 | CN19: =CM19*C19 | DS19: =CI19+CL19+CO19+CR19+CU19+CX19+DA19+DD19+DG19+DJ19+DM19+DP19 | DT19: =CJ19+CM19+CP19+CS19+CV19+CY19+DB19+DE19+DH19+DK19+DN19+DQ19 | DU19: =CK19+CN19+CQ19+CT19+CW19+CZ19+DC19+DF19+DI19+DL19+DO19+DR19
A20: 15 | B20: Kaung Kyi (0.35 Liter)_25% | C20: 0.35 | D20: 1 * 40 | G20: =F20*$C20 | J20: =I20*$C20 | M20: =L20*$C20 | P20: =O20*$C20 | S20: =R20*$C20 | V20: =U20*$C20 | Y20: =X20*$C20 | AB20: =AA20*$C20 | AE20: =AD20*$C20 | AH20: =AG20*$C20 | AK20: =AJ20*$C20 | AN20: =AM20*$C20 | AO20: =E20+H20+K20+N20+Q20+T20+W20+Z20+AC20+AF20+AI20+AL20 | AP20: =F20+I20+L20+O20+R20+U20+X20+AA20+AD20+AG20+AJ20+AM20 | AQ20: =G20+J20+M20+P20+S20+V20+Y20+AB20+AE20+AH20+AK20+AN20 | AR20: =+AP20/12 | AS20: =+AQ20/12 | AY20: =AX20*$C20 | BB20: =BA20*$C20 | BE20: =BD20*$C20 | BH20: =BG20*$C20 | BK20: =BJ20*$C20 | BN20: =BM20*C20 | BQ20: =BP20*C20 | BT20: =BS20*C20 | BW20: =BV20*C20 | BZ20: =BY20*C20 | CC20: =CB20*C20 | CD20: =AT20+AW20+AZ20+BC20+BF20+BI20+BL20+BO20+BR20+BU20+BX20+CA20 | CE20: =AU20+AX20+BA20+BD20+BG20+BJ20+BM20+BP20+BS20+BV20+BY20+CB20 | CF20: =AV20+AY20+BB20+BE20+BH20+BK20+BN20+BQ20+BT20+BW20+BZ20+CC20 | CG20: =+CE20/12 | CH20: =+CF20/12 | CK20: =CJ20*C20 | CN20: =CM20*C20 | DS20: =CI20+CL20+CO20+CR20+CU20+CX20+DA20+DD20+DG20+DJ20+DM20+DP20 | DT20: =CJ20+CM20+CP20+CS20+CV20+CY20+DB20+DE20+DH20+DK20+DN20+DQ20 | DU20: =CK20+CN20+CQ20+CT20+CW20+CZ20+DC20+DF20+DI20+DL20+DO20+DR20
A21: 16 | B21: Kaung Kyi ( 0.35 Liter) - 40% | C21: 0.35 | D21: 1 * 40 | G21: =F21*$C21 | J21: =I21*$C21 | M21: =L21*$C21 | P21: =O21*$C21 | S21: =R21*$C21 | V21: =U21*$C21 | Y21: =X21*$C21 | AB21: =AA21*$C21 | AE21: =AD21*$C21 | AH21: =AG21*$C21 | AK21: =AJ21*$C21 | AN21: =AM21*$C21 | AO21: =E21+H21+K21+N21+Q21+T21+W21+Z21+AC21+AF21+AI21+AL21 | AP21: =F21+I21+L21+O21+R21+U21+X21+AA21+AD21+AG21+AJ21+AM21 | AQ21: =G21+J21+M21+P21+S21+V21+Y21+AB21+AE21+AH21+AK21+AN21 | AR21: =+AP21/12 | AS21: =+AQ21/12 | AY21: =AX21*$C21 | BB21: =BA21*$C21 | BE21: =BD21*$C21 | BH21: =BG21*$C21 | BK21: =BJ21*$C21 | BN21: =BM21*C21 | BQ21: =BP21*C21 | BT21: =BS21*C21 | BW21: =BV21*C21 | BZ21: =BY21*C21 | CC21: =CB21*C21 | CD21: =AT21+AW21+AZ21+BC21+BF21+BI21+BL21+BO21+BR21+BU21+BX21+CA21 | CE21: =AU21+AX21+BA21+BD21+BG21+BJ21+BM21+BP21+BS21+BV21+BY21+CB21 | CF21: =AV21+AY21+BB21+BE21+BH21+BK21+BN21+BQ21+BT21+BW21+BZ21+CC21 | CG21: =+CE21/12 | CH21: =+CF21/12 | CK21: =CJ21*C21 | CN21: =CM21*C21 | DS21: =CI21+CL21+CO21+CR21+CU21+CX21+DA21+DD21+DG21+DJ21+DM21+DP21 | DT21: =CJ21+CM21+CP21+CS21+CV21+CY21+DB21+DE21+DH21+DK21+DN21+DQ21 | DU21: =CK21+CN21+CQ21+CT21+CW21+CZ21+DC21+DF21+DI21+DL21+DO21+DR21
A22: 17 | B22: Kaung Kyi | C22: 0.64 | D22: 1 * 14 | E22: 10 | F22: 140 | G22: =F22*$C22 | H22: 63 | I22: 882 | J22: =I22*$C22 | K22: 68 | L22: 952 | M22: =L22*$C22 | N22: 98 | O22: 1372 | P22: =O22*$C22 | Q22: 126 | R22: 1764 | S22: =R22*$C22 | T22: 140 | U22: 1960 | V22: =U22*$C22 | W22: 60 | X22: 840 | Y22: =X22*$C22 | Z22: 60 | AA22: 840 | AB22: =AA22*$C22 | AC22: 99 | AD22: 1386 | AE22: =AD22*$C22 | AF22: 60 | AG22: 840 | AH22: =AG22*$C22 | AI22: 90 | AJ22: 1260 | AK22: =AJ22*$C22 | AL22: 54 | AM22: 756 | AN22: =AM22*$C22 | AO22: =E22+H22+K22+N22+Q22+T22+W22+Z22+AC22+AF22+AI22+AL22 | AP22: =F22+I22+L22+O22+R22+U22+X22+AA22+AD22+AG22+AJ22+AM22 | AQ22: =G22+J22+M22+P22+S22+V22+Y22+AB22+AE22+AH22+AK22+AN22 | AR22: =+AP22/12 | AS22: =+AQ22/12 | AT22: 54 | AU22: 767 | AV22: 490.88 | AW22: 52 | AX22: 728 | AY22: 465.92 | AZ22: 64 | BA22: 896 | BB22: =BA22*$C22 | BC22: 39 | BD22: 546 | BE22: =BD22*$C22 | BF22: 27 | BG22: 378 | BH22: =BG22*$C22 | BI22: 46 | BJ22: 644 | BK22: =BJ22*$C22 | BL22: 25 | BM22: 350 | BN22: =BM22*C22 | BO22: 67 | BP22: 938 | BQ22: =BP22*C22 | BR22: 51 | BS22: 714 | BT22: =BS22*C22 | BU22: 40 | BV22: 560 | BW22: =BV22*C22 | BX22: 70 | BY22: 980 | BZ22: =BY22*C22 | CA22: 22 | CB22: 308 | CC22: =CB22*C22 | CD22: =AT22+AW22+AZ22+BC22+BF22+BI22+BL22+BO22+BR22+BU22+BX22+CA22 | CE22: =AU22+AX22+BA22+BD22+BG22+BJ22+BM22+BP22+BS22+BV22+BY22+CB22 | CF22: =AV22+AY22+BB22+BE22+BH22+BK22+BN22+BQ22+BT22+BW22+BZ22+CC22 | CG22: =+CE22/12 | CH22: =+CF22/12 | CI22: 40 | CJ22: 560 | CK22: =CJ22*C22 | CL22: 31 | CM22: 434 | CN22: =CM22*C22 | DS22: =CI22+CL22+CO22+CR22+CU22+CX22+DA22+DD22+DG22+DJ22+DM22+DP22 | DT22: =CJ22+CM22+CP22+CS22+CV22+CY22+DB22+DE22+DH22+DK22+DN22+DQ22 | DU22: =CK22+CN22+CQ22+CT22+CW22+CZ22+DC22+DF22+DI22+DL22+DO22+DR22
A23: 18 | B23: Kaung Kyi (40%) | C23: 0.64 | D23: 1 * 14 | G23: =F23*$C23 | J23: =I23*$C23 | M23: =L23*$C23 | P23: =O23*$C23 | S23: =R23*$C23 | V23: =U23*$C23 | Y23: =X23*$C23 | AB23: =AA23*$C23 | AE23: =AD23*$C23 | AH23: =AG23*$C23 | AK23: =AJ23*$C23 | AN23: =AM23*$C23 | AO23: =E23+H23+K23+N23+Q23+T23+W23+Z23+AC23+AF23+AI23+AL23 | AP23: =F23+I23+L23+O23+R23+U23+X23+AA23+AD23+AG23+AJ23+AM23 | AQ23: =G23+J23+M23+P23+S23+V23+Y23+AB23+AE23+AH23+AK23+AN23 | AR23: =+AP23/12 | AS23: =+AQ23/12 | AY23: =AX23*$C23 | BB23: =BA23*$C23 | BE23: =BD23*$C23 | BH23: =BG23*$C23 | BK23: =BJ23*$C23 | BN23: =BM23*C23 | BQ23: =BP23*C23 | BT23: =BS23*C23 | BW23: =BV23*C23 | BZ23: =BY23*C23 | CC23: =CB23*C23 | CD23: =AT23+AW23+AZ23+BC23+BF23+BI23+BL23+BO23+BR23+BU23+BX23+CA23 | CE23: =AU23+AX23+BA23+BD23+BG23+BJ23+BM23+BP23+BS23+BV23+BY23+CB23 | CF23: =AV23+AY23+BB23+BE23+BH23+BK23+BN23+BQ23+BT23+BW23+BZ23+CC23 | CG23: =+CE23/12 | CH23: =+CF23/12 | CK23: =CJ23*C23 | CN23: =CM23*C23 | DS23: =CI23+CL23+CO23+CR23+CU23+CX23+DA23+DD23+DG23+DJ23+DM23+DP23 | DT23: =CJ23+CM23+CP23+CS23+CV23+CY23+DB23+DE23+DH23+DK23+DN23+DQ23 | DU23: =CK23+CN23+CQ23+CT23+CW23+CZ23+DC23+DF23+DI23+DL23+DO23+DR23
A24: 19 | B24: Kaung Kyi (46%) | C24: 0.64 | D24: 1 * 14 | G24: =F24*$C24 | J24: =I24*$C24 | M24: =L24*$C24 | P24: =O24*$C24 | S24: =R24*$C24 | V24: =U24*$C24 | Y24: =X24*$C24 | AB24: =AA24*$C24 | AE24: =AD24*$C24 | AH24: =AG24*$C24 | AK24: =AJ24*$C24 | AN24: =AM24*$C24 | AO24: =E24+H24+K24+N24+Q24+T24+W24+Z24+AC24+AF24+AI24+AL24 | AP24: =F24+I24+L24+O24+R24+U24+X24+AA24+AD24+AG24+AJ24+AM24 | AQ24: =G24+J24+M24+P24+S24+V24+Y24+AB24+AE24+AH24+AK24+AN24 | AR24: =+AP24/12 | AS24: =+AQ24/12 | AY24: =AX24*$C24 | BB24: =BA24*$C24 | BE24: =BD24*$C24 | BH24: =BG24*$C24 | BK24: =BJ24*$C24 | BN24: =BM24*C24 | BQ24: =BP24*C24 | BT24: =BS24*C24 | BW24: =BV24*C24 | BZ24: =BY24*C24 | CC24: =CB24*C24 | CD24: =AT24+AW24+AZ24+BC24+BF24+BI24+BL24+BO24+BR24+BU24+BX24+CA24 | CE24: =AU24+AX24+BA24+BD24+BG24+BJ24+BM24+BP24+BS24+BV24+BY24+CB24 | CF24: =AV24+AY24+BB24+BE24+BH24+BK24+BN24+BQ24+BT24+BW24+BZ24+CC24 | CG24: =+CE24/12 | CH24: =+CF24/12 | CK24: =CJ24*C24 | CN24: =CM24*C24 | DS24: =CI24+CL24+CO24+CR24+CU24+CX24+DA24+DD24+DG24+DJ24+DM24+DP24 | DT24: =CJ24+CM24+CP24+CS24+CV24+CY24+DB24+DE24+DH24+DK24+DN24+DQ24 | DU24: =CK24+CN24+CQ24+CT24+CW24+CZ24+DC24+DF24+DI24+DL24+DO24+DR24
G25: =F25*$C25 | J25: =I25*$C25 | M25: =L25*$C25 | P25: =O25*$C25 | S25: =R25*$C25 | V25: =U25*$C25 | Y25: =X25*$C25 | AB25: =AA25*$C25 | AE25: =AD25*$C25 | AH25: =AG25*$C25 | AK25: =AJ25*$C25 | AN25: =AM25*$C25 | AO25: =E25+H25+K25+N25+Q25+T25+W25+Z25+AC25+AF25+AI25+AL25 | AP25: =F25+I25+L25+O25+R25+U25+X25+AA25+AD25+AG25+AJ25+AM25 | AQ25: =G25+J25+M25+P25+S25+V25+Y25+AB25+AE25+AH25+AK25+AN25 | AR25: =+AP25/12 | AS25: =+AQ25/12 | AY25: =AX25*$C25 | BB25: =BA25*$C25 | BE25: =BD25*$C25 | BH25: =BG25*$C25 | BK25: =BJ25*$C25 | BN25: =BM25*C25 | BQ25: =BP25*C25 | BT25: =BS25*C25 | BW25: =BV25*C25 | BZ25: =BY25*C25 | CC25: =CB25*C25 | CD25: =AT25+AW25+AZ25+BC25+BF25+BI25+BL25+BO25+BR25+BU25+BX25+CA25 | CE25: =AU25+AX25+BA25+BD25+BG25+BJ25+BM25+BP25+BS25+BV25+BY25+CB25 | CF25: =AV25+AY25+BB25+BE25+BH25+BK25+BN25+BQ25+BT25+BW25+BZ25+CC25 | CG25: =+CE25/12 | CH25: =+CF25/12 | CK25: =CJ25*C25 | CN25: =CM25*C25 | DS25: =CI25+CL25+CO25+CR25+CU25+CX25+DA25+DD25+DG25+DJ25+DM25+DP25 | DT25: =CJ25+CM25+CP25+CS25+CV25+CY25+DB25+DE25+DH25+DK25+DN25+DQ25 | DU25: =CK25+CN25+CQ25+CT25+CW25+CZ25+DC25+DF25+DI25+DL25+DO25+DR25
A26: 20 | B26: မိုးနဲကွန်ကီကော်ဘူး(1 Liter) | C26: 1 | D26: 1 * 12 | G26: =F26*$C26 | J26: =I26*$C26 | M26: =L26*$C26 | P26: =O26*$C26 | S26: =R26*$C26 | V26: =U26*$C26 | Y26: =X26*$C26 | AB26: =AA26*$C26 | AE26: =AD26*$C26 | AH26: =AG26*$C26 | AK26: =AJ26*$C26 | AN26: =AM26*$C26 | AO26: =E26+H26+K26+N26+Q26+T26+W26+Z26+AC26+AF26+AI26+AL26 | AP26: =F26+I26+L26+O26+R26+U26+X26+AA26+AD26+AG26+AJ26+AM26 | AQ26: =G26+J26+M26+P26+S26+V26+Y26+AB26+AE26+AH26+AK26+AN26 | AR26: =+AP26/12 | AS26: =+AQ26/12 | AY26: =AX26*$C26 | AZ26: 8 | BA26: 96 | BB26: =BA26*$C26 | BC26: 12 | BD26: 144 | BE26: =BD26*$C26 | BF26: 5 | BG26: 60 | BH26: =BG26*$C26 | BK26: =BJ26*$C26 | BN26: =BM26*C26 | BQ26: =BP26*C26 | BT26: =BS26*C26 | BW26: =BV26*C26 | BZ26: =BY26*C26 | CC26: =CB26*C26 | CD26: =AT26+AW26+AZ26+BC26+BF26+BI26+BL26+BO26+BR26+BU26+BX26+CA26 | CE26: =AU26+AX26+BA26+BD26+BG26+BJ26+BM26+BP26+BS26+BV26+BY26+CB26 | CF26: =AV26+AY26+BB26+BE26+BH26+BK26+BN26+BQ26+BT26+BW26+BZ26+CC26 | CG26: =+CE26/12 | CH26: =+CF26/12 | CK26: =CJ26*C26 | CN26: =CM26*C26 | DS26: =CI26+CL26+CO26+CR26+CU26+CX26+DA26+DD26+DG26+DJ26+DM26+DP26 | DT26: =CJ26+CM26+CP26+CS26+CV26+CY26+DB26+DE26+DH26+DK26+DN26+DQ26 | DU26: =CK26+CN26+CQ26+CT26+CW26+CZ26+DC26+DF26+DI26+DL26+DO26+DR26
A27: 21 | B27: မိုးနဲကွန်ကီကော်ဘူး(0.6 Liter) | C27: 0.6 | D27: 1 * 12 | G27: =F27*$C27 | M27: =L27*$C27 | P27: =O27*$C27 | S27: =R27*$C27 | V27: =U27*$C27 | Y27: =X27*$C27 | AB27: =AA27*$C27 | AE27: =AD27*$C27 | AH27: =AG27*$C27 | AK27: =AJ27*$C27 | AN27: =AM27*$C27 | AO27: =E27+H27+K27+N27+Q27+T27+W27+Z27+AC27+AF27+AI27+AL27 | AP27: =F27+I27+L27+O27+R27+U27+X27+AA27+AD27+AG27+AJ27+AM27 | AQ27: =G27+J27+M27+P27+S27+V27+Y27+AB27+AE27+AH27+AK27+AN27 | AR27: =+AP27/12 | AS27: =+AQ27/12 | AY27: =AX27*$C27 | BB27: =BA27*$C27 | BE27: =BD27*$C27 | BH27: =BG27*$C27 | BK27: =BJ27*$C27 | BN27: =BM27*C27 | BQ27: =BP27*C27 | BT27: =BS27*C27 | BW27: =BV27*C27 | BZ27: =BY27*C27 | CC27: =CB27*C27 | CD27: =AT27+AW27+AZ27+BC27+BF27+BI27+BL27+BO27+BR27+BU27+BX27+CA27 | CE27: =AU27+AX27+BA27+BD27+BG27+BJ27+BM27+BP27+BS27+BV27+BY27+CB27 | CF27: =AV27+AY27+BB27+BE27+BH27+BK27+BN27+BQ27+BT27+BW27+BZ27+CC27 | CG27: =+CE27/12 | CH27: =+CF27/12 | CK27: =CJ27*C27 | CN27: =CM27*C27 | DS27: =CI27+CL27+CO27+CR27+CU27+CX27+DA27+DD27+DG27+DJ27+DM27+DP27 | DT27: =CJ27+CM27+CP27+CS27+CV27+CY27+DB27+DE27+DH27+DK27+DN27+DQ27 | DU27: =CK27+CN27+CQ27+CT27+CW27+CZ27+DC27+DF27+DI27+DL27+DO27+DR27
A28: 22 | B28: Moe Nae Kon Ki | C28: 0.64 | D28: 1 * 14 | E28: 95 | F28: 1330 | G28: =F28*$C28 | H28: 214 | I28: 2996 | J28: =I28*$C28 | K28: 195 | L28: 2730 | M28: =L28*$C28 | N28: 158 | O28: 2212 | P28: =O28*$C28 | Q28: 184 | R28: 2576 | S28: =R28*$C28 | T28: 180 | U28: 2520 | V28: =U28*$C28 | W28: 252 | X28: 3528 | Y28: =X28*$C28 | Z28: 120 | AA28: 1680 | AB28: =AA28*$C28 | AC28: 198 | AD28: 2772 | AE28: =AD28*$C28 | AF28: 112 | AG28: 1568 | AH28: =AG28*$C28 | AI28: 69 | AJ28: 966 | AK28: =AJ28*$C28 | AL28: 113 | AM28: 1582 | AN28: =AM28*$C28 | AO28: =E28+H28+K28+N28+Q28+T28+W28+Z28+AC28+AF28+AI28+AL28 | AP28: =F28+I28+L28+O28+R28+U28+X28+AA28+AD28+AG28+AJ28+AM28 | AQ28: =G28+J28+M28+P28+S28+V28+Y28+AB28+AE28+AH28+AK28+AN28 | AR28: =+AP28/12 | AS28: =+AQ28/12 | AT28: 106 | AU28: 1484 | AV28: 949.76 | AW28: 69 | AX28: 966 | AY28: 618.24 | AZ28: 34 | BA28: 476 | BB28: =BA28*$C28 | BC28: 52 | BD28: 728 | BE28: =BD28*$C28 | BF28: 82 | BG28: 1148 | BH28: =BG28*$C28 | BI28: 132 | BJ28: 1848 | BK28: =BJ28*$C28 | BL28: 81 | BM28: 1134 | BN28: =BM28*C28 | BO28: 74 | BP28: 1036 | BQ28: =BP28*C28 | BR28: 59 | BS28: 839 | BT28: =BS28*C28 | BU28: 53 | BV28: 742 | BW28: =BV28*C28 | BX28: 55 | BY28: 770 | BZ28: =BY28*C28 | CA28: 42 | CB28: 588 | CC28: =CB28*C28 | CD28: =AT28+AW28+AZ28+BC28+BF28+BI28+BL28+BO28+BR28+BU28+BX28+CA28 | CE28: =AU28+AX28+BA28+BD28+BG28+BJ28+BM28+BP28+BS28+BV28+BY28+CB28 | CF28: =AV28+AY28+BB28+BE28+BH28+BK28+BN28+BQ28+BT28+BW28+BZ28+CC28 | CG28: =+CE28/12 | CH28: =+CF28/12 | CI28: 65 | CJ28: 910 | CK28: =CJ28*C28 | CL28: 59 | CM28: 826 | CN28: =CM28*C28 | DS28: =CI28+CL28+CO28+CR28+CU28+CX28+DA28+DD28+DG28+DJ28+DM28+DP28 | DT28: =CJ28+CM28+CP28+CS28+CV28+CY28+DB28+DE28+DH28+DK28+DN28+DQ28 | DU28: =CK28+CN28+CQ28+CT28+CW28+CZ28+DC28+DF28+DI28+DL28+DO28+DR28
A29: 23 | B29: ‌မျောက်ရှယ် | C29: 0.64 | D29: 1 * 14 | G29: =F29*$C29 | J29: =I29*$C29 | M29: =L29*$C29 | P29: =O29*$C29 | S29: =R29*$C29 | V29: =U29*$C29 | Y29: =X29*$C29 | AB29: =AA29*$C29 | AE29: =AD29*$C29 | AH29: =AG29*$C29 | AK29: =AJ29*$C29 | AN29: =AM29*$C29 | AO29: =E29+H29+K29+N29+Q29+T29+W29+Z29+AC29+AF29+AI29+AL29 | AP29: =F29+I29+L29+O29+R29+U29+X29+AA29+AD29+AG29+AJ29+AM29 | AQ29: =G29+J29+M29+P29+S29+V29+Y29+AB29+AE29+AH29+AK29+AN29 | AR29: =+AP29/12 | AS29: =+AQ29/12 | AY29: =AX29*$C29 | BB29: =BA29*$C29 | BE29: =BD29*$C29 | BH29: =BG29*$C29 | BK29: =BJ29*$C29 | BN29: =BM29*C29 | BQ29: =BP29*C29 | BT29: =BS29*C29 | BW29: =BV29*C29 | BZ29: =BY29*C29 | CC29: =CB29*C29 | CD29: =AT29+AW29+AZ29+BC29+BF29+BI29+BL29+BO29+BR29+BU29+BX29+CA29 | CE29: =AU29+AX29+BA29+BD29+BG29+BJ29+BM29+BP29+BS29+BV29+BY29+CB29 | CF29: =AV29+AY29+BB29+BE29+BH29+BK29+BN29+BQ29+BT29+BW29+BZ29+CC29 | CG29: =+CE29/12 | CH29: =+CF29/12 | CK29: =CJ29*C29 | CN29: =CM29*C29 | DS29: =CI29+CL29+CO29+CR29+CU29+CX29+DA29+DD29+DG29+DJ29+DM29+DP29 | DT29: =CJ29+CM29+CP29+CS29+CV29+CY29+DB29+DE29+DH29+DK29+DN29+DQ29 | DU29: =CK29+CN29+CQ29+CT29+CW29+CZ29+DC29+DF29+DI29+DL29+DO29+DR29
G30: =F30*$C30 | J30: =I30*$C30 | M30: =L30*$C30 | P30: =O30*$C30 | S30: =R30*$C30 | V30: =U30*$C30 | Y30: =X30*$C30 | AB30: =AA30*$C30 | AE30: =AD30*$C30 | AH30: =AG30*$C30 | AK30: =AJ30*$C30 | AN30: =AM30*$C30 | AO30: =E30+H30+K30+N30+Q30+T30+W30+Z30+AC30+AF30+AI30+AL30 | AP30: =F30+I30+L30+O30+R30+U30+X30+AA30+AD30+AG30+AJ30+AM30 | AQ30: =G30+J30+M30+P30+S30+V30+Y30+AB30+AE30+AH30+AK30+AN30 | AR30: =+AP30/12 | AS30: =+AQ30/12 | AY30: =AX30*$C30 | BB30: =BA30*$C30 | BE30: =BD30*$C30 | BH30: =BG30*$C30 | BK30: =BJ30*$C30 | BN30: =BM30*C30 | BQ30: =BP30*C30 | BT30: =BS30*C30 | BW30: =BV30*C30 | BZ30: =BY30*C30 | CC30: =CB30*C30 | CD30: =AT30+AW30+AZ30+BC30+BF30+BI30+BL30+BO30+BR30+BU30+BX30+CA30 | CE30: =AU30+AX30+BA30+BD30+BG30+BJ30+BM30+BP30+BS30+BV30+BY30+CB30 | CF30: =AV30+AY30+BB30+BE30+BH30+BK30+BN30+BQ30+BT30+BW30+BZ30+CC30 | CG30: =+CE30/12 | CH30: =+CF30/12 | CK30: =CJ30*C30 | CN30: =CM30*C30 | DS30: =CI30+CL30+CO30+CR30+CU30+CX30+DA30+DD30+DG30+DJ30+DM30+DP30 | DT30: =CJ30+CM30+CP30+CS30+CV30+CY30+DB30+DE30+DH30+DK30+DN30+DQ30 | DU30: =CK30+CN30+CQ30+CT30+CW30+CZ30+DC30+DF30+DI30+DL30+DO30+DR30
A31: 24 | B31: Zayawaddy Red(1 Liter)30% | C31: 1 | D31: 1 * 12 | G31: =F31*$C31 | J31: =I31*$C31 | M31: =L31*$C31 | P31: =O31*$C31 | S31: =R31*$C31 | V31: =U31*$C31 | Y31: =X31*$C31 | AB31: =AA31*$C31 | AE31: =AD31*$C31 | AH31: =AG31*$C31 | AK31: =AJ31*$C31 | AN31: =AM31*$C31 | AO31: =E31+H31+K31+N31+Q31+T31+W31+Z31+AC31+AF31+AI31+AL31 | AP31: =F31+I31+L31+O31+R31+U31+X31+AA31+AD31+AG31+AJ31+AM31 | AQ31: =G31+J31+M31+P31+S31+V31+Y31+AB31+AE31+AH31+AK31+AN31 | AR31: =+AP31/12 | AS31: =+AQ31/12 | AY31: =AX31*$C31 | BB31: =BA31*$C31 | BE31: =BD31*$C31 | BH31: =BG31*$C31 | BK31: =BJ31*$C31 | BN31: =BM31*C31 | BQ31: =BP31*C31 | BT31: =BS31*C31 | BW31: =BV31*C31 | BZ31: =BY31*C31 | CC31: =CB31*C31 | CD31: =AT31+AW31+AZ31+BC31+BF31+BI31+BL31+BO31+BR31+BU31+BX31+CA31 | CE31: =AU31+AX31+BA31+BD31+BG31+BJ31+BM31+BP31+BS31+BV31+BY31+CB31 | CF31: =AV31+AY31+BB31+BE31+BH31+BK31+BN31+BQ31+BT31+BW31+BZ31+CC31 | CG31: =+CE31/12 | CH31: =+CF31/12 | CK31: =CJ31*C31 | CN31: =CM31*C31 | DS31: =CI31+CL31+CO31+CR31+CU31+CX31+DA31+DD31+DG31+DJ31+DM31+DP31 | DT31: =CJ31+CM31+CP31+CS31+CV31+CY31+DB31+DE31+DH31+DK31+DN31+DQ31 | DU31: =CK31+CN31+CQ31+CT31+CW31+CZ31+DC31+DF31+DI31+DL31+DO31+DR31
A32: 25 | B32: Zayawaddy Red(1 Liter)40% | C32: 1 | D32: 1 * 12 | G32: =F32*$C32 | J32: =I32*$C32 | M32: =L32*$C32 | P32: =O32*$C32 | S32: =R32*$C32 | V32: =U32*$C32 | Y32: =X32*$C32 | AB32: =AA32*$C32 | AE32: =AD32*$C32 | AH32: =AG32*$C32 | AK32: =AJ32*$C32 | AN32: =AM32*$C32 | AO32: =E32+H32+K32+N32+Q32+T32+W32+Z32+AC32+AF32+AI32+AL32 | AP32: =F32+I32+L32+O32+R32+U32+X32+AA32+AD32+AG32+AJ32+AM32 | AQ32: =G32+J32+M32+P32+S32+V32+Y32+AB32+AE32+AH32+AK32+AN32 | AR32: =+AP32/12 | AS32: =+AQ32/12 | AY32: =AX32*$C32 | BB32: =BA32*$C32 | BE32: =BD32*$C32 | BH32: =BG32*$C32 | BK32: =BJ32*$C32 | BN32: =BM32*C32 | BQ32: =BP32*C32 | BT32: =BS32*C32 | BW32: =BV32*C32 | BZ32: =BY32*C32 | CC32: =CB32*C32 | CD32: =AT32+AW32+AZ32+BC32+BF32+BI32+BL32+BO32+BR32+BU32+BX32+CA32 | CE32: =AU32+AX32+BA32+BD32+BG32+BJ32+BM32+BP32+BS32+BV32+BY32+CB32 | CF32: =AV32+AY32+BB32+BE32+BH32+BK32+BN32+BQ32+BT32+BW32+BZ32+CC32 | CG32: =+CE32/12 | CH32: =+CF32/12 | CK32: =CJ32*C32 | CN32: =CM32*C32 | DS32: =CI32+CL32+CO32+CR32+CU32+CX32+DA32+DD32+DG32+DJ32+DM32+DP32 | DT32: =CJ32+CM32+CP32+CS32+CV32+CY32+DB32+DE32+DH32+DK32+DN32+DQ32 | DU32: =CK32+CN32+CQ32+CT32+CW32+CZ32+DC32+DF32+DI32+DL32+DO32+DR32
A33: 26 | B33: Zayawaddy Red(0.6 Liter)30% | C33: 0.6 | D33: 1 * 12 | G33: =F33*$C33 | J33: =I33*$C33 | M33: =L33*$C33 | P33: =O33*$C33 | S33: =R33*$C33 | V33: =U33*$C33 | Y33: =X33*$C33 | AB33: =AA33*$C33 | AE33: =AD33*$C33 | AH33: =AG33*$C33 | AK33: =AJ33*$C33 | AN33: =AM33*$C33 | AO33: =E33+H33+K33+N33+Q33+T33+W33+Z33+AC33+AF33+AI33+AL33 | AP33: =F33+I33+L33+O33+R33+U33+X33+AA33+AD33+AG33+AJ33+AM33 | AQ33: =G33+J33+M33+P33+S33+V33+Y33+AB33+AE33+AH33+AK33+AN33 | AR33: =+AP33/12 | AS33: =+AQ33/12 | AY33: =AX33*$C33 | BB33: =BA33*$C33 | BE33: =BD33*$C33 | BH33: =BG33*$C33 | BK33: =BJ33*$C33 | BN33: =BM33*C33 | BQ33: =BP33*C33 | BT33: =BS33*C33 | BW33: =BV33*C33 | BZ33: =BY33*C33 | CC33: =CB33*C33 | CD33: =AT33+AW33+AZ33+BC33+BF33+BI33+BL33+BO33+BR33+BU33+BX33+CA33 | CE33: =AU33+AX33+BA33+BD33+BG33+BJ33+BM33+BP33+BS33+BV33+BY33+CB33 | CF33: =AV33+AY33+BB33+BE33+BH33+BK33+BN33+BQ33+BT33+BW33+BZ33+CC33 | CG33: =+CE33/12 | CH33: =+CF33/12 | CK33: =CJ33*C33 | CN33: =CM33*C33 | DS33: =CI33+CL33+CO33+CR33+CU33+CX33+DA33+DD33+DG33+DJ33+DM33+DP33 | DT33: =CJ33+CM33+CP33+CS33+CV33+CY33+DB33+DE33+DH33+DK33+DN33+DQ33 | DU33: =CK33+CN33+CQ33+CT33+CW33+CZ33+DC33+DF33+DI33+DL33+DO33+DR33
A34: 27 | B34: Zayawaddy Red(0.6 Liter)40% | C34: 0.6 | D34: 1 * 12 | G34: =F34*$C34 | J34: =I34*$C34 | M34: =L34*$C34 | P34: =O34*$C34 | S34: =R34*$C34 | V34: =U34*$C34 | Y34: =X34*$C34 | AB34: =AA34*$C34 | AE34: =AD34*$C34 | AH34: =AG34*$C34 | AK34: =AJ34*$C34 | AN34: =AM34*$C34 | AO34: =E34+H34+K34+N34+Q34+T34+W34+Z34+AC34+AF34+AI34+AL34 | AP34: =F34+I34+L34+O34+R34+U34+X34+AA34+AD34+AG34+AJ34+AM34 | AQ34: =G34+J34+M34+P34+S34+V34+Y34+AB34+AE34+AH34+AK34+AN34 | AR34: =+AP34/12 | AS34: =+AQ34/12 | AY34: =AX34*$C34 | BB34: =BA34*$C34 | BE34: =BD34*$C34 | BH34: =BG34*$C34 | BK34: =BJ34*$C34 | BN34: =BM34*C34 | BQ34: =BP34*C34 | BT34: =BS34*C34 | BW34: =BV34*C34 | BZ34: =BY34*C34 | CC34: =CB34*C34 | CD34: =AT34+AW34+AZ34+BC34+BF34+BI34+BL34+BO34+BR34+BU34+BX34+CA34 | CE34: =AU34+AX34+BA34+BD34+BG34+BJ34+BM34+BP34+BS34+BV34+BY34+CB34 | CF34: =AV34+AY34+BB34+BE34+BH34+BK34+BN34+BQ34+BT34+BW34+BZ34+CC34 | CG34: =+CE34/12 | CH34: =+CF34/12 | CK34: =CJ34*C34 | CN34: =CM34*C34 | DS34: =CI34+CL34+CO34+CR34+CU34+CX34+DA34+DD34+DG34+DJ34+DM34+DP34 | DT34: =CJ34+CM34+CP34+CS34+CV34+CY34+DB34+DE34+DH34+DK34+DN34+DQ34 | DU34: =CK34+CN34+CQ34+CT34+CW34+CZ34+DC34+DF34+DI34+DL34+DO34+DR34
A35: 28 | B35: Zayawaddy Red(0.35 Liter)40% | C35: 0.35 | D35: 1 * 40 | G35: =F35*$C35 | J35: =I35*$C35 | M35: =L35*$C35 | P35: =O35*$C35 | S35: =R35*$C35 | V35: =U35*$C35 | Y35: =X35*$C35 | AB35: =AA35*$C35 | AE35: =AD35*$C35 | AH35: =AG35*$C35 | AK35: =AJ35*$C35 | AN35: =AM35*$C35 | AO35: =E35+H35+K35+N35+Q35+T35+W35+Z35+AC35+AF35+AI35+AL35 | AP35: =F35+I35+L35+O35+R35+U35+X35+AA35+AD35+AG35+AJ35+AM35 | AQ35: =G35+J35+M35+P35+S35+V35+Y35+AB35+AE35+AH35+AK35+AN35 | AR35: =+AP35/12 | AS35: =+AQ35/12 | AY35: =AX35*$C35 | BB35: =BA35*$C35 | BE35: =BD35*$C35 | BH35: =BG35*$C35 | BK35: =BJ35*$C35 | BN35: =BM35*C35 | BQ35: =BP35*C35 | BT35: =BS35*C35 | BW35: =BV35*C35 | BZ35: =BY35*C35 | CC35: =CB35*C35 | CD35: =AT35+AW35+AZ35+BC35+BF35+BI35+BL35+BO35+BR35+BU35+BX35+CA35 | CE35: =AU35+AX35+BA35+BD35+BG35+BJ35+BM35+BP35+BS35+BV35+BY35+CB35 | CF35: =AV35+AY35+BB35+BE35+BH35+BK35+BN35+BQ35+BT35+BW35+BZ35+CC35 | CG35: =+CE35/12 | CH35: =+CF35/12 | CK35: =CJ35*C35 | CN35: =CM35*C35 | DS35: =CI35+CL35+CO35+CR35+CU35+CX35+DA35+DD35+DG35+DJ35+DM35+DP35 | DT35: =CJ35+CM35+CP35+CS35+CV35+CY35+DB35+DE35+DH35+DK35+DN35+DQ35 | DU35: =CK35+CN35+CQ35+CT35+CW35+CZ35+DC35+DF35+DI35+DL35+DO35+DR35
A36: 29 | B36: ဇေယျဝတီ Smooth (စိမ်း) | C36: 0.7 | D36: 1 * 12 | G36: =F36*$C36 | J36: =I36*$C36 | M36: =L36*$C36 | P36: =O36*$C36 | S36: =R36*$C36 | V36: =U36*$C36 | Y36: =X36*$C36 | AB36: =AA36*$C36 | AE36: =AD36*$C36 | AH36: =AG36*$C36 | AK36: =AJ36*$C36 | AN36: =AM36*$C36 | AO36: =E36+H36+K36+N36+Q36+T36+W36+Z36+AC36+AF36+AI36+AL36 | AP36: =F36+I36+L36+O36+R36+U36+X36+AA36+AD36+AG36+AJ36+AM36 | AQ36: =G36+J36+M36+P36+S36+V36+Y36+AB36+AE36+AH36+AK36+AN36 | AR36: =+AP36/12 | AS36: =+AQ36/12 | AY36: =AX36*$C36 | BB36: =BA36*$C36 | BE36: =BD36*$C36 | BH36: =BG36*$C36 | BK36: =BJ36*$C36 | BN36: =BM36*C36 | BQ36: =BP36*C36 | BT36: =BS36*C36 | BW36: =BV36*C36 | BZ36: =BY36*C36 | CC36: =CB36*C36 | CD36: =AT36+AW36+AZ36+BC36+BF36+BI36+BL36+BO36+BR36+BU36+BX36+CA36 | CE36: =AU36+AX36+BA36+BD36+BG36+BJ36+BM36+BP36+BS36+BV36+BY36+CB36 | CF36: =AV36+AY36+BB36+BE36+BH36+BK36+BN36+BQ36+BT36+BW36+BZ36+CC36 | CG36: =+CE36/12 | CH36: =+CF36/12 | CK36: =CJ36*C36 | CN36: =CM36*C36 | DS36: =CI36+CL36+CO36+CR36+CU36+CX36+DA36+DD36+DG36+DJ36+DM36+DP36 | DT36: =CJ36+CM36+CP36+CS36+CV36+CY36+DB36+DE36+DH36+DK36+DN36+DQ36 | DU36: =CK36+CN36+CQ36+CT36+CW36+CZ36+DC36+DF36+DI36+DL36+DO36+DR36
A37: 30 | B37: Zayawaddy Red | C37: 0.7 | D37: 1 * 12 | E37: 20 | F37: 240 | G37: =F37*$C37 | H37: 15 | I37: 180 | J37: =I37*$C37 | K37: 20 | L37: 240 | M37: =L37*$C37 | N37: 20 | O37: 240 | P37: =O37*$C37 | Q37: 25 | R37: 300 | S37: =R37*$C37 | T37: 15 | U37: 180 | V37: =U37*$C37 | W37: 40 | X37: 480 | Y37: =X37*$C37 | Z37: 20 | AA37: 240 | AB37: =AA37*$C37 | AC37: 20 | AD37: 240 | AE37: =AD37*$C37 | AF37: 20 | AG37: 240 | AH37: =AG37*$C37 | AI37: 20 | AJ37: 240 | AK37: =AJ37*$C37 | AL37: 25 | AM37: 300 | AN37: =AM37*$C37 | AO37: =E37+H37+K37+N37+Q37+T37+W37+Z37+AC37+AF37+AI37+AL37 | AP37: =F37+I37+L37+O37+R37+U37+X37+AA37+AD37+AG37+AJ37+AM37 | AQ37: =G37+J37+M37+P37+S37+V37+Y37+AB37+AE37+AH37+AK37+AN37 | AR37: =+AP37/12 | AS37: =+AQ37/12 | AT37: 45 | AU37: 540 | AV37: 378 | AW37: 25 | AX37: 300 | AY37: 210 | AZ37: 15 | BA37: 180 | BB37: =BA37*$C37 | BC37: 10 | BD37: 120 | BE37: =BD37*$C37 | BF37: 5 | BG37: 60 | BH37: =BG37*$C37 | BI37: 5 | BJ37: 60 | BK37: =BJ37*$C37 | BL37: 5 | BM37: 60 | BN37: =BM37*C37 | BQ37: =BP37*C37 | BR37: 5 | BS37: 60 | BT37: =BS37*C37 | BU37: 5 | BV37: 60 | BW37: =BV37*C37 | BZ37: =BY37*C37 | CA37: 5 | CB37: 60 | CC37: =CB37*C37 | CD37: =AT37+AW37+AZ37+BC37+BF37+BI37+BL37+BO37+BR37+BU37+BX37+CA37 | CE37: =AU37+AX37+BA37+BD37+BG37+BJ37+BM37+BP37+BS37+BV37+BY37+CB37 | CF37: =AV37+AY37+BB37+BE37+BH37+BK37+BN37+BQ37+BT37+BW37+BZ37+CC37 | CG37: =+CE37/12 | CH37: =+CF37/12 | CK37: =CJ37*C37 | CN37: =CM37*C37 | DS37: =CI37+CL37+CO37+CR37+CU37+CX37+DA37+DD37+DG37+DJ37+DM37+DP37 | DT37: =CJ37+CM37+CP37+CS37+CV37+CY37+DB37+DE37+DH37+DK37+DN37+DQ37 | DU37: =CK37+CN37+CQ37+CT37+CW37+CZ37+DC37+DF37+DI37+DL37+DO37+DR37
A38: 31 | B38: Zeyawaddy Rum (43%) | C38: 0.68 | D38: 1 * 12 | G38: =F38*$C38 | J38: =I38*$C38 | K38: 1 | L38: 24 | M38: =L38*$C38 | P38: =O38*$C38 | Q38: 4 | R38: 48 | S38: =R38*$C38 | V38: =U38*$C38 | W38: 2 | X38: 24 | Y38: =X38*$C38 | Z38: 4 | AA38: 48 | AB38: =AA38*$C38 | AC38: 16 | AD38: 192 | AE38: =AD38*$C38 | AF38: 9 | AG38: 112 | AH38: =AG38*$C38 | AK38: =AJ38*$C38 | AN38: =AM38*$C38 | AO38: =E38+H38+K38+N38+Q38+T38+W38+Z38+AC38+AF38+AI38+AL38 | AP38: =F38+I38+L38+O38+R38+U38+X38+AA38+AD38+AG38+AJ38+AM38 | AQ38: =G38+J38+M38+P38+S38+V38+Y38+AB38+AE38+AH38+AK38+AN38 | AR38: =+AP38/12 | AS38: =+AQ38/12 | AY38: =AX38*$C38 | BB38: =BA38*$C38 | BE38: =BD38*$C38 | BH38: =BG38*$C38 | BK38: =BJ38*$C38 | BN38: =BM38*C38 | BQ38: =BP38*C38 | BT38: =BS38*C38 | BW38: =BV38*C38 | BZ38: =BY38*C38 | CC38: =CB38*C38 | CD38: =AT38+AW38+AZ38+BC38+BF38+BI38+BL38+BO38+BR38+BU38+BX38+CA38 | CE38: =AU38+AX38+BA38+BD38+BG38+BJ38+BM38+BP38+BS38+BV38+BY38+CB38 | CF38: =AV38+AY38+BB38+BE38+BH38+BK38+BN38+BQ38+BT38+BW38+BZ38+CC38 | CG38: =+CE38/12 | CH38: =+CF38/12 | CK38: =CJ38*C38 | CN38: =CM38*C38 | DS38: =CI38+CL38+CO38+CR38+CU38+CX38+DA38+DD38+DG38+DJ38+DM38+DP38 | DT38: =CJ38+CM38+CP38+CS38+CV38+CY38+DB38+DE38+DH38+DK38+DN38+DQ38 | DU38: =CK38+CN38+CQ38+CT38+CW38+CZ38+DC38+DF38+DI38+DL38+DO38+DR38
